topic0,signature,protocol,source_url,verified_example_tx,example_emitter,example_block,verification_note
0xd78ad95fa46c994b6551d0da85fc275fe613ce37657fb8d5e3d130840159d822,"Swap(address,uint256,uint256,uint256,uint256,address)","Uniswap V2 pair / PancakeSwap V2 pair / V2 forks (Biswap, BabySwap, ApeSwap, MDEX, Thena V1 pairs etc.)",https://github.com/Uniswap/v2-core/blob/master/contracts/interfaces/IUniswapV2Pair.sol ; https://github.com/pancakeswap/pancake-swap-core/blob/master/contracts/interfaces/IPancakePair.sol ; https://github.com/ThenafiBNB/THENA-Contracts/blob/main/contracts/Pair.sol,0x29b6b71bdcf2da8c579ad5136d9d6d2aa597db53d15107ce5d10749760a48b2f,0xc974ac558c4a1360cf2534359b66898ad8b56c30,124968311,first log with this topic0 in census window (raw chunks)
0xc42079f94a6350d7e6235f29174924f928cc2ac818eb64fed8004e115fbcca67,"Swap(address,address,int256,int256,uint160,uint128,int24)",Uniswap V3 pool / Algebra V1 (e.g. THENA Fusion) / KyberSwap Elastic (same type list),https://github.com/Uniswap/v3-core/blob/main/contracts/interfaces/pool/IUniswapV3PoolEvents.sol ; https://github.com/cryptoalgebra/AlgebraV1/blob/master/src/core/contracts/interfaces/pool/IAlgebraPoolEvents.sol ; https://github.com/KyberNetwork/ks-elastic-sc/blob/main/contracts/interfaces/pool/IPoolEvents.sol,0x92e286dd4287a692ae5c69f65921478917664010d214dbfc6c68f68a562cac70,0x6a41179d270446ca0968baba9f5c64acefb91e50,124968312,first log with this topic0 in census window (raw chunks)
0x19b47279256b2a23a1665c810c8d55a1758940ee09377d4f8d26497a3577dc83,"Swap(address,address,int256,int256,uint160,uint128,int24,uint128,uint128)",PancakeSwap V3 pool,https://github.com/pancakeswap/pancake-v3-contracts/blob/main/projects/v3-core/contracts/interfaces/pool/IPancakeV3PoolEvents.sol,0xbf36e5254f1d8536a4bdb266b1b787c6880284b7f3db4d9323c14606818ed7a4,0x57cf8c65fd1e2b44ea9e8f8ea0784ac6d0b60624,124968311,first log with this topic0 in census window (raw chunks)
0xb3e2773606abfd36b5bd91394b3a54d1398336c65005baf7bf7a05efeffaf75b,"Swap(address,address,uint256,uint256,uint256,uint256)",Velodrome/Aerodrome/Solidly V2-style pool,https://github.com/velodrome-finance/contracts/blob/main/contracts/interfaces/IPool.sol,0xa40d4b6c135952c3f83295558b595ef0a8f149a835d4dd1670974400ac621042,0xebb280bc4ccb9ad662f7a8563fae91d13182105c,124968999,first log with this topic0 in census window (raw chunks)
0x40e9cecb9f5f1f1c5b9c97dec2917b7ee92e57ba5563708daca94dd84ad7112f,"Swap(bytes32,address,int128,int128,uint160,uint128,int24,uint24)",Uniswap V4 PoolManager (BSC PoolManager per Uniswap docs: 0x28e2ea090877bf75740558f6bfb36a5ffee9e9df),https://github.com/Uniswap/v4-core/blob/main/src/interfaces/IPoolManager.sol ; https://docs.uniswap.org/contracts/v4/deployments,0x5632351d087cc24800d6ad06e3cbabe06fd6df76e2120f8982e488518b46561e,0x28e2ea090877bf75740558f6bfb36a5ffee9e9df,124968312,first log with this topic0 in census window (raw chunks)
0x2170c741c41531aec20e7c107c24eecfdd15e69c9bb0a8dd37b1840b9e0b207b,"Swap(bytes32,address,address,uint256,uint256)",Balancer V2 Vault (and forks emitting the identical event; BSC emitter is not the canonical 0xba12222222228d8ba445958a75a0704d566bf2c8 Vault address),https://github.com/balancer/balancer-v2-monorepo/blob/master/pkg/interfaces/contracts/vault/IVault.sol,0x1e12ac74e039848012d8df5b50456e6e53d4d1d4a58ed4d2f32021cdd8976a58,0xa82f327bbbf0667356d2935c6532d164b06ceced,124971098,first log with this topic0 in census window (raw chunks)
0x0874b2d545cb271cdbda4e093020c452328b24af12382ed62c4d00f5c26709db,"Swap(address,address,address,uint256,uint256,uint256,uint256)",Balancer V3 Vault,https://github.com/balancer/balancer-v3-monorepo/blob/main/pkg/interfaces/contracts/vault/IVaultEvents.sol,,,,no log with this topic0 in census window blocks 124968311-124976310; topic0 computed with cast keccak only (unverified on BSC)
0x8b3e96f2b889fa771c53c981b40daf005f63f637f1869f707052d15a3dd97140,"TokenExchange(address,int128,uint256,int128,uint256)",Curve StableSwap (int128 index) / Ellipsis (Curve fork on BSC),https://github.com/curvefi/curve-contract/blob/master/contracts/pools/3pool/StableSwap3Pool.vy,0x424973558ed5fa519fe3cd56ba9113d13dd29efa7e3937d8f62988a36e75565d,0xa5e0e46462970c9ee8c2ecadcde254c483748ec4,124968557,first log with this topic0 in census window (raw chunks)
0xb2e76ae99761dc136e598d4a629bb347eccb9532a5f8bbd72e18467c3c34cc98,"TokenExchange(address,uint256,uint256,uint256,uint256)",Curve CryptoSwap / StableSwap-NG (uint256 index) / PancakeSwap StableSwap (same type list),https://github.com/curvefi/curve-crypto-contract/blob/master/contracts/tricrypto/CurveCryptoSwap.vy,0x1bf80a41595dfad6d33da70690592b2ab159e3b5826b1b74002a24a10c31dcb0,0x3efebc418efb585248a0d2140cfb87afcc2c63dd,124968328,first log with this topic0 in census window (raw chunks)
0x143f1f8e861fbdeddd5b46e844b7d3ac7b86a122f36e8c463859ee6811b1f29c,"TokenExchange(address,uint256,uint256,uint256,uint256,uint256,uint256)",Curve tricrypto-ng / twocrypto-ng,https://github.com/curvefi/tricrypto-ng/blob/main/contracts/main/CurveTricryptoOptimizedWETH.vy,,,,no log with this topic0 in census window blocks 124968311-124976310; topic0 computed with cast keccak only (unverified on BSC)
0xd013ca23e77a65003c2c659c5442c00c805371b7fc1ebd4c206c41d1536bd90b,"TokenExchangeUnderlying(address,int128,uint256,int128,uint256)",Curve metapool / Ellipsis metapool,https://github.com/curvefi/curve-contract/blob/master/contracts/pool-templates/meta/SwapTemplateMeta.vy,,,,no log with this topic0 in census window blocks 124968311-124976310; topic0 computed with cast keccak only (unverified on BSC)
0x04206ad2b7c0f463bff3dd4f33c5735b0f2957a351e4f79763a4fa9e775dd237,"Swap(bytes32,address,int128,int128,uint160,uint128,int24,uint24,uint16)",PancakeSwap Infinity CLPoolManager (concentrated liquidity),https://github.com/pancakeswap/infinity-core/blob/main/src/pool-cl/interfaces/ICLPoolManager.sol,0x29b6b71bdcf2da8c579ad5136d9d6d2aa597db53d15107ce5d10749760a48b2f,0xa0ffb9c1ce1fe56963b0321b32e7a0302114058b,124968311,first log with this topic0 in census window (raw chunks)
0x3e8aae37f890eb1f9d63dd4d2062f3f0be757848a0f0760e4f3e53dad556e861,"Swap(bytes32,address,int128,int128,uint24,uint24,uint16)",PancakeSwap Infinity BinPoolManager (liquidity book),https://github.com/pancakeswap/infinity-core/blob/main/src/pool-bin/interfaces/IBinPoolManager.sol,0x0b43a0e30e631f2ad7f21cf04cae64f303d8b7e2be7f58615ce953f3a01f81b7,0xc697d2898e0d09264376196696c51d7abbbaa4a9,124968333,first log with this topic0 in census window (raw chunks)
0x121cb44ee54098b1a04743c487e7460d8dd429b27f88b1f4d4767396e1a59f79,"Swap(address,address,int256,int256,uint160,uint128,int24,uint24,uint24)",Algebra Integral pool (e.g. THENA V3.3 / other Algebra Integral deployments),https://github.com/cryptoalgebra/Algebra/blob/master/src/core/contracts/interfaces/pool/IAlgebraPoolEvents.sol,0x97cda54be75cb8e983f406524dd9b50fa5deec2777e999a4ce36c1a7dace07fc,0x77fb3168b0a8077fe518493710242faf3631a05b,124968376,first log with this topic0 in census window (raw chunks)
0xc2c0245e056d5fb095f04cd6373bc770802ebd1e6c918eb78fdef843cdb37b0f,"DODOSwap(address,address,uint256,uint256,address,address)",DODO V2 (DVM/DPP/DSP pools),https://github.com/DODOEX/contractV2/blob/main/contracts/DODOVendingMachine/impl/DVMTrader.sol,0xbcdc51b457f8e4cd38528e881ca2752b3fb3a59f0aecdd1b9994df76df9125e7,0xc335be3f920c50335b7327fe86f8ff5e375272cb,124968402,first log with this topic0 in census window (raw chunks)
0xd8648b6ac54162763c86fd54bf2005af8ecd2f9cb273a5775921fd7f91e17b2d,"SellBaseToken(address,uint256,uint256)",DODO V1 pool,https://github.com/DODOEX/dodo-smart-contract/blob/master/contracts/impl/Trader.sol,,,,no log with this topic0 in census window blocks 124968311-124976310; topic0 computed with cast keccak only (unverified on BSC)
0xe93ad76094f247c0dafc1c61adc2187de1ac2738f7a3b49cb20b2263420251a3,"BuyBaseToken(address,uint256,uint256)",DODO V1 pool,https://github.com/DODOEX/dodo-smart-contract/blob/master/contracts/impl/Trader.sol,0x407446d900393adbb1411fb1541599027597924717c9f4e3ad7d441f6b5a87d6,0xbe60d4c4250438344bec816ec2dec99925deb4c7,124970342,first log with this topic0 in census window (raw chunks)
0xad7d6f97abf51ce18e17a38f4d70e975be9c0708474987bb3e26ad21bd93ca70,"Swap(address,address,uint24,bytes32,bytes32,uint24,bytes32,bytes32)",Trader Joe Liquidity Book v2.1/v2.2 pair,https://github.com/traderjoe-xyz/joe-v2/blob/main/src/interfaces/ILBPair.sol,,,,no log with this topic0 in census window blocks 124968311-124976310; topic0 computed with cast keccak only (unverified on BSC)
0x54787c404bb33c88e86f4baf88183a3b0141d0a848e6a9f7a13b66ae3a9b73d1,"Swap(address,address,address,uint256,uint256,address)",Wombat Exchange pool,https://github.com/wombat-exchange/v1-core/blob/master/contracts/wombat-core/pool/Pool.sol,0x16ed0a70d7ec052ce2dbddea170c2975f717160be68d5e1eccd1f21a8b5e4caf,0x0520451b19ad0bb00ed35ef391086a692cfc74b2,124968843,first log with this topic0 in census window (raw chunks)
0x0e8e403c2d36126272b08c75823e988381d9dc47f2f0a9a080d95f891d95c469,"WooSwap(address,address,uint256,uint256,address,address,address,uint256,uint256)",WOOFi WooPPV2,https://github.com/woonetwork/WooPoolV2/blob/main/contracts/interfaces/IWooPPV2.sol,0x5b56dbf25c2b117bb60bd4c70e04fedec7ed372a841a79d254e975ca0a57fef3,0x5520385bfcf07ec87c4c53a7d8d65595dff69fa4,124968780,first log with this topic0 in census window (raw chunks)
0x3b841dc9ab51e3104bda4f61b41e4271192d22cd19da5ee6e292dc8e2744f713,"Swap(address,address,bool,bool,uint256,uint256,int32)",Maverick V1 pool,https://api.openchain.xyz/signature-database/v1/lookup?event=0x3b841dc9ab51e3104bda4f61b41e4271192d22cd19da5ee6e292dc8e2744f713 (Maverick V1 IPool source repo not reachable at fetch time),0x624f6d7bcf2cb4cc2c46db9e218d30fe39f4f09375a78fd48f5b672618e5e929,0x16b59c90561d93afffc2e489937ed4da7668d9ff,124968312,first log with this topic0 in census window (raw chunks)
0x103ed084e94a44c8f5f6ba8e3011507c41063177e29949083c439777d8d63f60,"PoolSwap(address,address,(uint256,bool,bool,int32),uint256,uint256)",Maverick V2 pool,https://github.com/maverickprotocol/v2-common/blob/main/contracts/interfaces/IMaverickV2Pool.sol,0x6d31f6a30f4051f32525b1e5342ac51792a63856467f77ec53a2fe01bd2892ca,0x0843924689e0451885633c31cd135658e2ec3eea,124968606,first log with this topic0 in census window (raw chunks)
0x0fe977d619f8172f7fdbe8bb8928ef80952817d96936509f67d66346bc4cd10f,"Swap(address,address,uint24,bool,uint256,uint256,int24)",iZiSwap (iZUMi) pool,https://github.com/izumiFinance/iZiSwap-core/blob/main/contracts/interfaces/IiZiSwapPool.sol,0xa22fdc5e1e1686ecafd4a269902901ce901cec85c2ee5f12ec57ba3a4f8d4e40,0x1ce3082de766ebfe1b4db39f616426631bbb29ac,124970269,first log with this topic0 in census window (raw chunks)
0xdc004dbca4ef9c966218431ee5d9133d337ad018dd5b5c5493722803f75c64f7,"Swap(bool,uint256,uint256,address)",Fluid DEX T1 pool,https://github.com/Instadapp/fluid-contracts-public/blob/main/contracts/protocols/dex/poolT1/coreModule/events.sol,0x960da919bb1861b4ddc8b3cf1fecfa2e6423b77a26a6a1bcc1eb67f2ee84098e,0x0b1a513ee24972daef112bc777a5610d4325c9e7,124969510,first log with this topic0 in census window (raw chunks)
0x7db52723a3b2cdd6164364b3b766e65e540d7be48ffa89582956d8eaebe62942,"TokenPurchase(address,address,uint256,uint256,uint256,uint256,uint256,uint256)",Four.meme TokenManager2 bonding-curve buy (TokenManager2 0x5c952063c7fc8610ffdb798152d69f0b9550762b),https://github.com/four-meme-community/fourmeme-docs/blob/5f7f589b042e4e3b41c2c214d0fe3a81b36725a9/contracts/interfaces/ITokenManager2.sol,0xb75e658f4389a59453a253be148ac9c5a7b13484826ede8469daccc37366c663,0x5c952063c7fc8610ffdb798152d69f0b9550762b,124968363,first log with this topic0 in census window (raw chunks)
0x0a5575b3648bae2210cee56bf33254cc1ddfbc7bf637c0af2ac18b14fb1bae19,"TokenSale(address,address,uint256,uint256,uint256,uint256,uint256,uint256)",Four.meme TokenManager2 bonding-curve sell,https://github.com/four-meme-community/fourmeme-docs/blob/5f7f589b042e4e3b41c2c214d0fe3a81b36725a9/contracts/interfaces/ITokenManager2.sol,0x628d9fbfd24f0a186ad468dc95d481953db478fd640f901803c992d074b1d4db,0x5c952063c7fc8610ffdb798152d69f0b9550762b,124968402,first log with this topic0 in census window (raw chunks)
0xa800a2038683844fac66747f771bfdfae862eb28b16bcfa387afa9fbacce8ff7,"TokenBought(uint256,address,address,uint256,uint256,uint256,uint256)",Flap Portal bonding-curve buy (Portal 0xe2ce6ab80874fa9fa2aae65d277dd6b8e65c9de0),https://docs.flap.sh/flap/developers/wallet-and-terminal-and-bot-developers/trade-tokens.md,0xaa98cef6295d509a1b71516b810c7fe6008d51a296865409d258f32ed12d8e0c,0xe2ce6ab80874fa9fa2aae65d277dd6b8e65c9de0,124968315,first log with this topic0 in census window (raw chunks)
0x03a4693e592f5e75dc7c136acb39b146d2b4966c0e509c34f362dee02b3b861a,"TokenSold(uint256,address,address,uint256,uint256,uint256,uint256)",Flap Portal bonding-curve sell,https://docs.flap.sh/flap/developers/wallet-and-terminal-and-bot-developers/trade-tokens.md,0x2f520de9e84411e17fdc461991fd95ef881f052bec8c603cf85d3599098f07da,0xe2ce6ab80874fa9fa2aae65d277dd6b8e65c9de0,124968333,first log with this topic0 in census window (raw chunks)
