token,price_native,decimals,confidence
0x000000000000000000000000000000000000800a,1.0020274268379041,18,0.99
0x0709f39376deee2a2dfc94a58edeb2eb9df012bd,0.00037144110509302914,6,0.99
0x1c26da604221466976beeb509698152ba8a3a13f,6.131902322069018e-10,18,0.99
0x3439153eb7af838ad19d56e1571fbd09333c2809,0.9986365526576226,18,0.99
0x4c68e4102c0f120cce9f08625bd12079806b7c4d,7.785584208576223e-08,18,0.99
0x52629ddbf28aa01aa22b994ec9c80273e4eb5b0a,3.2573991634943056e-08,18,0.99
0x84a71ccd554cc1b02749b35d22f684cc8ec987e1,0.00037152780730496525,6,0.99
0x92aba186c85b5afeb3a2cedc8772ae8638f1b565,0.002063203209884285,18,0.99
0x987cf44f3f5d854ec0703123d7fd003a8b56ebb4,4.2333527110466786e-08,18,0.99
0x9ebe3a824ca958e4b3da772d2065518f009cba62,3.671926451132028e-06,18,0.99
0xa8726bd058bea1973b61a9bc2a5e0e605b797307,1.0485923942094943,18,0.99
0xa9053dc939d74222f7aa0b3a2be407abbfd56c6a,1.0014482755257838e-05,18,0.99
0xc325b7e2736a5202bd860f5974d0aa375e57ede5,3.9923931276287764e-07,18,0.99
0xd045e0686a784e272e651fc2c08324edabe7403a,1.971335060328061e-08,18,0.99
0xdf70075737e9f96b078ab4461eee3e055e061223,9.215388285414535e-06,18,0.99
