topic0,signature,protocol,source_url,verified_example_tx,verified_example_block,verified_example_emitter,verified_example_log_index,verification_method,census_first_seen_tx,census_first_seen_block,census_first_seen_emitter
0xd78ad95fa46c994b6551d0da85fc275fe613ce37657fb8d5e3d130840159d822,"Swap(address,uint256,uint256,uint256,uint256,address)","Uniswap V2 and forks (SushiSwap V2, BaseSwap, SwapBased, Solidly V1-style)",https://github.com/Uniswap/v2-core/blob/master/contracts/interfaces/IUniswapV2Pair.sol,0x0df3c9695f2abdc7d973379eafc50e26ddbcd1e3980f34d81505b296a5c77e09,52007494,0xfd077a6f294685b497cb32dd0c6e1fc79fb2278b,320,blockscout getLogs topic0 window 52006825-52007824 (head pinned 52007824); newest log re-checked in eth_getTransactionReceipt,0xe3cbafc67653bb5aabacebcae4286dd24ad8b3b7da7b619836dd9657d96c03d4,51995609,0x0c3b466104545efa096b8f944c1e524e1d0d4888
0xc42079f94a6350d7e6235f29174924f928cc2ac818eb64fed8004e115fbcca67,"Swap(address,address,int256,int256,uint160,uint128,int24)","Uniswap V3 / Aerodrome Slipstream / Sushi V3 / Algebra (v1, Integral 1.0) / Kyber Elastic",https://github.com/Uniswap/v3-core/blob/main/contracts/interfaces/pool/IUniswapV3PoolEvents.sol,0xda9f3623c7ba4f0b141d7313909f47418e62cca3068107335b9853cbdc64706e,52006864,0xb7350890b00e6f12e532b5f9bd4a200fbdd991c3,263,blockscout getLogs topic0 window 52006825-52007824 (head pinned 52007824); newest log re-checked in eth_getTransactionReceipt,0x3119bd7d82b07c29425a271d94a017c487fa7016f80ffbeab68b7e5b06f9899c,51995609,0xb2cc224c1c9fee385f8ad6a55b4d94e92359dc59
0x19b47279256b2a23a1665c810c8d55a1758940ee09377d4f8d26497a3577dc83,"Swap(address,address,int256,int256,uint160,uint128,int24,uint128,uint128)",PancakeSwap V3,https://github.com/pancakeswap/pancake-v3-contracts/blob/main/projects/v3-core/contracts/interfaces/pool/IPancakeV3PoolEvents.sol,0xd0a0592efe8870cec9f52a3e1917bed44581c0e3644fd2070436ce2275d804c0,52007306,0x20cb8f872ae894f7c9e32e621c186e5afce82fd0,583,blockscout getLogs topic0 window 52006825-52007824 (head pinned 52007824); newest log re-checked in eth_getTransactionReceipt,0x29d6078cc7b56ffb7721a7f376ed42f15e49977176abcf0e5c1830efa134ffa3,51995610,0x72ab388e2e2f6facef59e3c3fa2c4e29011c2d38
0xb3e2773606abfd36b5bd91394b3a54d1398336c65005baf7bf7a05efeffaf75b,"Swap(address,address,uint256,uint256,uint256,uint256)",Aerodrome / Velodrome V2 (Solidly V2-style),https://github.com/aerodrome-finance/contracts/blob/main/contracts/interfaces/IPool.sol,0x96a04f389806d0d4b28d6e23b150d0ea4324b1e8aed2b6a120fd8480b15e960f,52007721,0xae37030302643ee121dfa50e76b27b90fac9e872,217,blockscout getLogs topic0 window 52006825-52007824 (head pinned 52007824); newest log re-checked in eth_getTransactionReceipt,0x5685cb2fff6c2310bbf74f98a04b1b7a82a6d94045cd910b3eabc15e6713cfec,51995609,0xf65d8d39f5e2b85ccd34e6a74f09cea922d3ede1
0x40e9cecb9f5f1f1c5b9c97dec2917b7ee92e57ba5563708daca94dd84ad7112f,"Swap(bytes32,address,int128,int128,uint160,uint128,int24,uint24)",Uniswap V4 PoolManager,https://github.com/Uniswap/v4-core/blob/main/src/interfaces/IPoolManager.sol,0xe85c55e5336b58b519e597459b17f7fb16fc8aee7328de3ed4753a016197b8c3,52006953,0x498581ff718922c3f8e6a244956af099b2652b2b,410,blockscout getLogs topic0 window 52006825-52007824 (head pinned 52007824); newest log re-checked in eth_getTransactionReceipt,0x4c867a326f7921afdbe5eba076e5bf433d10f1549cc9c3614007f22be4bdec31,51995609,0x498581ff718922c3f8e6a244956af099b2652b2b
0x2170c741c41531aec20e7c107c24eecfdd15e69c9bb0a8dd37b1840b9e0b207b,"Swap(bytes32,address,address,uint256,uint256)",Balancer V2 Vault,https://github.com/balancer/balancer-v2-monorepo/blob/master/pkg/interfaces/contracts/vault/IVault.sol,0x31fa786d86f5392b43202772f0b1bc71ffe29abe4fa70f8fe1d4e9326343e04f,52007713,0xba12222222228d8ba445958a75a0704d566bf2c8,600,blockscout getLogs topic0 window 52006825-52007824 (head pinned 52007824); newest log re-checked in eth_getTransactionReceipt,0x381fc248b277586a77644654cf2891cf6f620a15526891a229e1b032aa238031,51996058,0xba12222222228d8ba445958a75a0704d566bf2c8
0x0874b2d545cb271cdbda4e093020c452328b24af12382ed62c4d00f5c26709db,"Swap(address,address,address,uint256,uint256,uint256,uint256)",Balancer V3 Vault,https://github.com/balancer/balancer-v3-monorepo/blob/main/pkg/interfaces/contracts/vault/IVaultEvents.sol,0x699de7a0799613916f21029ff719cb7d31ab8c15e13d7e12d5c7f74114d79350,52007735,0xba1333333333a1ba1108e8412f11850a5c319ba9,764,blockscout getLogs topic0 window 52006825-52007824 (head pinned 52007824); newest log re-checked in eth_getTransactionReceipt,0x95b612d6e64bb4c0f5c568e889265163519ea779c3a6c993f3846e27e1077d65,51995619,0xba1333333333a1ba1108e8412f11850a5c319ba9
0x8b3e96f2b889fa771c53c981b40daf005f63f637f1869f707052d15a3dd97140,"TokenExchange(address,int128,uint256,int128,uint256)",Curve StableSwap / StableSwap-NG (int128 indices),https://github.com/curvefi/stableswap-ng/blob/main/contracts/main/CurveStableSwapNG.vy,0x41ac99f8b68b53a787afa33875fc62bd2431af590d173b3fa59293d1be625342,52007810,0xfac15a759d0f887bc7f5ab874491258cf6ec8ace,610,blockscout getLogs topic0 window 52006825-52007824 (head pinned 52007824); newest log re-checked in eth_getTransactionReceipt,0xc06544587c87fb39789a83b87bda2616312a77ec04f2ae41f29095022fd24084,51995639,0x729c4fbb51e678c597bd103a30e903eceef87484
0xb2e76ae99761dc136e598d4a629bb347eccb9532a5f8bbd72e18467c3c34cc98,"TokenExchange(address,uint256,uint256,uint256,uint256)",Curve CryptoSwap v2 (uint256 indices),https://github.com/curvefi/curve-crypto-contract/blob/master/contracts/two/CurveCryptoSwap2ETH.vy,0xb0f94a9711f4f678c442a3dab9c696c78d2835f9897bd62890ac752ed307b21d,52007278,0xde37e221442fa15c35dc19fbae11ed106ba52fb2,841,blockscout getLogs topic0 window 52006825-52007824 (head pinned 52007824); newest log re-checked in eth_getTransactionReceipt,0x0d294c9ed23d14bb627acbd51a6d45a4f256d1154f53ab88cc5f9fb8380c0551,51996490,0xde37e221442fa15c35dc19fbae11ed106ba52fb2
0x143f1f8e861fbdeddd5b46e844b7d3ac7b86a122f36e8c463859ee6811b1f29c,"TokenExchange(address,uint256,uint256,uint256,uint256,uint256,uint256)","Curve Tricrypto-NG / Twocrypto-NG (uint256 indices, fee, packed_price_scale)",https://github.com/curvefi/twocrypto-ng/blob/main/contracts/main/CurveTwocryptoOptimized.vy,0x5f4f833e6d9ab34747a052d531cec742375f573aed92140cc7b67794b0b8b118,52007577,0xdecb02dbb077a21c91ca122b97fec756c1bbbb04,324,blockscout getLogs topic0 window 52006825-52007824 (head pinned 52007824); newest log re-checked in eth_getTransactionReceipt,0xbbb78c1740d966c094bd5828c4c760f7caf86fb397b652dcdabd5959ce65f997,51995861,0xf96a0ec41ae502d2bc58b7d5838ed39a33ae1d9f
0xd013ca23e77a65003c2c659c5442c00c805371b7fc1ebd4c206c41d1536bd90b,"TokenExchangeUnderlying(address,int128,uint256,int128,uint256)",Curve metapool / lending pool TokenExchangeUnderlying,https://github.com/curvefi/stableswap-ng/blob/main/contracts/main/CurveStableSwapMetaNG.vy,,,,,"no log found; blockscout windows searched: 51507825-52007824, 42007825-52007824; failed: 52006825-52007824 failed, 51991825-52007824 failed",,,
0x103ed084e94a44c8f5f6ba8e3011507c41063177e29949083c439777d8d63f60,"PoolSwap(address,address,(uint256,bool,bool,int32),uint256,uint256)",Maverick V2 pool,https://github.com/maverickprotocol/v2-common (IMaverickV2Pool.PoolSwap),0x0ed1b2ad6011b1b2e875e69b7b80c5ab54655c3f25f09e429330938ef6f77bff,52007801,0xdeac3451b21038b89476ea60c8bb21bdfe97995e,367,blockscout getLogs topic0 window 52006825-52007824 (head pinned 52007824); newest log re-checked in eth_getTransactionReceipt,0xf0f17b495240a0d04d20d9205b8ef63c9b0b7e93b650bd7d9e4b824c0a91a020,51995609,0xb6e91d9b24092d6cf422c37aff8ccaa9f95abe4e
0x3b841dc9ab51e3104bda4f61b41e4271192d22cd19da5ee6e292dc8e2744f713,"Swap(address,address,bool,bool,uint256,uint256,int32)",Maverick V1 pool,https://docs.mav.xyz (Maverick V1 IPool.Swap),0x035f0ac248897c9070ce93f9b53bba2429b60d76643e75fafad50f53a85a2ed2,52007740,0xbb8b2da5db110ad625270061e81987ce342677c3,1008,blockscout getLogs topic0 window 52006825-52007824 (head pinned 52007824); newest log re-checked in eth_getTransactionReceipt,0xfbf0192ed06c994c42332f6ed8f4d37536449061228542ea51de6d066c38271a,51995636,0xbb8b2da5db110ad625270061e81987ce342677c3
0xad7d6f97abf51ce18e17a38f4d70e975be9c0708474987bb3e26ad21bd93ca70,"Swap(address,address,uint24,bytes32,bytes32,uint24,bytes32,bytes32)",Trader Joe Liquidity Book v2.1/v2.2 pair,https://github.com/traderjoe-xyz/joe-v2/blob/main/src/interfaces/ILBPair.sol,0x7c74a3f5cd4077cf5cb629b736f81559cf4fe99969bca6399e3d601a4d4d5658,52007093,0x14ec8e1c2e57b2540841fd2c1d987cf611bc165d,706,blockscout getLogs topic0 window 52006825-52007824 (head pinned 52007824); newest log re-checked in eth_getTransactionReceipt,0x0ca795cc303e082fbf6476005156f2be39d1565ba76c114a95b506f71f959eb0,51996439,0x14ec8e1c2e57b2540841fd2c1d987cf611bc165d
0xc2c0245e056d5fb095f04cd6373bc770802ebd1e6c918eb78fdef843cdb37b0f,"DODOSwap(address,address,uint256,uint256,address,address)",DODO V2 (DVM/DPP/DSP),https://github.com/DODOEX/contractV2/blob/main/contracts/DODOVendingMachine/impl/DVMTrader.sol,0x09de6808334f7d907848e04a8f6b21d87a81adc5b8fe2e4d3e9728f40a170728,52006699,0x73543879fda6f4ca837d409b08622d3f172045f5,339,blockscout getLogs topic0 window 51991825-52007824 (head pinned 52007824); newest log re-checked in eth_getTransactionReceipt,0xa700c08174351ab0ccfd6cd21a6d8e9b81cb95147de8b3a067e00ecec9ddb954,51995628,0x73543879fda6f4ca837d409b08622d3f172045f5
0x0e8e403c2d36126272b08c75823e988381d9dc47f2f0a9a080d95f891d95c469,"WooSwap(address,address,uint256,uint256,address,address,address,uint256,uint256)",WOOFi WooPPV2,https://github.com/woonetwork/WooPoolV2/blob/main/contracts/interfaces/IWooPPV2.sol,0x97c6ddbe5ea78c3da4f687e251e09c590fb44d207f9403dfe497ca123356e8f9,52007774,0x5520385bfcf07ec87c4c53a7d8d65595dff69fa4,274,blockscout getLogs topic0 window 52006825-52007824 (head pinned 52007824); newest log re-checked in eth_getTransactionReceipt,0x35001848787ee4294703d35d6515c011527d830989b56d67489cb93fb28dad06,51995613,0x5520385bfcf07ec87c4c53a7d8d65595dff69fa4
0xdc004dbca4ef9c966218431ee5d9133d337ad018dd5b5c5493722803f75c64f7,"Swap(bool,uint256,uint256,address)",Fluid DEX (T1 pool),https://github.com/Instadapp/fluid-contracts-public/blob/main/contracts/protocols/dex/poolT1/coreModule/core/main.sol,0xae57cc56bdf6a9cda0c631294beeef8e3b8050b1e374f7a1f96557f09ef633d0,52007687,0x667701e51b4d1ca244f17c78f7ab8744b4c99f9b,346,blockscout getLogs topic0 window 52006825-52007824 (head pinned 52007824); newest log re-checked in eth_getTransactionReceipt,0xc06544587c87fb39789a83b87bda2616312a77ec04f2ae41f29095022fd24084,51995639,0x667701e51b4d1ca244f17c78f7ab8744b4c99f9b
0x121cb44ee54098b1a04743c487e7460d8dd429b27f88b1f4d4767396e1a59f79,"Swap(address,address,int256,int256,uint160,uint128,int24,uint24,uint24)","Algebra Integral v1.2+ (overrideFee, pluginFee) forks",https://github.com/cryptoalgebra/Algebra/blob/master/src/core/contracts/interfaces/pool/IAlgebraPoolEvents.sol,0x3285b5b626b7f46a79286e502ce553f3299f39a8112a997102d953b950920552,52007824,0xc3f617c8a3da6d286c8f97af946a8f293632c852,484,blockscout getLogs topic0 window 52006825-52007824 (head pinned 52007824); newest log re-checked in eth_getTransactionReceipt,0x600ce94506651186c5b62edc555649e20129c032b763df28b2cb7e34f19ebc91,51995610,0x0ba69825c4c033e72309f6ac0bde0023b15cc97c
0x0fe977d619f8172f7fdbe8bb8928ef80952817d96936509f67d66346bc4cd10f,"Swap(address,address,uint24,bool,uint256,uint256,int24)",iZiSwap pool,https://github.com/izumiFinance/iZiSwap-core/blob/main/contracts/iZiSwapPool.sol,,,,,"no log found; blockscout windows searched: none; failed: 52006825-52007824 failed, 51991825-52007824 failed, 51507825-52007824 failed, 42007825-52007824 failed",0x6cfa341458e6ce2a7c902b0053ec374a7906537c81f954dde02da17060039432,51995613,0x4cfd5ba4b8e0475d9a3cfa863e0e18ccf9d3eb25
0x95f3b01351225fea0e69a46f68b164c9dea10284f12cd4a907ce66510ab7af6a,"TokensTraded(address,address,address,uint256,uint256,uint128,bool)",Carbon DeFi (Bancor) CarbonController,https://github.com/bancorprotocol/carbon-contracts/blob/main/contracts/carbon/CarbonController.sol,0xa6087a6c2af7c9b937817f5c2ee3cef3b4ef5a302ae266f64483f8f67a800b75,52006684,0xfbf069dbbf453c1ab23042083cfa980b3a672bba,76,blockscout getLogs topic0 window 51991825-52007824 (head pinned 52007824); newest log re-checked in eth_getTransactionReceipt,0xd51fdadaeba6b86c5326a057f7bb12c6b1a45833c6c058222688f973f98d5c72,51995629,0xfbf069dbbf453c1ab23042083cfa980b3a672bba
0x365f10e9e7ce45d7acfd986c42e0b666f8af282e440e6dafc78c1f2b2f786760,"HookSwap(bytes32,address,int128,int128,uint128,uint128)",Uniswap V4 custom-accounting hooks (OpenZeppelin uniswap-hooks standard HookSwap event),https://github.com/OpenZeppelin/uniswap-hooks/blob/master/src/base/BaseCustomAccounting.sol,0xb5fcc9f30f37070497a94d95ed2852def062104934e1ca49005d84e0d7ee3fad,52007802,0x8dc3b85e1dc1c846ebf3971179a751896842e5dc,334,blockscout getLogs topic0 window 52006825-52007824 (head pinned 52007824); newest log re-checked in eth_getTransactionReceipt,0x2f774f54af3a3c848233904b97883a99d9233f530c80171e812d4c71974f5daf,51996046,0x95afbc0fccf974b41380f24e562f15b6dd90fac8
0x29872dc2e2809dc7d8459fd64fb6e18706672460bb269dfc6d855d6560d29bb6,"Swap(address,uint256,uint256,uint256,uint256,address,address)",UniV2-fork variant with extra address field,(candidate; searched on Base only),,,,,"no log found; blockscout windows searched: 52006825-52007824, 51991825-52007824, 51507825-52007824, 42007825-52007824",,,
0x04206ad2b7c0f463bff3dd4f33c5735b0f2957a351e4f79763a4fa9e775dd237,"Swap(bytes32,address,int128,int128,uint160,uint128,int24,uint24,uint16)",PancakeSwap Infinity CLPoolManager,https://github.com/pancakeswap/infinity-core/blob/main/src/pool-cl/interfaces/ICLPoolManager.sol,0xb3f9823cf4ae7a6d1e7b179158131af53b2bee145b7f2b13a5da3041dd9ea9dd,52007814,0xa0ffb9c1ce1fe56963b0321b32e7a0302114058b,425,blockscout getLogs topic0 window 52006825-52007824 (head pinned 52007824); newest log re-checked in eth_getTransactionReceipt,0x6f3fb6387b6cfe8cb3e834a62a9ae65d68f4fa3f47a3ce6c28798ae0c4ff87f9,51995615,0xa0ffb9c1ce1fe56963b0321b32e7a0302114058b
0xefce44603748d0427b3ebdff9018999a004811d9cfe45e6bbf7357b2547bae50,"Swap(bytes32,address,uint24,bytes32,uint24,uint16)",PancakeSwap Infinity BinPoolManager,https://github.com/pancakeswap/infinity-core/blob/main/src/pool-bin/interfaces/IBinPoolManager.sol,,,,,"no log found; blockscout windows searched: 52006825-52007824, 51991825-52007824; failed: 51507825-52007824 failed, 42007825-52007824 failed",,,
0x4be05c8d54f5e056ab2cfa033e9f582057001268c3e28561bb999d35d2c8f2c8,"Swapped(address,address,address,uint256,uint256,bytes)",Clipper exchange,https://github.com/shipyard-software/clipper-contracts (ClipperCommonExchange.Swapped),,,,,"no log found; blockscout windows searched: none; failed: 52006825-52007824 failed, 51991825-52007824 failed, 51507825-52007824 failed, 42007825-52007824 failed",,,
0xa4228e1eb11eb9b31069d9ed20e7af9a010ca1a02d4855cee54e08e188fcc32c,"Swap(address,address,int256,int256)",SmarDex pair,https://github.com/SmarDex-Ecosystem/smardex-contracts (ISmardexPair.Swap),,,,,pending: collect/verify_topics.py running,0x70567c429027946f15f096acb44ec2edefdb7307ab3b83edf6b27d2b70e4bcd1,51995700,0xd70e1bab713d84c3a110ded11e41714542e604ba
