program_id,name,source_url,source_kind,id_found_in_source,jupiter_label,onchain_exists,onchain_executable,onchain_owner,onchain_checked_slot,onchain_checked_at_utc,sources_tried
JUP4Fb2cqiRUcaTHdrPC8h2gNsA2ETXiPDD33WcGuJB,Jupiter Aggregator v4,https://raw.githubusercontent.com/jup-ag/instruction-parser/main/README.md,official_docs_or_repo,1,,True,True,BPFLoaderUpgradeab1e11111111111111111111111,452087048,2026-09-30T21:35:27Z,https://raw.githubusercontent.com/jup-ag/instruction-parser/main/README.md(200)
JUP6LkbZbjS1jKKwapdHNy74zcZ3tLUZoi5QNyVTaV4,Jupiter Aggregator v6,https://raw.githubusercontent.com/jup-ag/instruction-parser/main/README.md https://raw.githubusercontent.com/jup-ag/jupiter-cpi/main/src/lib.rs,official_docs_or_repo,1,,True,True,BPFLoaderUpgradeab1e11111111111111111111111,452087048,2026-09-30T21:35:27Z,https://raw.githubusercontent.com/jup-ag/instruction-parser/main/README.md(200) https://raw.githubusercontent.com/jup-ag/jupiter-cpi/main/src/lib.rs(200) https://raw.githubusercontent.com/jup-ag/jupiter-cpi/main/README.md(200)
DCA265Vj8a9CEuX1eb1LWRnDT7uK6q1xMipnNyatn23M,Jupiter DCA,https://unpkg.com/@jup-ag/dca-sdk@3.0.1/dist/index.js,official_docs_or_repo,1,,True,True,BPFLoaderUpgradeab1e11111111111111111111111,452087048,2026-09-30T21:35:27Z,https://unpkg.com/@jup-ag/dca-sdk@3.0.1/dist/index.js(200)
jupoNjAxXgZ4rjzxzPMP4oxduvQsQtZzyknqvzYNrNu,Jupiter Limit Order (v1),https://unpkg.com/@jup-ag/limit-order-sdk@0.1.10/dist/index.js,official_docs_or_repo,1,,True,True,BPFLoaderUpgradeab1e11111111111111111111111,452087048,2026-09-30T21:35:27Z,https://unpkg.com/@jup-ag/limit-order-sdk@0.1.10/dist/index.js(200)
EewxydAPCCVuNEyrVN68PuSYdQ7wKn27V9Gjeoi8dy3S,Lifinity Swap v1,https://unpkg.com/@lifinity/sdk@0.2.25/lib/network.js,official_docs_or_repo,1,,True,True,BPFLoaderUpgradeab1e11111111111111111111111,452087048,2026-09-30T21:35:27Z,https://unpkg.com/@lifinity/sdk@0.2.25/lib/network.js(200)
2wT8Yq49kHgDzXuPxZSaeLaH1qbmGXtEyPy64bL7aD3c,Lifinity Swap v2,https://unpkg.com/@lifinity/sdk-v2@2.0.3/lib/network.js,official_docs_or_repo,1,,True,True,BPFLoaderUpgradeab1e11111111111111111111111,452087048,2026-09-30T21:35:27Z,https://unpkg.com/@lifinity/sdk-v2@2.0.3/lib/network.js(200)
MNFSTqtC93rEfYHB6hF82sKdZpUDFWkViLByLd1k1Ms,Manifest,https://raw.githubusercontent.com/CKS-Systems/manifest/main/README.md,official_docs_or_repo,1,Manifest,True,True,BPFLoaderUpgradeab1e11111111111111111111111,452087048,2026-09-30T21:35:27Z,https://raw.githubusercontent.com/CKS-Systems/manifest/main/README.md(200)
Eo7WjKq67rjJQSZxS6z3YkapzY3eMj6Xy8X5EQVn5UaB,Meteora DAMM v1 (Dynamic AMM),https://raw.githubusercontent.com/MeteoraAg/damm-v1-sdk/main/README.md https://raw.githubusercontent.com/MeteoraAg/damm-v1-sdk/main/programs/dynamic-amm/src/lib.rs https://raw.githubusercontent.com/MeteoraAg/dynamic-amm-sdk/main/README.md https://raw.githubusercontent.com/MeteoraAg/dynamic-amm-sdk/main/programs/dynamic-amm/src/lib.rs,official_docs_or_repo,1,Meteora,True,True,BPFLoaderUpgradeab1e11111111111111111111111,452087048,2026-09-30T21:35:27Z,https://raw.githubusercontent.com/MeteoraAg/damm-v1-sdk/main/README.md(200) https://raw.githubusercontent.com/MeteoraAg/damm-v1-sdk/main/programs/dynamic-amm/src/lib.rs(200) https://raw.githubusercontent.com/MeteoraAg/dynamic-amm-sdk/main/README.md(200) https://raw.githubusercontent.com/MeteoraAg/dynamic-amm-sdk/main/programs/dynamic-amm/src/lib.rs(200)
cpamdpZCGKUy5JxQXB4dcpGPiikHawvSWAd6mEn1sGG,Meteora DAMM v2 (CP-AMM),https://raw.githubusercontent.com/MeteoraAg/damm-v2/main/programs/cp-amm/src/lib.rs https://raw.githubusercontent.com/MeteoraAg/damm-v2/main/README.md,official_docs_or_repo,1,Meteora DAMM v2,True,True,BPFLoaderUpgradeab1e11111111111111111111111,452087048,2026-09-30T21:35:27Z,https://raw.githubusercontent.com/MeteoraAg/damm-v2/main/programs/cp-amm/src/lib.rs(200) https://raw.githubusercontent.com/MeteoraAg/damm-v2/main/README.md(200)
dbcij3LWUppWqq96dh6gJWwBifmcGfLSB5D4DuSMaqN,Meteora Dynamic Bonding Curve,https://docs.meteora.ag/developer-guides/dbc https://raw.githubusercontent.com/MeteoraAg/dynamic-bonding-curve/main/programs/dynamic-bonding-curve/src/lib.rs,official_docs_or_repo,1,Dynamic Bonding Curve,True,True,BPFLoaderUpgradeab1e11111111111111111111111,452087048,2026-09-30T21:35:27Z,https://docs.meteora.ag/developer-guides/dbc(200) https://raw.githubusercontent.com/MeteoraAg/dynamic-bonding-curve/main/programs/dynamic-bonding-curve/src/lib.rs(200)
6m2CDdhRgxpH4WjvdzxAYbGxwdGUz5MziiL5jek2kBma,OKX DEX Aggregation Router v2,https://raw.githubusercontent.com/okxlabs/Web3-DEX-Router-Solana-V1/main/README.md,official_docs_or_repo,1,,True,True,BPFLoaderUpgradeab1e11111111111111111111111,452087048,2026-09-30T21:35:27Z,https://raw.githubusercontent.com/okxlabs/Web3-DEX-Router-Solana-V1/main/README.md(200) https://github.com/okxlabs/Web3-DEX-Router-Solana-V1(403)
srmqPvymJeFKQ4zGQed1GFppgkRHL9kaELCbyksJtPX,OpenBook v1 (Serum fork),https://raw.githubusercontent.com/openbook-dex/program/master/README.md,official_docs_or_repo,1,,True,True,BPFLoaderUpgradeab1e11111111111111111111111,452087048,2026-09-30T21:35:27Z,https://raw.githubusercontent.com/openbook-dex/program/master/README.md(200)
opnb2LAfJYbRMAHHvqjCwQxanZn7ReEHp1k81EohpZb,OpenBook v2,https://raw.githubusercontent.com/openbook-dex/openbook-v2/master/README.md https://raw.githubusercontent.com/openbook-dex/openbook-v2/master/programs/openbook-v2/src/lib.rs,official_docs_or_repo,1,OpenBook V2,True,True,BPFLoaderUpgradeab1e11111111111111111111111,452087048,2026-09-30T21:35:27Z,https://raw.githubusercontent.com/openbook-dex/openbook-v2/master/README.md(200) https://raw.githubusercontent.com/openbook-dex/openbook-v2/master/programs/openbook-v2/src/lib.rs(200)
whirLbMiicVdio4qvUfM5KAg6Ct8VwpYzGff3uctyCc,Orca Whirlpool,https://raw.githubusercontent.com/orca-so/whirlpools/main/programs/whirlpool/src/lib.rs https://raw.githubusercontent.com/orca-so/whirlpools/main/README.md,official_docs_or_repo,1,Whirlpool,True,True,BPFLoaderUpgradeab1e11111111111111111111111,452087048,2026-09-30T21:35:27Z,https://raw.githubusercontent.com/orca-so/whirlpools/main/programs/whirlpool/src/lib.rs(200) https://raw.githubusercontent.com/orca-so/whirlpools/main/README.md(200)
PhoeNiXZ8ByJGLkxNfZRnkUfjvmuYqLR89jjFHGqdXY,Phoenix v1,https://raw.githubusercontent.com/Ellipsis-Labs/phoenix-v1/master/README.md https://raw.githubusercontent.com/Ellipsis-Labs/phoenix-v1/master/src/lib.rs,official_docs_or_repo,1,Phoenix,True,True,BPFLoaderUpgradeab1e11111111111111111111111,452087048,2026-09-30T21:35:27Z,https://raw.githubusercontent.com/Ellipsis-Labs/phoenix-v1/master/README.md(200) https://raw.githubusercontent.com/Ellipsis-Labs/phoenix-v1/master/src/lib.rs(200)
6EF8rrecthR5Dkzon8Nwu78hRvfCKubJ14M5uBEwF6P,pump.fun bonding curve,https://raw.githubusercontent.com/pump-fun/pump-public-docs/main/idl/pump.json,official_docs_or_repo,1,Pump.fun,True,True,BPFLoaderUpgradeab1e11111111111111111111111,452087048,2026-09-30T21:35:27Z,https://raw.githubusercontent.com/pump-fun/pump-public-docs/main/idl/pump.json(200) https://raw.githubusercontent.com/pump-fun/pump-public-docs/main/README.md(200)
pAMMBay6oceH9fJKBRHGP5D4bD4sWpmSwMn52FMfXEA,PumpSwap (pump.fun AMM),https://raw.githubusercontent.com/pump-fun/pump-public-docs/main/idl/pump_amm.json,official_docs_or_repo,1,Pump.fun Amm,True,True,BPFLoaderUpgradeab1e11111111111111111111111,452087048,2026-09-30T21:35:27Z,https://raw.githubusercontent.com/pump-fun/pump-public-docs/main/idl/pump_amm.json(200) https://raw.githubusercontent.com/pump-fun/pump-public-docs/main/README.md(200)
routeUGWgWzqBWFcrCfv8tritsqukccJPu3q5GPP3xS,Raydium AMM Routing,https://docs.raydium.io/reference/program-addresses,official_docs_or_repo,1,,True,True,BPFLoaderUpgradeab1e11111111111111111111111,452087048,2026-09-30T21:35:27Z,https://docs.raydium.io/reference/program-addresses(200)
675kPX9MHTjS2zt1qfr1NYHuzeLXfQM9H24wFSUt1Mp8,Raydium AMM v4,https://docs.raydium.io/reference/program-addresses,official_docs_or_repo,1,Raydium,True,True,BPFLoaderUpgradeab1e11111111111111111111111,452087048,2026-09-30T21:35:27Z,https://docs.raydium.io/reference/program-addresses(200) https://docs.raydium.io/products/amm-v4(200)
CAMMCzo5YL8w4VFF8KVHrK22GGUsp5VTaW7grrKgrWqK,Raydium CLMM,https://docs.raydium.io/reference/program-addresses,official_docs_or_repo,1,Raydium CLMM,True,True,BPFLoaderUpgradeab1e11111111111111111111111,452087048,2026-09-30T21:35:27Z,https://docs.raydium.io/reference/program-addresses(200) https://docs.raydium.io/products/clmm(200)
CPMMoo8L3F4NbTegBCKVNunggL7H1ZpdTHKxQB5qKP1C,Raydium CPMM,https://docs.raydium.io/reference/program-addresses,official_docs_or_repo,1,Raydium CP,True,True,BPFLoaderUpgradeab1e11111111111111111111111,452087048,2026-09-30T21:35:27Z,https://docs.raydium.io/reference/program-addresses(200) https://docs.raydium.io/products/cpmm(200)
LanMV9sAd7wArD4vJFi2qDdfnVhFxYSUg6eADduJ3uj,Raydium LaunchLab,https://docs.raydium.io/reference/program-addresses,official_docs_or_repo,1,Raydium Launchlab,True,True,BPFLoaderUpgradeab1e11111111111111111111111,452087048,2026-09-30T21:35:27Z,https://docs.raydium.io/reference/program-addresses(200) https://docs.raydium.io/products/launchlab(200)
5quBtoiQqxF9Jv6KYKctB59NT3gtJD2Y65kdnB1Uev3h,Raydium Stable Swap AMM,https://docs.raydium.io/reference/program-addresses,official_docs_or_repo,1,,True,True,BPFLoaderUpgradeab1e11111111111111111111111,452087048,2026-09-30T21:35:27Z,https://docs.raydium.io/reference/program-addresses(200)
DEXYosS6oEGvk8uCDayvwEZz4qEyDJRf9nFgYCaqPMTm,1DEX,https://api.jup.ag/swap/v1/program-id-to-label https://lite-api.jup.ag/swap/v1/program-id-to-label,jupiter_program_id_to_label_api,1,1DEX,True,True,BPFLoaderUpgradeab1e11111111111111111111111,452087048,2026-09-30T21:35:27Z,
AMM55ShdkoGRB5jVYPjWziwk8m5MpwyDgsMWHaMSQWH6,Aldrin,https://api.jup.ag/swap/v1/program-id-to-label https://lite-api.jup.ag/swap/v1/program-id-to-label,jupiter_program_id_to_label_api,1,Aldrin,True,True,BPFLoaderUpgradeab1e11111111111111111111111,452087048,2026-09-30T21:35:27Z,
CURVGoZn8zycx6FXwwevgBTB2gVvdbGTEpvMJDbgs2t4,Aldrin V2,https://api.jup.ag/swap/v1/program-id-to-label https://lite-api.jup.ag/swap/v1/program-id-to-label,jupiter_program_id_to_label_api,1,Aldrin V2,True,True,BPFLoaderUpgradeab1e11111111111111111111111,452087048,2026-09-30T21:35:27Z,
ALPHAQmeA7bjrVuccPsYPiCvsi428SNwte66Srvs4pHA,AlphaQ,https://api.jup.ag/swap/v1/program-id-to-label https://lite-api.jup.ag/swap/v1/program-id-to-label,jupiter_program_id_to_label_api,1,AlphaQ,True,True,BPFLoaderUpgradeab1e11111111111111111111111,452087052,2026-09-30T21:35:27Z,
AQU1FRd7papthgdrwPTTq5JacJh8YtwEXaBfKU3bTz45,Aquifer,https://api.jup.ag/swap/v1/program-id-to-label https://lite-api.jup.ag/swap/v1/program-id-to-label,jupiter_program_id_to_label_api,1,Aquifer,True,True,BPFLoaderUpgradeab1e11111111111111111111111,452087048,2026-09-30T21:35:27Z,
Archer8kgiavM61GyusMzaaS2ft5sALtNsD1HxkUPMhy,Archer,https://api.jup.ag/swap/v1/program-id-to-label https://lite-api.jup.ag/swap/v1/program-id-to-label,jupiter_program_id_to_label_api,1,Archer,True,True,BPFLoaderUpgradeab1e11111111111111111111111,452087048,2026-09-30T21:35:27Z,
B72M6nyCLFgWiJtAN4naUTminMiTmyGcEqQHXwVeRdht,BinaryFi,https://api.jup.ag/swap/v1/program-id-to-label https://lite-api.jup.ag/swap/v1/program-id-to-label,jupiter_program_id_to_label_api,1,BinaryFi,True,True,BPFLoaderUpgradeab1e11111111111111111111111,452087052,2026-09-30T21:35:27Z,
BiSoNHVpsVZW2F7rx2eQ59yQwKxzU5NvBcmKshCSUypi,BisonFi,https://api.jup.ag/swap/v1/program-id-to-label https://lite-api.jup.ag/swap/v1/program-id-to-label,jupiter_program_id_to_label_api,1,BisonFi,True,True,BPFLoaderUpgradeab1e11111111111111111111111,452087048,2026-09-30T21:35:27Z,
2DNbzPochEcyCcWMbL4d9S3u9QqQEj5bbe6cSZFvKsbh,BisonFi Predict,https://api.jup.ag/swap/v1/program-id-to-label https://lite-api.jup.ag/swap/v1/program-id-to-label,jupiter_program_id_to_label_api,1,BisonFi Predict,True,True,BPFLoaderUpgradeab1e11111111111111111111111,452087048,2026-09-30T21:35:27Z,
BSwp6bEBihVLdqJRKGgzjcGLHkcTuzmSo1TQkHepzH8p,Bonkswap,https://api.jup.ag/swap/v1/program-id-to-label https://lite-api.jup.ag/swap/v1/program-id-to-label,jupiter_program_id_to_label_api,1,Bonkswap,True,True,BPFLoaderUpgradeab1e11111111111111111111111,452087048,2026-09-30T21:35:27Z,
boop8hVGQGqehUK2iVEMEnMrL5RbjywRzHKBmBE7ry4,Boop.fun,https://api.jup.ag/swap/v1/program-id-to-label https://lite-api.jup.ag/swap/v1/program-id-to-label,jupiter_program_id_to_label_api,1,Boop.fun,True,True,BPFLoaderUpgradeab1e11111111111111111111111,452087048,2026-09-30T21:35:27Z,
REALQqNEomY6cQGZJUGwywTBD2UmDT32rZcNnfxQ5N2,Byreal,https://api.jup.ag/swap/v1/program-id-to-label https://lite-api.jup.ag/swap/v1/program-id-to-label,jupiter_program_id_to_label_api,1,Byreal,True,True,BPFLoaderUpgradeab1e11111111111111111111111,452087048,2026-09-30T21:35:27Z,
CarrotwivhMpDnm27EHmRLeQ683Z1PufuqEmBZvD282s,Carrot,https://api.jup.ag/swap/v1/program-id-to-label https://lite-api.jup.ag/swap/v1/program-id-to-label,jupiter_program_id_to_label_api,1,Carrot,True,True,BPFLoaderUpgradeab1e11111111111111111111111,452087048,2026-09-30T21:35:27Z,
CLMM9tUoggJu2wagPkkqs9eFG4BWhVBZWkP1qv3Sp7tR,Crema,https://api.jup.ag/swap/v1/program-id-to-label https://lite-api.jup.ag/swap/v1/program-id-to-label,jupiter_program_id_to_label_api,1,Crema,True,True,BPFLoaderUpgradeab1e11111111111111111111111,452087052,2026-09-30T21:35:27Z,
H8W3ctz92svYg6mkn1UtGfu2aQr2fnUFHM1RhScEtQDt,Cropper,https://api.jup.ag/swap/v1/program-id-to-label https://lite-api.jup.ag/swap/v1/program-id-to-label,jupiter_program_id_to_label_api,1,Cropper,True,True,BPFLoaderUpgradeab1e11111111111111111111111,452087048,2026-09-30T21:35:27Z,
fUSioN9YKKSa3CUC2YUc4tPkHJ5Y6XW1yz8y6F7qWz9,DefiTuna,https://api.jup.ag/swap/v1/program-id-to-label https://lite-api.jup.ag/swap/v1/program-id-to-label,jupiter_program_id_to_label_api,1,DefiTuna,True,True,BPFLoaderUpgradeab1e11111111111111111111111,452087048,2026-09-30T21:35:27Z,
DNL1tgEj3nJovHw9jtyCCQD3arssCJzkmpDizknwzey4,Denali,https://api.jup.ag/swap/v1/program-id-to-label https://lite-api.jup.ag/swap/v1/program-id-to-label,jupiter_program_id_to_label_api,1,Denali,True,True,BPFLoaderUpgradeab1e11111111111111111111111,452087048,2026-09-30T21:35:27Z,
DRVSpZ2YUYYKgZP8XtLhAGtT1zYSCKzeHfb4DgRnrgqD,Deriverse,https://api.jup.ag/swap/v1/program-id-to-label https://lite-api.jup.ag/swap/v1/program-id-to-label,jupiter_program_id_to_label_api,1,Deriverse,True,True,BPFLoaderUpgradeab1e11111111111111111111111,452087048,2026-09-30T21:35:27Z,
DSwpgjMvXhtGn6BsbqmacdBZyfLj6jSWf3HJpdJtmg6N,DexLab,https://api.jup.ag/swap/v1/program-id-to-label https://lite-api.jup.ag/swap/v1/program-id-to-label,jupiter_program_id_to_label_api,1,DexLab,True,True,BPFLoaderUpgradeab1e11111111111111111111111,452087048,2026-09-30T21:35:27Z,
DF1ow4tspfHX9JwWJsAb9epbkA8hmpSEAtxXy1V27QBH,DFlow Aggregator v4,,,0,,True,True,BPFLoaderUpgradeab1e11111111111111111111111,452087048,2026-09-30T21:35:27Z,https://docs.dflow.net/docs/introduction(None) https://pond.dflow.net/introduction(200)
FLiNTXPwppyoJabCoxc2uiiRygAHpmMXajiDXo2Ub1z,Flint,https://api.jup.ag/swap/v1/program-id-to-label https://lite-api.jup.ag/swap/v1/program-id-to-label,jupiter_program_id_to_label_api,1,Flint,True,True,BPFLoaderUpgradeab1e11111111111111111111111,452087048,2026-09-30T21:35:27Z,
FLUX6xBayGxLX9UcimVRxXFMHH6q43mAbRvDzSpCsvfK,Flux,https://api.jup.ag/swap/v1/program-id-to-label https://lite-api.jup.ag/swap/v1/program-id-to-label,jupiter_program_id_to_label_api,1,Flux,True,True,BPFLoaderUpgradeab1e11111111111111111111111,452087048,2026-09-30T21:35:27Z,
FLUXubRmkEi2q6K3Y9kBPg9248ggaZVsoSFhtJHSrm1X,FluxBeam,https://api.jup.ag/swap/v1/program-id-to-label https://lite-api.jup.ag/swap/v1/program-id-to-label,jupiter_program_id_to_label_api,1,FluxBeam,True,True,BPFLoaderUpgradeab1e11111111111111111111111,452087048,2026-09-30T21:35:27Z,
gatorLx9aC1e5ZWAXscv5QRKiLXnLPLXjftVc81h1Hr,GatorSwap,https://api.jup.ag/swap/v1/program-id-to-label https://lite-api.jup.ag/swap/v1/program-id-to-label,jupiter_program_id_to_label_api,1,GatorSwap,True,True,BPFLoaderUpgradeab1e11111111111111111111111,452087048,2026-09-30T21:35:27Z,
srAMMzfVHVAtgSJc8iH6CfKzuWuUTzLHVCE81QU1rgi,Gavel,https://api.jup.ag/swap/v1/program-id-to-label https://lite-api.jup.ag/swap/v1/program-id-to-label,jupiter_program_id_to_label_api,1,Gavel,True,True,BPFLoaderUpgradeab1e11111111111111111111111,452087048,2026-09-30T21:35:27Z,
goonuddtQRrWqqn5nFyczVKaie28f3kDkHWkHtURSLE,GoonFi V2,https://api.jup.ag/swap/v1/program-id-to-label https://lite-api.jup.ag/swap/v1/program-id-to-label,jupiter_program_id_to_label_api,1,GoonFi V2,True,True,BPFLoaderUpgradeab1e11111111111111111111111,452087048,2026-09-30T21:35:27Z,
GAMMA7meSFWaBXF25oSUgmGRwaW6sCMFLmBNiMSdbHVT,GooseFX GAMMA,https://api.jup.ag/swap/v1/program-id-to-label https://lite-api.jup.ag/swap/v1/program-id-to-label,jupiter_program_id_to_label_api,1,GooseFX GAMMA,True,True,BPFLoaderUpgradeab1e11111111111111111111111,452087052,2026-09-30T21:35:27Z,
Gswppe6ERWKpUTXvRPfXdzHhiCyJvLadVvXGfdpBqcE1,Guacswap,https://api.jup.ag/swap/v1/program-id-to-label https://lite-api.jup.ag/swap/v1/program-id-to-label,jupiter_program_id_to_label_api,1,Guacswap,True,True,BPFLoaderUpgradeab1e11111111111111111111111,452087048,2026-09-30T21:35:27Z,
HADRoNbLovyqhCsocfYQYB7QdfCAAinN9HTePvBCVDQ8,Hadron,https://api.jup.ag/swap/v1/program-id-to-label https://lite-api.jup.ag/swap/v1/program-id-to-label,jupiter_program_id_to_label_api,1,Hadron,True,True,BPFLoaderUpgradeab1e11111111111111111111111,452087048,2026-09-30T21:35:27Z,
HEAVENoP2qxoeuF8Dj2oT1GHEnu49U5mJYkdeC8BAX2o,Heaven,https://api.jup.ag/swap/v1/program-id-to-label https://lite-api.jup.ag/swap/v1/program-id-to-label,jupiter_program_id_to_label_api,1,Heaven,True,True,BPFLoaderUpgradeab1e11111111111111111111111,452087048,2026-09-30T21:35:27Z,
treaf4wWBBty3fHdyBpo35Mz84M8k3heKXmjmi9vFt5,Helium Network,https://api.jup.ag/swap/v1/program-id-to-label https://lite-api.jup.ag/swap/v1/program-id-to-label,jupiter_program_id_to_label_api,1,Helium Network,True,True,BPFLoaderUpgradeab1e11111111111111111111111,452087048,2026-09-30T21:35:27Z,
HumaXepHnjaRCpjYTokxY4UtaJcmx41prQ8cxGmFC5fn,Huma,https://api.jup.ag/swap/v1/program-id-to-label https://lite-api.jup.ag/swap/v1/program-id-to-label,jupiter_program_id_to_label_api,1,Huma,True,True,BPFLoaderUpgradeab1e11111111111111111111111,452087052,2026-09-30T21:35:27Z,
9H6tua7jkLhdm3w8BvgpTn5LZNU7g4ZynDmCiNN3q6Rp,HumidiFi,https://api.jup.ag/swap/v1/program-id-to-label https://lite-api.jup.ag/swap/v1/program-id-to-label,jupiter_program_id_to_label_api,1,HumidiFi,True,True,BPFLoaderUpgradeab1e11111111111111111111111,452087048,2026-09-30T21:35:27Z,
HYEXCHtHkBagdStcJCp3xbbb9B7sdMdWXFNj6mdsG4hn,Hylo Exchange,https://api.jup.ag/swap/v1/program-id-to-label https://lite-api.jup.ag/swap/v1/program-id-to-label,jupiter_program_id_to_label_api,1,Hylo Exchange,True,True,BPFLoaderUpgradeab1e11111111111111111111111,452087048,2026-09-30T21:35:27Z,
HyaB3W9q6XdA5xwpU4XnSZV94htfmbmqJXZcEbRaJutt,Invariant,https://api.jup.ag/swap/v1/program-id-to-label https://lite-api.jup.ag/swap/v1/program-id-to-label,jupiter_program_id_to_label_api,1,Invariant,True,True,BPFLoaderUpgradeab1e11111111111111111111111,452087048,2026-09-30T21:35:27Z,
jup3YeL8QhtSx1e253b2FDvsMNC87fDrgQZivbrndc9,Jupiter Lend Earn,https://api.jup.ag/swap/v1/program-id-to-label https://lite-api.jup.ag/swap/v1/program-id-to-label,jupiter_program_id_to_label_api,1,Jupiter Lend Earn,True,True,BPFLoaderUpgradeab1e11111111111111111111111,452087048,2026-09-30T21:35:27Z,
j1o2qRpjcyUwEvwtcfhEQefh773ZgjxcVRry7LDqg5X,Jupiter Limit Order v2,,,0,,True,True,BPFLoaderUpgradeab1e11111111111111111111111,452087048,2026-09-30T21:35:27Z,https://dev.jup.ag/docs/(200)
fd3nMFYTQjX1yr5ER8u7tPdHJB7qt8RpDpNtLQX2Br5,JupiterRfqV2,https://api.jup.ag/swap/v1/program-id-to-label https://lite-api.jup.ag/swap/v1/program-id-to-label,jupiter_program_id_to_label_api,1,JupiterRfqV2,True,True,BPFLoaderUpgradeab1e11111111111111111111111,452087048,2026-09-30T21:35:27Z,
jupZ4m2GqUCJ5iueMfzQf8khFfH31d4XAQt3RzCT9Vd,JupLend AMM,https://api.jup.ag/swap/v1/program-id-to-label https://lite-api.jup.ag/swap/v1/program-id-to-label,jupiter_program_id_to_label_api,1,JupLend AMM,True,True,BPFLoaderUpgradeab1e11111111111111111111111,452087048,2026-09-30T21:35:27Z,
3TK9D8aoBFYjYZtKCjciPrVrRStsnvo7KmpcJqDavpaU,Kipseli,https://api.jup.ag/swap/v1/program-id-to-label https://lite-api.jup.ag/swap/v1/program-id-to-label,jupiter_program_id_to_label_api,1,Kipseli,True,True,BPFLoaderUpgradeab1e11111111111111111111111,452087048,2026-09-30T21:35:27Z,
BQEJZUB4CzoT6UhRffoCkqCyqQNrCPCSGHcPEmsdbEsX,LemmingsFi,https://api.jup.ag/swap/v1/program-id-to-label https://lite-api.jup.ag/swap/v1/program-id-to-label,jupiter_program_id_to_label_api,1,LemmingsFi,True,True,BPFLoaderUpgradeab1e11111111111111111111111,452087048,2026-09-30T21:35:27Z,
MSwapi3WhNKMUGm9YrxGhypgUEt7wYQH3ZgG32XoWzH,M Swap,https://api.jup.ag/swap/v1/program-id-to-label https://lite-api.jup.ag/swap/v1/program-id-to-label,jupiter_program_id_to_label_api,1,M Swap,True,True,BPFLoaderUpgradeab1e11111111111111111111111,452087048,2026-09-30T21:35:27Z,
MEME4gfGe6itEpxgM1xaBVmiFF5XuCTc4oVXUE5w56F,MemeFun,https://api.jup.ag/swap/v1/program-id-to-label,jupiter_program_id_to_label_api,1,MemeFun,True,True,BPFLoaderUpgradeab1e11111111111111111111111,452087052,2026-09-30T21:35:27Z,
MERLuDFBMmsHnsBPZw2sDQZHvXFMwp8EdjudcU2HKky,Mercurial,https://api.jup.ag/swap/v1/program-id-to-label https://lite-api.jup.ag/swap/v1/program-id-to-label,jupiter_program_id_to_label_api,1,Mercurial,True,True,BPFLoaderUpgradeab1e11111111111111111111111,452087048,2026-09-30T21:35:27Z,
FUTARELBfJfQ8RDGhg1wdhddq1odMAJUePHFuBYfUxKq,MetaDAO,https://api.jup.ag/swap/v1/program-id-to-label https://lite-api.jup.ag/swap/v1/program-id-to-label,jupiter_program_id_to_label_api,1,MetaDAO,True,True,BPFLoaderUpgradeab1e11111111111111111111111,452087052,2026-09-30T21:35:27Z,
LBUZKhRxPF3XUpBCjp4YzTKgLccjZhTSDM9YuVaPwxo,Meteora DLMM,https://api.jup.ag/swap/v1/program-id-to-label https://lite-api.jup.ag/swap/v1/program-id-to-label,jupiter_program_id_to_label_api,1,Meteora DLMM,True,True,BPFLoaderUpgradeab1e11111111111111111111111,452087048,2026-09-30T21:35:27Z,https://raw.githubusercontent.com/MeteoraAg/dlmm-sdk/main/programs/lb_clmm/src/lib.rs(404) https://raw.githubusercontent.com/MeteoraAg/dlmm-sdk/main/README.md(200)
Bvs46DPFxiFE6YHxLDLD6QAUcmy51FyRVPZJusPxLk3j,Metric,https://api.jup.ag/swap/v1/program-id-to-label https://lite-api.jup.ag/swap/v1/program-id-to-label,jupiter_program_id_to_label_api,1,Metric,True,True,BPFLoaderUpgradeab1e11111111111111111111111,452087048,2026-09-30T21:35:27Z,
MoonCVVNZFSYkqNXP6bxHLPL6QQJiMagDL3qcqUQTrG,Moonit,https://api.jup.ag/swap/v1/program-id-to-label https://lite-api.jup.ag/swap/v1/program-id-to-label,jupiter_program_id_to_label_api,1,Moonit,True,True,BPFLoaderUpgradeab1e11111111111111111111111,452087048,2026-09-30T21:35:27Z,
obriQD1zbpyLz95G5n7nJe6a4DPjpFwa5XYPoNm113y,Obric V2,https://api.jup.ag/swap/v1/program-id-to-label https://lite-api.jup.ag/swap/v1/program-id-to-label,jupiter_program_id_to_label_api,1,Obric V2,True,True,BPFLoaderUpgradeab1e11111111111111111111111,452087052,2026-09-30T21:35:27Z,
HBVw6bZtcCaezhcBrmfyXBSBRWCdv72271xQ4GPvms2z,Obsidian,https://api.jup.ag/swap/v1/program-id-to-label https://lite-api.jup.ag/swap/v1/program-id-to-label,jupiter_program_id_to_label_api,1,Obsidian,True,True,BPFLoaderUpgradeab1e11111111111111111111111,452087052,2026-09-30T21:35:27Z,
omnixgS8fnqHfCcTGKWj6JtKjzpJZ1Y5y9pyFkQDkYE,Omnipair,https://api.jup.ag/swap/v1/program-id-to-label https://lite-api.jup.ag/swap/v1/program-id-to-label,jupiter_program_id_to_label_api,1,Omnipair,True,True,BPFLoaderUpgradeab1e11111111111111111111111,452087052,2026-09-30T21:35:27Z,
DjVE6JNiYqPL2QXyCUUh8rNjHrbz9hXHNYt99MQ59qw1,Orca V1,https://api.jup.ag/swap/v1/program-id-to-label https://lite-api.jup.ag/swap/v1/program-id-to-label,jupiter_program_id_to_label_api,1,Orca V1,True,True,BPFLoader2111111111111111111111111111111111,452087048,2026-09-30T21:35:27Z,
9W959DqEETiGZocYWCQPaJ6sBmUzgfxXfqGeTEdp3aQP,Orca V2,https://api.jup.ag/swap/v1/program-id-to-label https://lite-api.jup.ag/swap/v1/program-id-to-label,jupiter_program_id_to_label_api,1,Orca V2,True,True,BPFLoaderUpgradeab1e11111111111111111111111,452087048,2026-09-30T21:35:27Z,
HpNfyc2Saw7RKkQd8nEL4khUcuPhQ7WwY1B2qjx8jxFq,PancakeSwap,https://api.jup.ag/swap/v1/program-id-to-label https://lite-api.jup.ag/swap/v1/program-id-to-label,jupiter_program_id_to_label_api,1,PancakeSwap,True,True,BPFLoaderUpgradeab1e11111111111111111111111,452087052,2026-09-30T21:35:27Z,
PSwapMdSai8tjrEXcxFeQth87xC4rRsa4VA5mhGhXkP,Penguin,https://api.jup.ag/swap/v1/program-id-to-label https://lite-api.jup.ag/swap/v1/program-id-to-label,jupiter_program_id_to_label_api,1,Penguin,True,True,BPFLoaderUpgradeab1e11111111111111111111111,452087048,2026-09-30T21:35:27Z,
NUMERUNsFCP3kuNmWZuXtm1AaQCPj9uw6Guv2Ekoi5P,Perena,https://api.jup.ag/swap/v1/program-id-to-label https://lite-api.jup.ag/swap/v1/program-id-to-label,jupiter_program_id_to_label_api,1,Perena,True,True,BPFLoaderUpgradeab1e11111111111111111111111,452087052,2026-09-30T21:35:27Z,
save8RQVPMWNTzU18t3GBvBkN9hT7jsGjiCQ28FpD9H,Perena Star V2,https://api.jup.ag/swap/v1/program-id-to-label https://lite-api.jup.ag/swap/v1/program-id-to-label,jupiter_program_id_to_label_api,1,Perena Star V2,True,True,BPFLoaderUpgradeab1e11111111111111111111111,452087048,2026-09-30T21:35:27Z,
PERPHjGBqRHArX4DySjwM6UJHiR3sWAatqfdBS2qQJu,Perps,https://api.jup.ag/swap/v1/program-id-to-label https://lite-api.jup.ag/swap/v1/program-id-to-label,jupiter_program_id_to_label_api,1,Perps,True,True,BPFLoaderUpgradeab1e11111111111111111111111,452087052,2026-09-30T21:35:27Z,
QuaNtZsgYRe5Z9Bk4LZ4cTD9tbkVoyCNf1R2BN9bBDv,Quantum,https://api.jup.ag/swap/v1/program-id-to-label https://lite-api.jup.ag/swap/v1/program-id-to-label,jupiter_program_id_to_label_api,1,Quantum,True,True,BPFLoaderUpgradeab1e11111111111111111111111,452087048,2026-09-30T21:35:27Z,
QUayE6nexQWYNZAEqfN8FxoNwQDSu3CAzT2qq9J1ArG,Quay,https://api.jup.ag/swap/v1/program-id-to-label https://lite-api.jup.ag/swap/v1/program-id-to-label,jupiter_program_id_to_label_api,1,Quay,True,True,BPFLoaderUpgradeab1e11111111111111111111111,452087048,2026-09-30T21:35:27Z,
riptK81hDxhe5pW5jSzSM9iRA8azgEgLJ4dXkPtBS7j,Riptide,https://api.jup.ag/swap/v1/program-id-to-label https://lite-api.jup.ag/swap/v1/program-id-to-label,jupiter_program_id_to_label_api,1,Riptide,True,True,BPFLoaderUpgradeab1e11111111111111111111111,452087052,2026-09-30T21:35:27Z,
runnrXXdsSRkdueCRYxKDvSWfv6nAnrG5dcM29qj1HA,RunnerRodeo,https://api.jup.ag/swap/v1/program-id-to-label https://lite-api.jup.ag/swap/v1/program-id-to-label,jupiter_program_id_to_label_api,1,RunnerRodeo,True,True,BPFLoaderUpgradeab1e11111111111111111111111,452087048,2026-09-30T21:35:27Z,
DecZY86MU5Gj7kppfUCEmd4LbXXuyZH1yHaP2NTqdiZB,Saber (Decimals),https://api.jup.ag/swap/v1/program-id-to-label https://lite-api.jup.ag/swap/v1/program-id-to-label,jupiter_program_id_to_label_api,1,Saber (Decimals),True,True,BPFLoaderUpgradeab1e11111111111111111111111,452087048,2026-09-30T21:35:27Z,
SSwpkEEcbUqx4vtoEByFjSkhKdCT862DNVb52nZg1UZ,Saber Stable Swap,https://api.jup.ag/swap/v1/program-id-to-label https://lite-api.jup.ag/swap/v1/program-id-to-label,jupiter_program_id_to_label_api,1,Saber,True,True,BPFLoaderUpgradeab1e11111111111111111111111,452087048,2026-09-30T21:35:27Z,https://raw.githubusercontent.com/saber-hq/stable-swap/master/README.md(200)
stkitrT1Uoy18Dk1fTrgPw8W6MVzoCfYoAFT4MLsmhq,Sanctum,https://api.jup.ag/swap/v1/program-id-to-label https://lite-api.jup.ag/swap/v1/program-id-to-label,jupiter_program_id_to_label_api,1,Sanctum,True,True,BPFLoaderUpgradeab1e11111111111111111111111,452087048,2026-09-30T21:35:27Z,
SP12tWFxD9oJsVWNavTTBZvMbA6gkAmxtVgxdqvyvhY,Sanctum,https://api.jup.ag/swap/v1/program-id-to-label https://lite-api.jup.ag/swap/v1/program-id-to-label,jupiter_program_id_to_label_api,1,Sanctum,True,True,BPFLoaderUpgradeab1e11111111111111111111111,452087048,2026-09-30T21:35:27Z,
SPMBzsVUuoHA4Jm6KunbsotaahvVikZs1JyTW6iJvbn,Sanctum,https://api.jup.ag/swap/v1/program-id-to-label https://lite-api.jup.ag/swap/v1/program-id-to-label,jupiter_program_id_to_label_api,1,Sanctum,True,True,BPFLoaderUpgradeab1e11111111111111111111111,452087048,2026-09-30T21:35:27Z,
SPoo1Ku8WFXoNDMHPsrGSTSG1Y47rzgn41SLUNakuHy,Sanctum,https://api.jup.ag/swap/v1/program-id-to-label https://lite-api.jup.ag/swap/v1/program-id-to-label,jupiter_program_id_to_label_api,1,Sanctum,True,True,BPFLoaderUpgradeab1e11111111111111111111111,452087048,2026-09-30T21:35:27Z,
5ocnV1qiCgaQR8Jb8xWnVbApfaygJ8tNoZfgPwsgx9kx,Sanctum Infinity,https://api.jup.ag/swap/v1/program-id-to-label https://lite-api.jup.ag/swap/v1/program-id-to-label,jupiter_program_id_to_label_api,1,Sanctum Infinity,True,True,BPFLoaderUpgradeab1e11111111111111111111111,452087048,2026-09-30T21:35:27Z,https://raw.githubusercontent.com/igneous-labs/S/master/README.md(200)
pegVkBpfR9GFi5Jaa9YXAHACyM9CzCNvhc5bf8GWNyW,Sanctum Prop S,https://api.jup.ag/swap/v1/program-id-to-label https://lite-api.jup.ag/swap/v1/program-id-to-label,jupiter_program_id_to_label_api,1,Sanctum Prop S,True,True,BPFLoaderUpgradeab1e11111111111111111111111,452087048,2026-09-30T21:35:27Z,
so1f7APRw5pJ5iNJrM9g5X9tQgXzk8kMUnXxDNdt99b,Sanctum SOLS,https://api.jup.ag/swap/v1/program-id-to-label https://lite-api.jup.ag/swap/v1/program-id-to-label,jupiter_program_id_to_label_api,1,Sanctum SOLS,True,True,BPFLoaderUpgradeab1e11111111111111111111111,452087048,2026-09-30T21:35:27Z,
SSwapUtytfBdBn1b9NUGG6foMVPtcWgpRU32HToDUZr,Saros,https://api.jup.ag/swap/v1/program-id-to-label https://lite-api.jup.ag/swap/v1/program-id-to-label,jupiter_program_id_to_label_api,1,Saros,True,True,BPFLoaderUpgradeab1e11111111111111111111111,452087048,2026-09-30T21:35:27Z,
1qbkdrr3z4ryLA7pZykqxvxWPoeifcVKo6ZG9CfkvVE,Saros DLMM,https://api.jup.ag/swap/v1/program-id-to-label https://lite-api.jup.ag/swap/v1/program-id-to-label,jupiter_program_id_to_label_api,1,Saros DLMM,True,True,BPFLoaderUpgradeab1e11111111111111111111111,452087052,2026-09-30T21:35:27Z,
SCALEwAvEK5gtkdHiFzXfPgtk2YwJxPDzaV3aDmR7tA,Scale Amm,https://api.jup.ag/swap/v1/program-id-to-label https://lite-api.jup.ag/swap/v1/program-id-to-label,jupiter_program_id_to_label_api,1,Scale Amm,True,True,BPFLoaderUpgradeab1e11111111111111111111111,452087048,2026-09-30T21:35:27Z,
SCALEWoRSpVZpMRqHEcDfNvBh3nUSe34jDr9r689gLa,Scale Vmm,https://api.jup.ag/swap/v1/program-id-to-label https://lite-api.jup.ag/swap/v1/program-id-to-label,jupiter_program_id_to_label_api,1,Scale Vmm,True,True,BPFLoaderUpgradeab1e11111111111111111111111,452087048,2026-09-30T21:35:27Z,
ojh19ojaKduoJZuaJADhcVGp4xt1TcdAvZmpVsCorch,Scorch,https://api.jup.ag/swap/v1/program-id-to-label https://lite-api.jup.ag/swap/v1/program-id-to-label,jupiter_program_id_to_label_api,1,Scorch,True,True,BPFLoaderUpgradeab1e11111111111111111111111,452087052,2026-09-30T21:35:27Z,
endoLNCKTqDn8gSVnN2hDdpgACUPWHZTwoYnnMybpAT,Solayer,https://api.jup.ag/swap/v1/program-id-to-label https://lite-api.jup.ag/swap/v1/program-id-to-label,jupiter_program_id_to_label_api,1,Solayer,True,True,BPFLoaderUpgradeab1e11111111111111111111111,452087048,2026-09-30T21:35:27Z,
SoLFiHG9TfgtdUXUjWAxi3LtvYuFyDLVhBWxdMZxyCe,SolFi,https://api.jup.ag/swap/v1/program-id-to-label https://lite-api.jup.ag/swap/v1/program-id-to-label,jupiter_program_id_to_label_api,1,SolFi,True,True,BPFLoaderUpgradeab1e11111111111111111111111,452087052,2026-09-30T21:35:27Z,
SV2EYYJyRz2YhfXwXnhNAevDEui5Q6yrfyo13WtupPF,SolFi V2,https://api.jup.ag/swap/v1/program-id-to-label https://lite-api.jup.ag/swap/v1/program-id-to-label,jupiter_program_id_to_label_api,1,SolFi V2,True,True,BPFLoaderUpgradeab1e11111111111111111111111,452087052,2026-09-30T21:35:27Z,
6dMXqGZ3ga2dikrYS9ovDXgHGh5RUsb2RTUj6hrQXhk6,Stabble CLMM,https://api.jup.ag/swap/v1/program-id-to-label https://lite-api.jup.ag/swap/v1/program-id-to-label,jupiter_program_id_to_label_api,1,Stabble CLMM,True,True,BPFLoaderUpgradeab1e11111111111111111111111,452087048,2026-09-30T21:35:27Z,
swapNyd8XiQwJ6ianp9snpu4brUqFxadzvHebnAXjJZ,Stabble Stable Swap,https://api.jup.ag/swap/v1/program-id-to-label https://lite-api.jup.ag/swap/v1/program-id-to-label,jupiter_program_id_to_label_api,1,Stabble Stable Swap,True,True,BPFLoaderUpgradeab1e11111111111111111111111,452087048,2026-09-30T21:35:27Z,
swapFpHZwjELNnjvThjajtiVmkz3yPQEHjLtka2fwHW,Stabble Weighted Swap,https://api.jup.ag/swap/v1/program-id-to-label https://lite-api.jup.ag/swap/v1/program-id-to-label,jupiter_program_id_to_label_api,1,Stabble Weighted Swap,True,True,BPFLoaderUpgradeab1e11111111111111111111111,452087048,2026-09-30T21:35:27Z,
ghosty4ZU1Qk1HN7Ymz4pZ15QfspzJZgSYFkdKN6ZLK,Stableswap,https://api.jup.ag/swap/v1/program-id-to-label https://lite-api.jup.ag/swap/v1/program-id-to-label,jupiter_program_id_to_label_api,1,Stableswap,True,True,BPFLoaderUpgradeab1e11111111111111111111111,452087048,2026-09-30T21:35:27Z,
Dooar9JkhdZ7J3LHN3A7YCuoGRUggXhQaG4kijfLGU2j,StepN,https://api.jup.ag/swap/v1/program-id-to-label https://lite-api.jup.ag/swap/v1/program-id-to-label,jupiter_program_id_to_label_api,1,StepN,True,True,BPFLoaderUpgradeab1e11111111111111111111111,452087048,2026-09-30T21:35:27Z,
9VX8EKBg6vM6tA68xaDsPkbrx26XConZjkQmhVApUptc,TaurusFi,https://api.jup.ag/swap/v1/program-id-to-label https://lite-api.jup.ag/swap/v1/program-id-to-label,jupiter_program_id_to_label_api,1,TaurusFi,True,True,BPFLoaderUpgradeab1e11111111111111111111111,452087048,2026-09-30T21:35:27Z,
TessVdML9pBGgG9yGks7o4HewRaXVAMuoVj4x83GLQH,TesseraV,https://api.jup.ag/swap/v1/program-id-to-label https://lite-api.jup.ag/swap/v1/program-id-to-label,jupiter_program_id_to_label_api,1,TesseraV,True,True,BPFLoaderUpgradeab1e11111111111111111111111,452087048,2026-09-30T21:35:27Z,
SwaPpA9LAaLfeLi3a68M4DjnLqgtticKg6CnyNwgAC8,Token Swap,https://api.jup.ag/swap/v1/program-id-to-label https://lite-api.jup.ag/swap/v1/program-id-to-label,jupiter_program_id_to_label_api,1,Token Swap,True,True,BPFLoaderUpgradeab1e11111111111111111111111,452087048,2026-09-30T21:35:27Z,
8ZoPDsvLWXthQaZz6aJJEWNFBZKk2ePuygi6LHT7F7Hh,Trench,https://api.jup.ag/swap/v1/program-id-to-label https://lite-api.jup.ag/swap/v1/program-id-to-label,jupiter_program_id_to_label_api,1,Trench,True,True,BPFLoaderUpgradeab1e11111111111111111111111,452087048,2026-09-30T21:35:27Z,
CURVEmPpijXDTNdqrA9PGP1io2rkgiVXH26xdXVGLLfz,Trends,https://api.jup.ag/swap/v1/program-id-to-label https://lite-api.jup.ag/swap/v1/program-id-to-label,jupiter_program_id_to_label_api,1,Trends,True,True,BPFLoaderUpgradeab1e11111111111111111111111,452087048,2026-09-30T21:35:27Z,
2rU1oCHtQ7WJUvy15tKtFvxdYNNSc3id7AzUcjeFSddo,VaultLiquidUnstake,https://api.jup.ag/swap/v1/program-id-to-label https://lite-api.jup.ag/swap/v1/program-id-to-label,jupiter_program_id_to_label_api,1,VaultLiquidUnstake,True,True,BPFLoaderUpgradeab1e11111111111111111111111,452087048,2026-09-30T21:35:27Z,
5U3EU2ubXtK84QcRjWVmYt9RaDyA8gKxdUrPFXmZyaki,Virtuals,https://api.jup.ag/swap/v1/program-id-to-label https://lite-api.jup.ag/swap/v1/program-id-to-label,jupiter_program_id_to_label_api,1,Virtuals,True,True,BPFLoaderUpgradeab1e11111111111111111111111,452087048,2026-09-30T21:35:27Z,
vVoLTRjQmtFpiYoegx285Ze4gsLJ8ZxgFKVcuvmG1a8,Voltr,https://api.jup.ag/swap/v1/program-id-to-label https://lite-api.jup.ag/swap/v1/program-id-to-label,jupiter_program_id_to_label_api,1,Voltr,True,True,BPFLoaderUpgradeab1e11111111111111111111111,452087052,2026-09-30T21:35:27Z,
FW6zUqn4iKRaeopwwhwsquTY6ABWLLgjxtrC3VPnaWBf,WhaleStreet,https://api.jup.ag/swap/v1/program-id-to-label https://lite-api.jup.ag/swap/v1/program-id-to-label,jupiter_program_id_to_label_api,1,WhaleStreet,True,True,BPFLoaderUpgradeab1e11111111111111111111111,452087048,2026-09-30T21:35:27Z,
WooFif76YGRNjk1pA8wCsN67aQsD9f9iLsz4NcJ1AVb,Woofi,https://api.jup.ag/swap/v1/program-id-to-label https://lite-api.jup.ag/swap/v1/program-id-to-label,jupiter_program_id_to_label_api,1,Woofi,True,True,BPFLoaderUpgradeab1e11111111111111111111111,452087048,2026-09-30T21:35:27Z,
StaKE6XNKVVhG8Qu9hDJBqCW3eRe7MDGLz17nJZetLT,XOrca,https://api.jup.ag/swap/v1/program-id-to-label https://lite-api.jup.ag/swap/v1/program-id-to-label,jupiter_program_id_to_label_api,1,XOrca,True,True,BPFLoaderUpgradeab1e11111111111111111111111,452087048,2026-09-30T21:35:27Z,
ZERor4xhbUycZ6gb9ntrhqscUcZmAbQDjEAtCf4hbZY,ZeroFi,https://api.jup.ag/swap/v1/program-id-to-label https://lite-api.jup.ag/swap/v1/program-id-to-label,jupiter_program_id_to_label_api,1,ZeroFi,True,True,BPFLoaderUpgradeab1e11111111111111111111111,452087048,2026-09-30T21:35:27Z,
