builder_name,builder_org_derived,address,address_lower,rpc,website,source,source_url,git_commit,evidence_verbatim
48club-puissant-builder-ap,48club,0x48a5Ed9abC1a8FBe86ceC4900483f43a7f2dBB48,0x48a5ed9abc1a8fbe86cec4900483f43a7f2dbb48,https://puissant-builder.48.club,https://www.48.club,good-will-alliance builder-list.toml (current),https://github.com/bnb-chain/good-will-alliance/blob/de8501ff6e7fe9a9b9047859c746894733ec178e/mev-info/bsc-mainnet/builder-list.toml,de8501ff6e7fe9a9b9047859c746894733ec178e,"[48club-puissant-builder-ap]
Address = ""0x48a5Ed9abC1a8FBe86ceC4900483f43a7f2dBB48""
RPC = ""https://puissant-builder.48.club""
Website = ""https://www.48.club""
Description = ""Puissant means powerful in French.""
Contact = ""puissant@48.club"""
48club-puissant-builder-eu,48club,0x487e5Dfe70119C1b320B8219B190a6fa95a5BB48,0x487e5dfe70119c1b320b8219b190a6fa95a5bb48,https://puissant-builder.48.club,https://www.48.club,good-will-alliance builder-list.toml (current),https://github.com/bnb-chain/good-will-alliance/blob/de8501ff6e7fe9a9b9047859c746894733ec178e/mev-info/bsc-mainnet/builder-list.toml,de8501ff6e7fe9a9b9047859c746894733ec178e,"[48club-puissant-builder-eu]
Address = ""0x487e5Dfe70119C1b320B8219B190a6fa95a5BB48""
RPC = ""https://puissant-builder.48.club""
Website = ""https://www.48.club""
Description = ""Puissant means powerful in French.""
Contact = ""puissant@48.club"""
48club-puissant-builder-us,48club,0x48FeE1BB3823D72fdF80671ebaD5646Ae397BB48,0x48fee1bb3823d72fdf80671ebad5646ae397bb48,https://puissant-builder.48.club,https://www.48.club,good-will-alliance builder-list.toml (current),https://github.com/bnb-chain/good-will-alliance/blob/de8501ff6e7fe9a9b9047859c746894733ec178e/mev-info/bsc-mainnet/builder-list.toml,de8501ff6e7fe9a9b9047859c746894733ec178e,"[48club-puissant-builder-us]
Address = ""0x48FeE1BB3823D72fdF80671ebaD5646Ae397BB48""
RPC = ""https://puissant-builder.48.club""
Website = ""https://www.48.club""
Description = ""Puissant means powerful in French.""
Contact = ""puissant@48.club"""
48club-puissant-builder-x,48club,0x48B4bBEbF0655557A461e91B8905b85864B8BB48,0x48b4bbebf0655557a461e91b8905b85864b8bb48,https://puissant-builder.48.club,https://www.48.club,good-will-alliance builder-list.toml (current),https://github.com/bnb-chain/good-will-alliance/blob/de8501ff6e7fe9a9b9047859c746894733ec178e/mev-info/bsc-mainnet/builder-list.toml,de8501ff6e7fe9a9b9047859c746894733ec178e,"[48club-puissant-builder-x]
Address = ""0x48B4bBEbF0655557A461e91B8905b85864B8BB48""
RPC = ""https://puissant-builder.48.club""
Website = ""https://www.48.club""
Description = ""Puissant means powerful in French.""
Contact = ""puissant@48.club"""
48club-puissant-builder-y,48club,0x4827b423D03a349b7519Dda537e9A28d31ecBB48,0x4827b423d03a349b7519dda537e9a28d31ecbb48,https://puissant-builder.48.club,https://www.48.club,good-will-alliance builder-list.toml (current),https://github.com/bnb-chain/good-will-alliance/blob/de8501ff6e7fe9a9b9047859c746894733ec178e/mev-info/bsc-mainnet/builder-list.toml,de8501ff6e7fe9a9b9047859c746894733ec178e,"[48club-puissant-builder-y]
Address = ""0x4827b423D03a349b7519Dda537e9A28d31ecBB48""
RPC = ""https://puissant-builder.48.club""
Website = ""https://www.48.club""
Description = ""Puissant means powerful in French.""
Contact = ""puissant@48.club"""
48club-puissant-builder-z,48club,0x48B2665E5E9a343409199D70F7495c8aB660BB48,0x48b2665e5e9a343409199d70f7495c8ab660bb48,https://puissant-builder.48.club,https://www.48.club,good-will-alliance builder-list.toml (current),https://github.com/bnb-chain/good-will-alliance/blob/de8501ff6e7fe9a9b9047859c746894733ec178e/mev-info/bsc-mainnet/builder-list.toml,de8501ff6e7fe9a9b9047859c746894733ec178e,"[48club-puissant-builder-z]
Address = ""0x48B2665E5E9a343409199D70F7495c8aB660BB48""
RPC = ""https://puissant-builder.48.club""
Website = ""https://www.48.club""
Description = ""Puissant means powerful in French.""
Contact = ""puissant@48.club"""
blockrazor-dublin,blockrazor,0x5532CdB3c0c4278f9848fc4560b495b70bA67455,0x5532cdb3c0c4278f9848fc4560b495b70ba67455,https://dublin.builder.blockrazor.io,https://www.blockrazor.io,good-will-alliance builder-list.toml (current),https://github.com/bnb-chain/good-will-alliance/blob/de8501ff6e7fe9a9b9047859c746894733ec178e/mev-info/bsc-mainnet/builder-list.toml,de8501ff6e7fe9a9b9047859c746894733ec178e,"[blockrazor-dublin]
Address = ""0x5532CdB3c0c4278f9848fc4560b495b70bA67455""
RPC = ""https://dublin.builder.blockrazor.io""
Website = ""https://www.blockrazor.io""
Description = ""We build this neutral builder with multiple strategies and algorithms to make most valuable block. Check our website for more info!""
Contact = ""support@blockrazor.io"""
blockrazor-frankfurt,blockrazor,0xBA4233f6e478DB76698b0A5000972Af0196b7bE1,0xba4233f6e478db76698b0a5000972af0196b7be1,https://frankfurt.builder.blockrazor.io,https://www.blockrazor.io,good-will-alliance builder-list.toml (current),https://github.com/bnb-chain/good-will-alliance/blob/de8501ff6e7fe9a9b9047859c746894733ec178e/mev-info/bsc-mainnet/builder-list.toml,de8501ff6e7fe9a9b9047859c746894733ec178e,"[blockrazor-frankfurt]
Address = ""0xBA4233f6e478DB76698b0A5000972Af0196b7bE1""
RPC = ""https://frankfurt.builder.blockrazor.io""
Website = ""https://www.blockrazor.io""
Description = ""We build this neutral builder with multiple strategies and algorithms to make most valuable block. Check our website for more info!""
Contact = ""support@blockrazor.io"""
blockrazor-nyc,blockrazor,0x539E24781f616F0d912B60813aB75B7b80b75C53,0x539e24781f616f0d912b60813ab75b7b80b75c53,https://nyc.builder.blockrazor.io,https://www.blockrazor.io,good-will-alliance builder-list.toml (current),https://github.com/bnb-chain/good-will-alliance/blob/de8501ff6e7fe9a9b9047859c746894733ec178e/mev-info/bsc-mainnet/builder-list.toml,de8501ff6e7fe9a9b9047859c746894733ec178e,"[blockrazor-nyc]
Address = ""0x539E24781f616F0d912B60813aB75B7b80b75C53""
RPC = ""https://nyc.builder.blockrazor.io""
Website = ""https://www.blockrazor.io""
Description = ""We build this neutral builder with multiple strategies and algorithms to make most valuable block. Check our website for more info!""
Contact = ""support@blockrazor.io"""
blockrazor-relay,blockrazor,0x49D91b1Ab0CC6A1591c2e5863E602d7159d36149,0x49d91b1ab0cc6a1591c2e5863e602d7159d36149,https://relay.builder.blockrazor.io,https://www.blockrazor.io,good-will-alliance builder-list.toml (current),https://github.com/bnb-chain/good-will-alliance/blob/de8501ff6e7fe9a9b9047859c746894733ec178e/mev-info/bsc-mainnet/builder-list.toml,de8501ff6e7fe9a9b9047859c746894733ec178e,"[blockrazor-relay]
Address = ""0x49D91b1Ab0CC6A1591c2e5863E602d7159d36149""
RPC = ""https://relay.builder.blockrazor.io""
Website = ""https://www.blockrazor.io""
Description = ""We provide an audited builder solution that ensures each block, transaction, and bundle is scrutinized by authoritative security agencies. Utilizing multiple strategies and advanced algorithms, we aim to build the most valuable and secure blocks. Visit our website for more information!""
Contact = ""support@blockrazor.io"""
blockrazor-tokyo,blockrazor,0x50061047B9c7150f0Dc105f79588D1B07D2be250,0x50061047b9c7150f0dc105f79588d1b07d2be250,https://tokyo.builder.blockrazor.io,https://www.blockrazor.io,good-will-alliance builder-list.toml (current),https://github.com/bnb-chain/good-will-alliance/blob/de8501ff6e7fe9a9b9047859c746894733ec178e/mev-info/bsc-mainnet/builder-list.toml,de8501ff6e7fe9a9b9047859c746894733ec178e,"[blockrazor-tokyo]
Address = ""0x50061047B9c7150f0Dc105f79588D1B07D2be250""
RPC = ""https://tokyo.builder.blockrazor.io""
Website = ""https://www.blockrazor.io""
Description = ""We build this neutral builder with multiple strategies and algorithms to make most valuable block. Check our website for more info!""
Contact = ""support@blockrazor.io"""
blockrazor-virginia,blockrazor,0x0557E8CB169F90F6eF421a54e29d7dd0629Ca597,0x0557e8cb169f90f6ef421a54e29d7dd0629ca597,https://virginia.builder.blockrazor.io,https://www.blockrazor.io,good-will-alliance builder-list.toml (current),https://github.com/bnb-chain/good-will-alliance/blob/de8501ff6e7fe9a9b9047859c746894733ec178e/mev-info/bsc-mainnet/builder-list.toml,de8501ff6e7fe9a9b9047859c746894733ec178e,"[blockrazor-virginia]
Address = ""0x0557E8CB169F90F6eF421a54e29d7dd0629Ca597""
RPC = ""https://virginia.builder.blockrazor.io""
Website = ""https://www.blockrazor.io""
Description = ""We build this neutral builder with multiple strategies and algorithms to make most valuable block. Check our website for more info!""
Contact = ""support@blockrazor.io"""
blockrazor-x,blockrazor,0x488e37fcB2024A5B2F4342c7dE636f0825dE6448,0x488e37fcb2024a5b2f4342c7de636f0825de6448,https://x.builder.blockrazor.io,https://www.blockrazor.io,good-will-alliance builder-list.toml (current),https://github.com/bnb-chain/good-will-alliance/blob/de8501ff6e7fe9a9b9047859c746894733ec178e/mev-info/bsc-mainnet/builder-list.toml,de8501ff6e7fe9a9b9047859c746894733ec178e,"[blockrazor-x]
Address = ""0x488e37fcB2024A5B2F4342c7dE636f0825dE6448""
RPC = ""https://x.builder.blockrazor.io""
Website = ""https://www.blockrazor.io""
Description = ""We provide an audited builder solution that ensures each block, transaction, and bundle is scrutinized by authoritative security agencies. Utilizing multiple strategies and advanced algorithms, we aim to build the most valuable and secure blocks. Visit our website for more information!""
Contact = ""support@blockrazor.io"""
bloxroute-builder-dublin,bloxroute,0xD4376FdC9b49d90e6526dAa929f2766a33BFFD52,0xd4376fdc9b49d90e6526daa929f2766a33bffd52,https://bsc-builder-dublin.blxrbdn.com,https://bloxroute.com,good-will-alliance builder-list.toml (current),https://github.com/bnb-chain/good-will-alliance/blob/de8501ff6e7fe9a9b9047859c746894733ec178e/mev-info/bsc-mainnet/builder-list.toml,de8501ff6e7fe9a9b9047859c746894733ec178e,"[bloxroute-builder-dublin]
Address = ""0xD4376FdC9b49d90e6526dAa929f2766a33BFFD52""
RPC = ""https://bsc-builder-dublin.blxrbdn.com""
Website = ""https://bloxroute.com""
Contact = ""support@bloxroute.com"""
bloxroute-builder-frankfurt,bloxroute,0x2873fc7aD9122933BECB384f5856f0E87918388d,0x2873fc7ad9122933becb384f5856f0e87918388d,https://bsc-builder-frankfurt.blxrbdn.com,https://bloxroute.com,good-will-alliance builder-list.toml (current),https://github.com/bnb-chain/good-will-alliance/blob/de8501ff6e7fe9a9b9047859c746894733ec178e/mev-info/bsc-mainnet/builder-list.toml,de8501ff6e7fe9a9b9047859c746894733ec178e,"[bloxroute-builder-frankfurt]
Address = ""0x2873fc7aD9122933BECB384f5856f0E87918388d""
RPC = ""https://bsc-builder-frankfurt.blxrbdn.com""
Website = ""https://bloxroute.com""
Contact = ""support@bloxroute.com"""
bloxroute-builder-japan,bloxroute,0x432101856a330aafdeB049dD5fA03a756B3f1c66,0x432101856a330aafdeb049dd5fa03a756b3f1c66,https://bsc-builder-japan.blxrbdn.com,https://bloxroute.com,good-will-alliance builder-list.toml (current),https://github.com/bnb-chain/good-will-alliance/blob/de8501ff6e7fe9a9b9047859c746894733ec178e/mev-info/bsc-mainnet/builder-list.toml,de8501ff6e7fe9a9b9047859c746894733ec178e,"[bloxroute-builder-japan]
Address = ""0x432101856a330aafdeB049dD5fA03a756B3f1c66""
RPC = ""https://bsc-builder-japan.blxrbdn.com""
Website = ""https://bloxroute.com""
Contact = ""support@bloxroute.com"""
bloxroute-builder-nyc,bloxroute,0x2B217a4158933AAdE6D6494e3791D454B4D13AE7,0x2b217a4158933aade6d6494e3791d454b4d13ae7,https://bsc-builder-nyc.blxrbdn.com,https://bloxroute.com,good-will-alliance builder-list.toml (current),https://github.com/bnb-chain/good-will-alliance/blob/de8501ff6e7fe9a9b9047859c746894733ec178e/mev-info/bsc-mainnet/builder-list.toml,de8501ff6e7fe9a9b9047859c746894733ec178e,"[bloxroute-builder-nyc]
Address = ""0x2B217a4158933AAdE6D6494e3791D454B4D13AE7""
RPC = ""https://bsc-builder-nyc.blxrbdn.com""
Website = ""https://bloxroute.com""
Contact = ""support@bloxroute.com"""
bloxroute-builder-singapore,bloxroute,0xE1ec1AeCE7953ecB4539749B9AA2eEF63354860a,0xe1ec1aece7953ecb4539749b9aa2eef63354860a,https://bsc-builder-singapore.blxrbdn.com,https://bloxroute.com,good-will-alliance builder-list.toml (current),https://github.com/bnb-chain/good-will-alliance/blob/de8501ff6e7fe9a9b9047859c746894733ec178e/mev-info/bsc-mainnet/builder-list.toml,de8501ff6e7fe9a9b9047859c746894733ec178e,"[bloxroute-builder-singapore]
Address = ""0xE1ec1AeCE7953ecB4539749B9AA2eEF63354860a""
RPC = ""https://bsc-builder-singapore.blxrbdn.com""
Website = ""https://bloxroute.com""
Contact = ""support@bloxroute.com"""
bloxroute-builder-virginia,bloxroute,0x89434FC3a09e583F2cb4e47A8B8fe58De8BE6a15,0x89434fc3a09e583f2cb4e47a8b8fe58de8be6a15,https://bsc-builder-virginia.blxrbdn.com,https://bloxroute.com,good-will-alliance builder-list.toml (current),https://github.com/bnb-chain/good-will-alliance/blob/de8501ff6e7fe9a9b9047859c746894733ec178e/mev-info/bsc-mainnet/builder-list.toml,de8501ff6e7fe9a9b9047859c746894733ec178e,"[bloxroute-builder-virginia]
Address = ""0x89434FC3a09e583F2cb4e47A8B8fe58De8BE6a15""
RPC = ""https://bsc-builder-virginia.blxrbdn.com""
Website = ""https://bloxroute.com""
Contact = ""support@bloxroute.com"""
jetbldr-ap,jetbldr,0x36CB523286D57680efBbfb417C63653115bCEBB5,0x36cb523286d57680efbbfb417c63653115bcebb5,https://rpc.bsc.jetbldr.xyz,https://jetbldr.xyz/,good-will-alliance builder-list.toml (current),https://github.com/bnb-chain/good-will-alliance/blob/de8501ff6e7fe9a9b9047859c746894733ec178e/mev-info/bsc-mainnet/builder-list.toml,de8501ff6e7fe9a9b9047859c746894733ec178e,"[jetbldr-ap]
Address = ""0x36CB523286D57680efBbfb417C63653115bCEBB5""
RPC = ""https://rpc.bsc.jetbldr.xyz""
Website = ""https://jetbldr.xyz/""
Description = ""JetBuilder on BSC network""
Contact = ""hi@jetbldr.xyz"""
jetbldr-eu,jetbldr,0x3aD6121407f6EDb65C8B2a518515D45863C206A8,0x3ad6121407f6edb65c8b2a518515d45863c206a8,https://rpc.bsc.jetbldr.xyz,https://jetbldr.xyz/,good-will-alliance builder-list.toml (current),https://github.com/bnb-chain/good-will-alliance/blob/de8501ff6e7fe9a9b9047859c746894733ec178e/mev-info/bsc-mainnet/builder-list.toml,de8501ff6e7fe9a9b9047859c746894733ec178e,"[jetbldr-eu]
Address = ""0x3aD6121407f6EDb65C8B2a518515D45863C206A8""
RPC = ""https://rpc.bsc.jetbldr.xyz""
Website = ""https://jetbldr.xyz/""
Description = ""JetBuilder on BSC network""
Contact = ""hi@jetbldr.xyz"""
jetbldr-us,jetbldr,0x345324dC15F1CDcF9022E3B7F349e911fb823b4C,0x345324dc15f1cdcf9022e3b7f349e911fb823b4c,https://rpc.bsc.jetbldr.xyz,https://jetbldr.xyz/,good-will-alliance builder-list.toml (current),https://github.com/bnb-chain/good-will-alliance/blob/de8501ff6e7fe9a9b9047859c746894733ec178e/mev-info/bsc-mainnet/builder-list.toml,de8501ff6e7fe9a9b9047859c746894733ec178e,"[jetbldr-us]
Address = ""0x345324dC15F1CDcF9022E3B7F349e911fb823b4C""
RPC = ""https://rpc.bsc.jetbldr.xyz""
Website = ""https://jetbldr.xyz/""
Description = ""JetBuilder on BSC network""
Contact = ""hi@jetbldr.xyz"""
jetbldr-dublin,jetbldr,0xfd38358475078F81a45077f6e59dff8286e0dCA1,0xfd38358475078f81a45077f6e59dff8286e0dca1,https://rpc.bsc.jetbldr.xyz,https://jetbldr.xyz/,good-will-alliance builder-list.toml (current),https://github.com/bnb-chain/good-will-alliance/blob/de8501ff6e7fe9a9b9047859c746894733ec178e/mev-info/bsc-mainnet/builder-list.toml,de8501ff6e7fe9a9b9047859c746894733ec178e,"[jetbldr-dublin]
Address = ""0xfd38358475078F81a45077f6e59dff8286e0dCA1""
RPC = ""https://rpc.bsc.jetbldr.xyz""
Website = ""https://jetbldr.xyz/""
Description = ""JetBuilder on BSC network""
Contact = ""hi@jetbldr.xyz"""
jetbldr-tokyo,jetbldr,0x7F5fbFd8e2eB3160dF4c96757DEEf29E26F969a3,0x7f5fbfd8e2eb3160df4c96757deef29e26f969a3,https://rpc.bsc.jetbldr.xyz,https://jetbldr.xyz/,good-will-alliance builder-list.toml (current),https://github.com/bnb-chain/good-will-alliance/blob/de8501ff6e7fe9a9b9047859c746894733ec178e/mev-info/bsc-mainnet/builder-list.toml,de8501ff6e7fe9a9b9047859c746894733ec178e,"[jetbldr-tokyo]
Address = ""0x7F5fbFd8e2eB3160dF4c96757DEEf29E26F969a3""
RPC = ""https://rpc.bsc.jetbldr.xyz""
Website = ""https://jetbldr.xyz/""
Description = ""JetBuilder on BSC network""
Contact = ""hi@jetbldr.xyz"""
jetbldr-virginia,jetbldr,0xA0Cde9891C6966fCe740817cc5576De2C669AB43,0xa0cde9891c6966fce740817cc5576de2c669ab43,https://rpc.bsc.jetbldr.xyz,https://jetbldr.xyz/,good-will-alliance builder-list.toml (current),https://github.com/bnb-chain/good-will-alliance/blob/de8501ff6e7fe9a9b9047859c746894733ec178e/mev-info/bsc-mainnet/builder-list.toml,de8501ff6e7fe9a9b9047859c746894733ec178e,"[jetbldr-virginia]
Address = ""0xA0Cde9891C6966fCe740817cc5576De2C669AB43""
RPC = ""https://rpc.bsc.jetbldr.xyz""
Website = ""https://jetbldr.xyz/""
Description = ""JetBuilder on BSC network""
Contact = ""hi@jetbldr.xyz"""
nodereal-ap-1,nodereal,0x79102dB16781ddDfF63F301C9Be557Fd1Dd48fA0,0x79102db16781dddff63f301c9be557fd1dd48fa0,https://bsc-mainnet-builder.nodereal.io,https://nodereal.io/,good-will-alliance builder-list.toml (current),https://github.com/bnb-chain/good-will-alliance/blob/de8501ff6e7fe9a9b9047859c746894733ec178e/mev-info/bsc-mainnet/builder-list.toml,de8501ff6e7fe9a9b9047859c746894733ec178e,"[nodereal-ap-1]
Address = ""0x79102dB16781ddDfF63F301C9Be557Fd1Dd48fA0""
RPC = ""https://bsc-mainnet-builder.nodereal.io""
Website = ""https://nodereal.io/""
Description = ""Advanced Infrastructure Provider for EVM blockchains."""
nodereal-ap-2,nodereal,0x5B526b45e833704d84b5C2EB0F41323dA9466c48,0x5b526b45e833704d84b5c2eb0f41323da9466c48,https://bsc-mainnet-builder.nodereal.io,https://nodereal.io/,good-will-alliance builder-list.toml (current),https://github.com/bnb-chain/good-will-alliance/blob/de8501ff6e7fe9a9b9047859c746894733ec178e/mev-info/bsc-mainnet/builder-list.toml,de8501ff6e7fe9a9b9047859c746894733ec178e,"[nodereal-ap-2]
Address = ""0x5B526b45e833704d84b5C2EB0F41323dA9466c48""
RPC = ""https://bsc-mainnet-builder.nodereal.io""
Website = ""https://nodereal.io/""
Description = ""Advanced Infrastructure Provider for EVM blockchains."""
nodereal-eu-1,nodereal,0xd0d56b330a0dea077208b96910ce452fd77e1b6f,0xd0d56b330a0dea077208b96910ce452fd77e1b6f,https://bsc-mainnet-builder.nodereal.io,https://nodereal.io/,good-will-alliance builder-list.toml (current),https://github.com/bnb-chain/good-will-alliance/blob/de8501ff6e7fe9a9b9047859c746894733ec178e/mev-info/bsc-mainnet/builder-list.toml,de8501ff6e7fe9a9b9047859c746894733ec178e,"[nodereal-eu-1]
Address = ""0xd0d56b330a0dea077208b96910ce452fd77e1b6f""
RPC = ""https://bsc-mainnet-builder.nodereal.io""
Website = ""https://nodereal.io/""
Description = ""Advanced Infrastructure Provider for EVM blockchains."""
nodereal-eu-2,nodereal,0xa547F87B2BADE689a404544859314CBC01f2605e,0xa547f87b2bade689a404544859314cbc01f2605e,https://bsc-mainnet-builder.nodereal.io,https://nodereal.io/,good-will-alliance builder-list.toml (current),https://github.com/bnb-chain/good-will-alliance/blob/de8501ff6e7fe9a9b9047859c746894733ec178e/mev-info/bsc-mainnet/builder-list.toml,de8501ff6e7fe9a9b9047859c746894733ec178e,"[nodereal-eu-2]
Address = ""0xa547F87B2BADE689a404544859314CBC01f2605e""
RPC = ""https://bsc-mainnet-builder.nodereal.io""
Website = ""https://nodereal.io/""
Description = ""Advanced Infrastructure Provider for EVM blockchains."""
nodereal-us-1,nodereal,0x4f24ce4cd03a6503de97cf139af2c26347930b99,0x4f24ce4cd03a6503de97cf139af2c26347930b99,https://bsc-mainnet-builder.nodereal.io,https://nodereal.io/,good-will-alliance builder-list.toml (current),https://github.com/bnb-chain/good-will-alliance/blob/de8501ff6e7fe9a9b9047859c746894733ec178e/mev-info/bsc-mainnet/builder-list.toml,de8501ff6e7fe9a9b9047859c746894733ec178e,"[nodereal-us-1]
Address = ""0x4f24ce4cd03a6503de97cf139af2c26347930b99""
RPC = ""https://bsc-mainnet-builder.nodereal.io""
Website = ""https://nodereal.io/""
Description = ""Advanced Infrastructure Provider for EVM blockchains."""
nodereal-us-2,nodereal,0xFD3F1Ad459D585C50Cf4630649817C6E0cec7335,0xfd3f1ad459d585c50cf4630649817c6e0cec7335,https://bsc-mainnet-builder.nodereal.io,https://nodereal.io/,good-will-alliance builder-list.toml (current),https://github.com/bnb-chain/good-will-alliance/blob/de8501ff6e7fe9a9b9047859c746894733ec178e/mev-info/bsc-mainnet/builder-list.toml,de8501ff6e7fe9a9b9047859c746894733ec178e,"[nodereal-us-2]
Address = ""0xFD3F1Ad459D585C50Cf4630649817C6E0cec7335""
RPC = ""https://bsc-mainnet-builder.nodereal.io""
Website = ""https://nodereal.io/""
Description = ""Advanced Infrastructure Provider for EVM blockchains."""
flashblock-us,flashblock,0x9c6b0870752cdd1b3f9aac28c0207e8126f8e1b8,0x9c6b0870752cdd1b3f9aac28c0207e8126f8e1b8,https://us.bsc.flashblock.trade,https://www.flashblock.trade,good-will-alliance builder-list.toml (current),https://github.com/bnb-chain/good-will-alliance/blob/de8501ff6e7fe9a9b9047859c746894733ec178e/mev-info/bsc-mainnet/builder-list.toml,de8501ff6e7fe9a9b9047859c746894733ec178e,"[flashblock-us]
Address = ""0x9c6b0870752cdd1b3f9aac28c0207e8126f8e1b8""
RPC = ""https://us.bsc.flashblock.trade""
Website = ""https://www.flashblock.trade""
Description = ""Built for Traders. Lightning-Fast Transaction Execution on BSC."""
flashblock-eu,flashblock,0x89b08890751b28511541f5fed08d7d964caae911,0x89b08890751b28511541f5fed08d7d964caae911,https://us.bsc.flashblock.trade,https://www.flashblock.trade,good-will-alliance builder-list.toml (current),https://github.com/bnb-chain/good-will-alliance/blob/de8501ff6e7fe9a9b9047859c746894733ec178e/mev-info/bsc-mainnet/builder-list.toml,de8501ff6e7fe9a9b9047859c746894733ec178e,"[flashblock-eu]
Address = ""0x89b08890751b28511541f5fed08d7d964caae911""
RPC = ""https://us.bsc.flashblock.trade""
Website = ""https://www.flashblock.trade""
Description = ""Built for Traders. Lightning-Fast Transaction Execution on BSC."""
48club-puissant-builder-ap,48club,0x48a5Ed9abC1a8FBe86ceC4900483f43a7f2dBB48,0x48a5ed9abc1a8fbe86cec4900483f43a7f2dbb48,https://puissant-builder.48.club,https://www.48.club,bsc-mev-info builder-list.toml (file header: deprecated),https://github.com/bnb-chain/bsc-mev-info/blob/c6ceebbd4ae3c9b33ce139af5005a73857ae67e3/mainnet/builder-list.toml,c6ceebbd4ae3c9b33ce139af5005a73857ae67e3,"[48club-puissant-builder-ap]
Address = ""0x48a5Ed9abC1a8FBe86ceC4900483f43a7f2dBB48""
RPC = ""https://puissant-builder.48.club""
Website = ""https://www.48.club""
Description = ""Puissant means powerful in French.""
Contact = ""puissant@48.club"""
48club-puissant-builder-eu,48club,0x487e5Dfe70119C1b320B8219B190a6fa95a5BB48,0x487e5dfe70119c1b320b8219b190a6fa95a5bb48,https://puissant-builder.48.club,https://www.48.club,bsc-mev-info builder-list.toml (file header: deprecated),https://github.com/bnb-chain/bsc-mev-info/blob/c6ceebbd4ae3c9b33ce139af5005a73857ae67e3/mainnet/builder-list.toml,c6ceebbd4ae3c9b33ce139af5005a73857ae67e3,"[48club-puissant-builder-eu]
Address = ""0x487e5Dfe70119C1b320B8219B190a6fa95a5BB48""
RPC = ""https://puissant-builder.48.club""
Website = ""https://www.48.club""
Description = ""Puissant means powerful in French.""
Contact = ""puissant@48.club"""
48club-puissant-builder-us,48club,0x48FeE1BB3823D72fdF80671ebaD5646Ae397BB48,0x48fee1bb3823d72fdf80671ebad5646ae397bb48,https://puissant-builder.48.club,https://www.48.club,bsc-mev-info builder-list.toml (file header: deprecated),https://github.com/bnb-chain/bsc-mev-info/blob/c6ceebbd4ae3c9b33ce139af5005a73857ae67e3/mainnet/builder-list.toml,c6ceebbd4ae3c9b33ce139af5005a73857ae67e3,"[48club-puissant-builder-us]
Address = ""0x48FeE1BB3823D72fdF80671ebaD5646Ae397BB48""
RPC = ""https://puissant-builder.48.club""
Website = ""https://www.48.club""
Description = ""Puissant means powerful in French.""
Contact = ""puissant@48.club"""
48club-puissant-builder-x,48club,0x48B4bBEbF0655557A461e91B8905b85864B8BB48,0x48b4bbebf0655557a461e91b8905b85864b8bb48,https://puissant-builder.48.club,https://www.48.club,bsc-mev-info builder-list.toml (file header: deprecated),https://github.com/bnb-chain/bsc-mev-info/blob/c6ceebbd4ae3c9b33ce139af5005a73857ae67e3/mainnet/builder-list.toml,c6ceebbd4ae3c9b33ce139af5005a73857ae67e3,"[48club-puissant-builder-x]
Address = ""0x48B4bBEbF0655557A461e91B8905b85864B8BB48""
RPC = ""https://puissant-builder.48.club""
Website = ""https://www.48.club""
Description = ""Puissant means powerful in French.""
Contact = ""puissant@48.club"""
48club-puissant-builder-y,48club,0x4827b423D03a349b7519Dda537e9A28d31ecBB48,0x4827b423d03a349b7519dda537e9a28d31ecbb48,https://puissant-builder.48.club,https://www.48.club,bsc-mev-info builder-list.toml (file header: deprecated),https://github.com/bnb-chain/bsc-mev-info/blob/c6ceebbd4ae3c9b33ce139af5005a73857ae67e3/mainnet/builder-list.toml,c6ceebbd4ae3c9b33ce139af5005a73857ae67e3,"[48club-puissant-builder-y]
Address = ""0x4827b423D03a349b7519Dda537e9A28d31ecBB48""
RPC = ""https://puissant-builder.48.club""
Website = ""https://www.48.club""
Description = ""Puissant means powerful in French.""
Contact = ""puissant@48.club"""
48club-puissant-builder-z,48club,0x48B2665E5E9a343409199D70F7495c8aB660BB48,0x48b2665e5e9a343409199d70f7495c8ab660bb48,https://puissant-builder.48.club,https://www.48.club,bsc-mev-info builder-list.toml (file header: deprecated),https://github.com/bnb-chain/bsc-mev-info/blob/c6ceebbd4ae3c9b33ce139af5005a73857ae67e3/mainnet/builder-list.toml,c6ceebbd4ae3c9b33ce139af5005a73857ae67e3,"[48club-puissant-builder-z]
Address = ""0x48B2665E5E9a343409199D70F7495c8aB660BB48""
RPC = ""https://puissant-builder.48.club""
Website = ""https://www.48.club""
Description = ""Puissant means powerful in French.""
Contact = ""puissant@48.club"""
blockbus-builder-dublin,blockbus,0x3FC0c936c00908c07723ffbf2d536D6E0f62C3A4,0x3fc0c936c00908c07723ffbf2d536d6e0f62c3a4,https://bsc-dublin.blockbus.xyz,https://www.blockbus.xyz/,bsc-mev-info builder-list.toml (file header: deprecated),https://github.com/bnb-chain/bsc-mev-info/blob/c6ceebbd4ae3c9b33ce139af5005a73857ae67e3/mainnet/builder-list.toml,c6ceebbd4ae3c9b33ce139af5005a73857ae67e3,"[blockbus-builder-dublin]
Address = ""0x3FC0c936c00908c07723ffbf2d536D6E0f62C3A4""
RPC = ""https://bsc-dublin.blockbus.xyz""
Website = ""https://www.blockbus.xyz/""
Description = ""Scientific, Powerful, Efficient, Focused, Security, Privacy, BlockBus Builder."""
blockbus-builder-tokyo,blockbus,0x17e9F0D7E45A500f0148B29C6C98EfD19d95F138,0x17e9f0d7e45a500f0148b29c6c98efd19d95f138,https://bsc-tokyo.blockbus.xyz,https://www.blockbus.xyz/,bsc-mev-info builder-list.toml (file header: deprecated),https://github.com/bnb-chain/bsc-mev-info/blob/c6ceebbd4ae3c9b33ce139af5005a73857ae67e3/mainnet/builder-list.toml,c6ceebbd4ae3c9b33ce139af5005a73857ae67e3,"[blockbus-builder-tokyo]
Address = ""0x17e9F0D7E45A500f0148B29C6C98EfD19d95F138""
RPC = ""https://bsc-tokyo.blockbus.xyz""
Website = ""https://www.blockbus.xyz/""
Description = ""Scientific, Powerful, Efficient, Focused, Security, Privacy, BlockBus Builder."""
blockbus-builder-virginia,blockbus,0x1319Be8b8Ec4AA81f501924BdCF365fBcAa8d753,0x1319be8b8ec4aa81f501924bdcf365fbcaa8d753,https://bsc-virginia.blockbus.xyz,https://www.blockbus.xyz/,bsc-mev-info builder-list.toml (file header: deprecated),https://github.com/bnb-chain/bsc-mev-info/blob/c6ceebbd4ae3c9b33ce139af5005a73857ae67e3/mainnet/builder-list.toml,c6ceebbd4ae3c9b33ce139af5005a73857ae67e3,"[blockbus-builder-virginia]
Address = ""0x1319Be8b8Ec4AA81f501924BdCF365fBcAa8d753""
RPC = ""https://bsc-virginia.blockbus.xyz""
Website = ""https://www.blockbus.xyz/""
Description = ""Scientific, Powerful, Efficient, Focused, Security, Privacy, BlockBus Builder."""
blockrazor-dublin,blockrazor,0x5532CdB3c0c4278f9848fc4560b495b70bA67455,0x5532cdb3c0c4278f9848fc4560b495b70ba67455,https://dublin.builder.blockrazor.io,https://www.blockrazor.io,bsc-mev-info builder-list.toml (file header: deprecated),https://github.com/bnb-chain/bsc-mev-info/blob/c6ceebbd4ae3c9b33ce139af5005a73857ae67e3/mainnet/builder-list.toml,c6ceebbd4ae3c9b33ce139af5005a73857ae67e3,"[blockrazor-dublin]
Address = ""0x5532CdB3c0c4278f9848fc4560b495b70bA67455""
RPC = ""https://dublin.builder.blockrazor.io""
Website = ""https://www.blockrazor.io""
Description = ""We build this neutral builder with multiple strategies and algorithms to make most valuable block. Check our website for more info!""
Contact = ""support@blockrazor.io"""
blockrazor-frankfurt,blockrazor,0xBA4233f6e478DB76698b0A5000972Af0196b7bE1,0xba4233f6e478db76698b0a5000972af0196b7be1,https://frankfurt.builder.blockrazor.io,https://www.blockrazor.io,bsc-mev-info builder-list.toml (file header: deprecated),https://github.com/bnb-chain/bsc-mev-info/blob/c6ceebbd4ae3c9b33ce139af5005a73857ae67e3/mainnet/builder-list.toml,c6ceebbd4ae3c9b33ce139af5005a73857ae67e3,"[blockrazor-frankfurt]
Address = ""0xBA4233f6e478DB76698b0A5000972Af0196b7bE1""
RPC = ""https://frankfurt.builder.blockrazor.io""
Website = ""https://www.blockrazor.io""
Description = ""We build this neutral builder with multiple strategies and algorithms to make most valuable block. Check our website for more info!""
Contact = ""support@blockrazor.io"""
blockrazor-nyc,blockrazor,0x539E24781f616F0d912B60813aB75B7b80b75C53,0x539e24781f616f0d912b60813ab75b7b80b75c53,https://nyc.builder.blockrazor.io,https://www.blockrazor.io,bsc-mev-info builder-list.toml (file header: deprecated),https://github.com/bnb-chain/bsc-mev-info/blob/c6ceebbd4ae3c9b33ce139af5005a73857ae67e3/mainnet/builder-list.toml,c6ceebbd4ae3c9b33ce139af5005a73857ae67e3,"[blockrazor-nyc]
Address = ""0x539E24781f616F0d912B60813aB75B7b80b75C53""
RPC = ""https://nyc.builder.blockrazor.io""
Website = ""https://www.blockrazor.io""
Description = ""We build this neutral builder with multiple strategies and algorithms to make most valuable block. Check our website for more info!""
Contact = ""support@blockrazor.io"""
blockrazor-relay,blockrazor,0x49D91b1Ab0CC6A1591c2e5863E602d7159d36149,0x49d91b1ab0cc6a1591c2e5863e602d7159d36149,https://relay.builder.blockrazor.io,https://www.blockrazor.io,bsc-mev-info builder-list.toml (file header: deprecated),https://github.com/bnb-chain/bsc-mev-info/blob/c6ceebbd4ae3c9b33ce139af5005a73857ae67e3/mainnet/builder-list.toml,c6ceebbd4ae3c9b33ce139af5005a73857ae67e3,"[blockrazor-relay]
Address = ""0x49D91b1Ab0CC6A1591c2e5863E602d7159d36149""
RPC = ""https://relay.builder.blockrazor.io""
Website = ""https://www.blockrazor.io""
Description = ""We provide an audited builder solution that ensures each block, transaction, and bundle is scrutinized by authoritative security agencies. Utilizing multiple strategies and advanced algorithms, we aim to build the most valuable and secure blocks. Visit our website for more information!""
Contact = ""support@blockrazor.io"""
blockrazor-tokyo,blockrazor,0x50061047B9c7150f0Dc105f79588D1B07D2be250,0x50061047b9c7150f0dc105f79588d1b07d2be250,https://tokyo.builder.blockrazor.io,https://www.blockrazor.io,bsc-mev-info builder-list.toml (file header: deprecated),https://github.com/bnb-chain/bsc-mev-info/blob/c6ceebbd4ae3c9b33ce139af5005a73857ae67e3/mainnet/builder-list.toml,c6ceebbd4ae3c9b33ce139af5005a73857ae67e3,"[blockrazor-tokyo]
Address = ""0x50061047B9c7150f0Dc105f79588D1B07D2be250""
RPC = ""https://tokyo.builder.blockrazor.io""
Website = ""https://www.blockrazor.io""
Description = ""We build this neutral builder with multiple strategies and algorithms to make most valuable block. Check our website for more info!""
Contact = ""support@blockrazor.io"""
blockrazor-virginia,blockrazor,0x0557E8CB169F90F6eF421a54e29d7dd0629Ca597,0x0557e8cb169f90f6ef421a54e29d7dd0629ca597,https://virginia.builder.blockrazor.io,https://www.blockrazor.io,bsc-mev-info builder-list.toml (file header: deprecated),https://github.com/bnb-chain/bsc-mev-info/blob/c6ceebbd4ae3c9b33ce139af5005a73857ae67e3/mainnet/builder-list.toml,c6ceebbd4ae3c9b33ce139af5005a73857ae67e3,"[blockrazor-virginia]
Address = ""0x0557E8CB169F90F6eF421a54e29d7dd0629Ca597""
RPC = ""https://virginia.builder.blockrazor.io""
Website = ""https://www.blockrazor.io""
Description = ""We build this neutral builder with multiple strategies and algorithms to make most valuable block. Check our website for more info!""
Contact = ""support@blockrazor.io"""
blockrazor-x,blockrazor,0x488e37fcB2024A5B2F4342c7dE636f0825dE6448,0x488e37fcb2024a5b2f4342c7de636f0825de6448,https://x.builder.blockrazor.io,https://www.blockrazor.io,bsc-mev-info builder-list.toml (file header: deprecated),https://github.com/bnb-chain/bsc-mev-info/blob/c6ceebbd4ae3c9b33ce139af5005a73857ae67e3/mainnet/builder-list.toml,c6ceebbd4ae3c9b33ce139af5005a73857ae67e3,"[blockrazor-x]
Address = ""0x488e37fcB2024A5B2F4342c7dE636f0825dE6448""
RPC = ""https://x.builder.blockrazor.io""
Website = ""https://www.blockrazor.io""
Description = ""We provide an audited builder solution that ensures each block, transaction, and bundle is scrutinized by authoritative security agencies. Utilizing multiple strategies and advanced algorithms, we aim to build the most valuable and secure blocks. Visit our website for more information!""
Contact = ""support@blockrazor.io"""
blocksmith-ap,blocksmith,0x6Dddf681C908705472D09B1D7036B2241B50e5c7,0x6dddf681c908705472d09b1d7036b2241b50e5c7,https://bsc-builder-report-ap.blocksmith.org/,https://blocksmith.org,bsc-mev-info builder-list.toml (file header: deprecated),https://github.com/bnb-chain/bsc-mev-info/blob/c6ceebbd4ae3c9b33ce139af5005a73857ae67e3/mainnet/builder-list.toml,c6ceebbd4ae3c9b33ce139af5005a73857ae67e3,"[blocksmith-ap]
Address = ""0x6Dddf681C908705472D09B1D7036B2241B50e5c7""
RPC = ""https://bsc-builder-report-ap.blocksmith.org/""
Website = ""https://blocksmith.org""
Description = ""We Empower Teams to Excel in DeFi Trading""
Contact = ""dj@blocksmith.org"""
blocksmith-eu,blocksmith,0x76736159984AE865a9b9Cc0Df61484A49dA68191,0x76736159984ae865a9b9cc0df61484a49da68191,https://bsc-builder-report-eu.blocksmith.org/,https://blocksmith.org,bsc-mev-info builder-list.toml (file header: deprecated),https://github.com/bnb-chain/bsc-mev-info/blob/c6ceebbd4ae3c9b33ce139af5005a73857ae67e3/mainnet/builder-list.toml,c6ceebbd4ae3c9b33ce139af5005a73857ae67e3,"[blocksmith-eu]
Address = ""0x76736159984AE865a9b9Cc0Df61484A49dA68191""
RPC = ""https://bsc-builder-report-eu.blocksmith.org/""
Website = ""https://blocksmith.org""
Description = ""We Empower Teams to Excel in DeFi Trading"""
blocksmith-us,blocksmith,0x5054b21D8baea3d602dca8761B235ee10bc0231E,0x5054b21d8baea3d602dca8761b235ee10bc0231e,https://bsc-builder-report-us.blocksmith.org/,https://blocksmith.org,bsc-mev-info builder-list.toml (file header: deprecated),https://github.com/bnb-chain/bsc-mev-info/blob/c6ceebbd4ae3c9b33ce139af5005a73857ae67e3/mainnet/builder-list.toml,c6ceebbd4ae3c9b33ce139af5005a73857ae67e3,"[blocksmith-us]
Address = ""0x5054b21D8baea3d602dca8761B235ee10bc0231E""
RPC = ""https://bsc-builder-report-us.blocksmith.org/""
Website = ""https://blocksmith.org""
Description = ""We Empower Teams to Excel in DeFi Trading"""
bloxroute-builder-dublin,bloxroute,0xD4376FdC9b49d90e6526dAa929f2766a33BFFD52,0xd4376fdc9b49d90e6526daa929f2766a33bffd52,https://bsc-builder-dublin.blxrbdn.com,https://bloxroute.com,bsc-mev-info builder-list.toml (file header: deprecated),https://github.com/bnb-chain/bsc-mev-info/blob/c6ceebbd4ae3c9b33ce139af5005a73857ae67e3/mainnet/builder-list.toml,c6ceebbd4ae3c9b33ce139af5005a73857ae67e3,"[bloxroute-builder-dublin]
Address = ""0xD4376FdC9b49d90e6526dAa929f2766a33BFFD52""
RPC = ""https://bsc-builder-dublin.blxrbdn.com""
Website = ""https://bloxroute.com""
Contact = ""support@bloxroute.com"""
bloxroute-builder-frankfurt,bloxroute,0x2873fc7aD9122933BECB384f5856f0E87918388d,0x2873fc7ad9122933becb384f5856f0e87918388d,https://bsc-builder-frankfurt.blxrbdn.com,https://bloxroute.com,bsc-mev-info builder-list.toml (file header: deprecated),https://github.com/bnb-chain/bsc-mev-info/blob/c6ceebbd4ae3c9b33ce139af5005a73857ae67e3/mainnet/builder-list.toml,c6ceebbd4ae3c9b33ce139af5005a73857ae67e3,"[bloxroute-builder-frankfurt]
Address = ""0x2873fc7aD9122933BECB384f5856f0E87918388d""
RPC = ""https://bsc-builder-frankfurt.blxrbdn.com""
Website = ""https://bloxroute.com""
Contact = ""support@bloxroute.com"""
bloxroute-builder-japan,bloxroute,0x432101856a330aafdeB049dD5fA03a756B3f1c66,0x432101856a330aafdeb049dd5fa03a756b3f1c66,https://bsc-builder-japan.blxrbdn.com,https://bloxroute.com,bsc-mev-info builder-list.toml (file header: deprecated),https://github.com/bnb-chain/bsc-mev-info/blob/c6ceebbd4ae3c9b33ce139af5005a73857ae67e3/mainnet/builder-list.toml,c6ceebbd4ae3c9b33ce139af5005a73857ae67e3,"[bloxroute-builder-japan]
Address = ""0x432101856a330aafdeB049dD5fA03a756B3f1c66""
RPC = ""https://bsc-builder-japan.blxrbdn.com""
Website = ""https://bloxroute.com""
Contact = ""support@bloxroute.com"""
bloxroute-builder-nyc,bloxroute,0x2B217a4158933AAdE6D6494e3791D454B4D13AE7,0x2b217a4158933aade6d6494e3791d454b4d13ae7,https://bsc-builder-nyc.blxrbdn.com,https://bloxroute.com,bsc-mev-info builder-list.toml (file header: deprecated),https://github.com/bnb-chain/bsc-mev-info/blob/c6ceebbd4ae3c9b33ce139af5005a73857ae67e3/mainnet/builder-list.toml,c6ceebbd4ae3c9b33ce139af5005a73857ae67e3,"[bloxroute-builder-nyc]
Address = ""0x2B217a4158933AAdE6D6494e3791D454B4D13AE7""
RPC = ""https://bsc-builder-nyc.blxrbdn.com""
Website = ""https://bloxroute.com""
Contact = ""support@bloxroute.com"""
bloxroute-builder-relay,bloxroute,0x0da52E9673529b6E06F444FbBED2904A37f66415,0x0da52e9673529b6e06f444fbbed2904a37f66415,https://bsc-relay.blxrbdn.com,https://bloxroute.com,bsc-mev-info builder-list.toml (file header: deprecated),https://github.com/bnb-chain/bsc-mev-info/blob/c6ceebbd4ae3c9b33ce139af5005a73857ae67e3/mainnet/builder-list.toml,c6ceebbd4ae3c9b33ce139af5005a73857ae67e3,"[bloxroute-builder-relay]
Address = ""0x0da52E9673529b6E06F444FbBED2904A37f66415""
RPC = ""https://bsc-relay.blxrbdn.com""
Website = ""https://bloxroute.com""
Contact = ""support@bloxroute.com"""
bloxroute-builder-singapore,bloxroute,0xE1ec1AeCE7953ecB4539749B9AA2eEF63354860a,0xe1ec1aece7953ecb4539749b9aa2eef63354860a,https://bsc-builder-singapore.blxrbdn.com,https://bloxroute.com,bsc-mev-info builder-list.toml (file header: deprecated),https://github.com/bnb-chain/bsc-mev-info/blob/c6ceebbd4ae3c9b33ce139af5005a73857ae67e3/mainnet/builder-list.toml,c6ceebbd4ae3c9b33ce139af5005a73857ae67e3,"[bloxroute-builder-singapore]
Address = ""0xE1ec1AeCE7953ecB4539749B9AA2eEF63354860a""
RPC = ""https://bsc-builder-singapore.blxrbdn.com""
Website = ""https://bloxroute.com""
Contact = ""support@bloxroute.com"""
bloxroute-builder-virginia,bloxroute,0x89434FC3a09e583F2cb4e47A8B8fe58De8BE6a15,0x89434fc3a09e583f2cb4e47a8b8fe58de8be6a15,https://bsc-builder-virginia.blxrbdn.com,https://bloxroute.com,bsc-mev-info builder-list.toml (file header: deprecated),https://github.com/bnb-chain/bsc-mev-info/blob/c6ceebbd4ae3c9b33ce139af5005a73857ae67e3/mainnet/builder-list.toml,c6ceebbd4ae3c9b33ce139af5005a73857ae67e3,"[bloxroute-builder-virginia]
Address = ""0x89434FC3a09e583F2cb4e47A8B8fe58De8BE6a15""
RPC = ""https://bsc-builder-virginia.blxrbdn.com""
Website = ""https://bloxroute.com""
Contact = ""support@bloxroute.com"""
bloxroute-builder-x,bloxroute,0x10353562E662E333C0c2007400284e0e21cF74fF,0x10353562e662e333c0c2007400284e0e21cf74ff,https://bsc-builder-x.blxrbdn.com,https://bloxroute.com,bsc-mev-info builder-list.toml (file header: deprecated),https://github.com/bnb-chain/bsc-mev-info/blob/c6ceebbd4ae3c9b33ce139af5005a73857ae67e3/mainnet/builder-list.toml,c6ceebbd4ae3c9b33ce139af5005a73857ae67e3,"[bloxroute-builder-x]
Address = ""0x10353562E662E333C0c2007400284e0e21cF74fF""
RPC = ""https://bsc-builder-x.blxrbdn.com""
Website = ""https://bloxroute.com""
Contact = ""support@bloxroute.com"""
darwinbuilder-ap,darwinbuilder,0xa6d6086222812eFD5292fF284b0F7ff2a2B86Af4,0xa6d6086222812efd5292ff284b0f7ff2a2b86af4,https://bsc-builder-ap.darwinbuilder.xyz,https://darwinbuilder.xyz,bsc-mev-info builder-list.toml (file header: deprecated),https://github.com/bnb-chain/bsc-mev-info/blob/c6ceebbd4ae3c9b33ce139af5005a73857ae67e3/mainnet/builder-list.toml,c6ceebbd4ae3c9b33ce139af5005a73857ae67e3,"[darwinbuilder-ap]
Address = ""0xa6d6086222812eFD5292fF284b0F7ff2a2B86Af4""
RPC = ""https://bsc-builder-ap.darwinbuilder.xyz""
Website = ""https://darwinbuilder.xyz""
Description = ""DarwinBuilder on BSC network""
Contact = ""support@darwinbuilder.xyz"""
darwinbuilder-eu,darwinbuilder,0x3265A3243ee84e667a73073504cA4CdeD1413D82,0x3265a3243ee84e667a73073504ca4cded1413d82,https://bsc-builder-eu.darwinbuilder.xyz,https://darwinbuilder.xyz,bsc-mev-info builder-list.toml (file header: deprecated),https://github.com/bnb-chain/bsc-mev-info/blob/c6ceebbd4ae3c9b33ce139af5005a73857ae67e3/mainnet/builder-list.toml,c6ceebbd4ae3c9b33ce139af5005a73857ae67e3,"[darwinbuilder-eu]
Address = ""0x3265A3243ee84e667a73073504cA4CdeD1413D82""
RPC = ""https://bsc-builder-eu.darwinbuilder.xyz""
Website = ""https://darwinbuilder.xyz""
Description = ""DarwinBuilder on BSC network""
Contact = ""support@darwinbuilder.xyz"""
darwinbuilder-us,darwinbuilder,0xdf11CD23992Fd48Cf2d245aC144010673275f285,0xdf11cd23992fd48cf2d245ac144010673275f285,https://bsc-builder-us.darwinbuilder.xyz,https://darwinbuilder.xyz,bsc-mev-info builder-list.toml (file header: deprecated),https://github.com/bnb-chain/bsc-mev-info/blob/c6ceebbd4ae3c9b33ce139af5005a73857ae67e3/mainnet/builder-list.toml,c6ceebbd4ae3c9b33ce139af5005a73857ae67e3,"[darwinbuilder-us]
Address = ""0xdf11CD23992Fd48Cf2d245aC144010673275f285""
RPC = ""https://bsc-builder-us.darwinbuilder.xyz""
Website = ""https://darwinbuilder.xyz""
Description = ""DarwinBuilder on BSC network""
Contact = ""support@darwinbuilder.xyz"""
inblock-ap,inblock,0x9a3234b450518fadA098388B88e00deCAd96ad38,0x9a3234b450518fada098388b88e00decad96ad38,https://bsc-ap.inblock.cc,https://inblock.cc,bsc-mev-info builder-list.toml (file header: deprecated),https://github.com/bnb-chain/bsc-mev-info/blob/c6ceebbd4ae3c9b33ce139af5005a73857ae67e3/mainnet/builder-list.toml,c6ceebbd4ae3c9b33ce139af5005a73857ae67e3,"[inblock-ap]
Address = ""0x9a3234b450518fadA098388B88e00deCAd96ad38""
RPC = ""https://bsc-ap.inblock.cc""
Website = ""https://inblock.cc""
Description = ""The efficient builder through global boost network, smart algorithms, and innovative architecture.""
Contact = ""support@inblock.cc"""
inblock-eu,inblock,0xb49f86586a840AB9920D2f340a85586E50FD30a2,0xb49f86586a840ab9920d2f340a85586e50fd30a2,https://bsc-eu.inblock.cc,https://inblock.cc,bsc-mev-info builder-list.toml (file header: deprecated),https://github.com/bnb-chain/bsc-mev-info/blob/c6ceebbd4ae3c9b33ce139af5005a73857ae67e3/mainnet/builder-list.toml,c6ceebbd4ae3c9b33ce139af5005a73857ae67e3,"[inblock-eu]
Address = ""0xb49f86586a840AB9920D2f340a85586E50FD30a2""
RPC = ""https://bsc-eu.inblock.cc""
Website = ""https://inblock.cc""
Description = ""The efficient builder through global boost network, smart algorithms, and innovative architecture.""
Contact = ""support@inblock.cc"""
inblock-us,inblock,0x0F6D8b72F3687de6f2824903a83B3ba13c0e88A0,0x0f6d8b72f3687de6f2824903a83b3ba13c0e88a0,https://bsc-us.inblock.cc,https://inblock.cc,bsc-mev-info builder-list.toml (file header: deprecated),https://github.com/bnb-chain/bsc-mev-info/blob/c6ceebbd4ae3c9b33ce139af5005a73857ae67e3/mainnet/builder-list.toml,c6ceebbd4ae3c9b33ce139af5005a73857ae67e3,"[inblock-us]
Address = ""0x0F6D8b72F3687de6f2824903a83B3ba13c0e88A0""
RPC = ""https://bsc-us.inblock.cc""
Website = ""https://inblock.cc""
Description = ""The efficient builder through global boost network, smart algorithms, and innovative architecture.""
Contact = ""support@inblock.cc"""
jetbldr-ap,jetbldr,0x36CB523286D57680efBbfb417C63653115bCEBB5,0x36cb523286d57680efbbfb417c63653115bcebb5,https://rpc.bsc.jetbldr.xyz,https://jetbldr.xyz/,bsc-mev-info builder-list.toml (file header: deprecated),https://github.com/bnb-chain/bsc-mev-info/blob/c6ceebbd4ae3c9b33ce139af5005a73857ae67e3/mainnet/builder-list.toml,c6ceebbd4ae3c9b33ce139af5005a73857ae67e3,"[jetbldr-ap]
Address = ""0x36CB523286D57680efBbfb417C63653115bCEBB5""
RPC = ""https://rpc.bsc.jetbldr.xyz""
Website = ""https://jetbldr.xyz/""
Description = ""JetBuilder on BSC network""
Contact = ""hi@jetbldr.xyz"""
jetbldr-eu,jetbldr,0x3aD6121407f6EDb65C8B2a518515D45863C206A8,0x3ad6121407f6edb65c8b2a518515d45863c206a8,https://rpc.bsc.jetbldr.xyz,https://jetbldr.xyz/,bsc-mev-info builder-list.toml (file header: deprecated),https://github.com/bnb-chain/bsc-mev-info/blob/c6ceebbd4ae3c9b33ce139af5005a73857ae67e3/mainnet/builder-list.toml,c6ceebbd4ae3c9b33ce139af5005a73857ae67e3,"[jetbldr-eu]
Address = ""0x3aD6121407f6EDb65C8B2a518515D45863C206A8""
RPC = ""https://rpc.bsc.jetbldr.xyz""
Website = ""https://jetbldr.xyz/""
Description = ""JetBuilder on BSC network""
Contact = ""hi@jetbldr.xyz"""
jetbldr-us,jetbldr,0x345324dC15F1CDcF9022E3B7F349e911fb823b4C,0x345324dc15f1cdcf9022e3b7f349e911fb823b4c,https://rpc.bsc.jetbldr.xyz,https://jetbldr.xyz/,bsc-mev-info builder-list.toml (file header: deprecated),https://github.com/bnb-chain/bsc-mev-info/blob/c6ceebbd4ae3c9b33ce139af5005a73857ae67e3/mainnet/builder-list.toml,c6ceebbd4ae3c9b33ce139af5005a73857ae67e3,"[jetbldr-us]
Address = ""0x345324dC15F1CDcF9022E3B7F349e911fb823b4C""
RPC = ""https://rpc.bsc.jetbldr.xyz""
Website = ""https://jetbldr.xyz/""
Description = ""JetBuilder on BSC network""
Contact = ""hi@jetbldr.xyz"""
jetbldr-dublin,jetbldr,0xfd38358475078F81a45077f6e59dff8286e0dCA1,0xfd38358475078f81a45077f6e59dff8286e0dca1,https://rpc.bsc.jetbldr.xyz,https://jetbldr.xyz/,bsc-mev-info builder-list.toml (file header: deprecated),https://github.com/bnb-chain/bsc-mev-info/blob/c6ceebbd4ae3c9b33ce139af5005a73857ae67e3/mainnet/builder-list.toml,c6ceebbd4ae3c9b33ce139af5005a73857ae67e3,"[jetbldr-dublin]
Address = ""0xfd38358475078F81a45077f6e59dff8286e0dCA1""
RPC = ""https://rpc.bsc.jetbldr.xyz""
Website = ""https://jetbldr.xyz/""
Description = ""JetBuilder on BSC network""
Contact = ""hi@jetbldr.xyz"""
jetbldr-tokyo,jetbldr,0x7F5fbFd8e2eB3160dF4c96757DEEf29E26F969a3,0x7f5fbfd8e2eb3160df4c96757deef29e26f969a3,https://rpc.bsc.jetbldr.xyz,https://jetbldr.xyz/,bsc-mev-info builder-list.toml (file header: deprecated),https://github.com/bnb-chain/bsc-mev-info/blob/c6ceebbd4ae3c9b33ce139af5005a73857ae67e3/mainnet/builder-list.toml,c6ceebbd4ae3c9b33ce139af5005a73857ae67e3,"[jetbldr-tokyo]
Address = ""0x7F5fbFd8e2eB3160dF4c96757DEEf29E26F969a3""
RPC = ""https://rpc.bsc.jetbldr.xyz""
Website = ""https://jetbldr.xyz/""
Description = ""JetBuilder on BSC network""
Contact = ""hi@jetbldr.xyz"""
jetbldr-virginia,jetbldr,0xA0Cde9891C6966fCe740817cc5576De2C669AB43,0xa0cde9891c6966fce740817cc5576de2c669ab43,https://rpc.bsc.jetbldr.xyz,https://jetbldr.xyz/,bsc-mev-info builder-list.toml (file header: deprecated),https://github.com/bnb-chain/bsc-mev-info/blob/c6ceebbd4ae3c9b33ce139af5005a73857ae67e3/mainnet/builder-list.toml,c6ceebbd4ae3c9b33ce139af5005a73857ae67e3,"[jetbldr-virginia]
Address = ""0xA0Cde9891C6966fCe740817cc5576De2C669AB43""
RPC = ""https://rpc.bsc.jetbldr.xyz""
Website = ""https://jetbldr.xyz/""
Description = ""JetBuilder on BSC network""
Contact = ""hi@jetbldr.xyz"""
nodereal-ap-1,nodereal,0x79102dB16781ddDfF63F301C9Be557Fd1Dd48fA0,0x79102db16781dddff63f301c9be557fd1dd48fa0,https://bsc-mainnet-builder.nodereal.io,https://nodereal.io/,bsc-mev-info builder-list.toml (file header: deprecated),https://github.com/bnb-chain/bsc-mev-info/blob/c6ceebbd4ae3c9b33ce139af5005a73857ae67e3/mainnet/builder-list.toml,c6ceebbd4ae3c9b33ce139af5005a73857ae67e3,"[nodereal-ap-1]
Address = ""0x79102dB16781ddDfF63F301C9Be557Fd1Dd48fA0""
RPC = ""https://bsc-mainnet-builder.nodereal.io""
Website = ""https://nodereal.io/""
Description = ""Advanced Infrastructure Provider for EVM blockchains."""
nodereal-ap-2,nodereal,0x5B526b45e833704d84b5C2EB0F41323dA9466c48,0x5b526b45e833704d84b5c2eb0f41323da9466c48,https://bsc-mainnet-builder.nodereal.io,https://nodereal.io/,bsc-mev-info builder-list.toml (file header: deprecated),https://github.com/bnb-chain/bsc-mev-info/blob/c6ceebbd4ae3c9b33ce139af5005a73857ae67e3/mainnet/builder-list.toml,c6ceebbd4ae3c9b33ce139af5005a73857ae67e3,"[nodereal-ap-2]
Address = ""0x5B526b45e833704d84b5C2EB0F41323dA9466c48""
RPC = ""https://bsc-mainnet-builder.nodereal.io""
Website = ""https://nodereal.io/""
Description = ""Advanced Infrastructure Provider for EVM blockchains."""
nodereal-eu-1,nodereal,0xd0d56b330a0dea077208b96910ce452fd77e1b6f,0xd0d56b330a0dea077208b96910ce452fd77e1b6f,https://bsc-mainnet-builder.nodereal.io,https://nodereal.io/,bsc-mev-info builder-list.toml (file header: deprecated),https://github.com/bnb-chain/bsc-mev-info/blob/c6ceebbd4ae3c9b33ce139af5005a73857ae67e3/mainnet/builder-list.toml,c6ceebbd4ae3c9b33ce139af5005a73857ae67e3,"[nodereal-eu-1]
Address = ""0xd0d56b330a0dea077208b96910ce452fd77e1b6f""
RPC = ""https://bsc-mainnet-builder.nodereal.io""
Website = ""https://nodereal.io/""
Description = ""Advanced Infrastructure Provider for EVM blockchains."""
nodereal-eu-2,nodereal,0xa547F87B2BADE689a404544859314CBC01f2605e,0xa547f87b2bade689a404544859314cbc01f2605e,https://bsc-mainnet-builder.nodereal.io,https://nodereal.io/,bsc-mev-info builder-list.toml (file header: deprecated),https://github.com/bnb-chain/bsc-mev-info/blob/c6ceebbd4ae3c9b33ce139af5005a73857ae67e3/mainnet/builder-list.toml,c6ceebbd4ae3c9b33ce139af5005a73857ae67e3,"[nodereal-eu-2]
Address = ""0xa547F87B2BADE689a404544859314CBC01f2605e""
RPC = ""https://bsc-mainnet-builder.nodereal.io""
Website = ""https://nodereal.io/""
Description = ""Advanced Infrastructure Provider for EVM blockchains."""
nodereal-us-1,nodereal,0x4f24ce4cd03a6503de97cf139af2c26347930b99,0x4f24ce4cd03a6503de97cf139af2c26347930b99,https://bsc-mainnet-builder.nodereal.io,https://nodereal.io/,bsc-mev-info builder-list.toml (file header: deprecated),https://github.com/bnb-chain/bsc-mev-info/blob/c6ceebbd4ae3c9b33ce139af5005a73857ae67e3/mainnet/builder-list.toml,c6ceebbd4ae3c9b33ce139af5005a73857ae67e3,"[nodereal-us-1]
Address = ""0x4f24ce4cd03a6503de97cf139af2c26347930b99""
RPC = ""https://bsc-mainnet-builder.nodereal.io""
Website = ""https://nodereal.io/""
Description = ""Advanced Infrastructure Provider for EVM blockchains."""
nodereal-us-2,nodereal,0xFD3F1Ad459D585C50Cf4630649817C6E0cec7335,0xfd3f1ad459d585c50cf4630649817c6e0cec7335,https://bsc-mainnet-builder.nodereal.io,https://nodereal.io/,bsc-mev-info builder-list.toml (file header: deprecated),https://github.com/bnb-chain/bsc-mev-info/blob/c6ceebbd4ae3c9b33ce139af5005a73857ae67e3/mainnet/builder-list.toml,c6ceebbd4ae3c9b33ce139af5005a73857ae67e3,"[nodereal-us-2]
Address = ""0xFD3F1Ad459D585C50Cf4630649817C6E0cec7335""
RPC = ""https://bsc-mainnet-builder.nodereal.io""
Website = ""https://nodereal.io/""
Description = ""Advanced Infrastructure Provider for EVM blockchains."""
xzbuilder,xzbuilder,0x812720cb4639550D7BDb1d8F2be463F4a9663762,0x812720cb4639550d7bdb1d8f2be463f4a9663762,https://rpc.xzbuilder.com/,https://xzbuilder.com/,bsc-mev-info builder-list.toml (file header: deprecated),https://github.com/bnb-chain/bsc-mev-info/blob/c6ceebbd4ae3c9b33ce139af5005a73857ae67e3/mainnet/builder-list.toml,c6ceebbd4ae3c9b33ce139af5005a73857ae67e3,"[xzbuilder]
Address = ""0x812720cb4639550D7BDb1d8F2be463F4a9663762""
RPC = ""https://rpc.xzbuilder.com/""
Website = ""https://xzbuilder.com/""
Description = ""XZBuilder - Max profit builder for BSC Blockchain"""
trustnet-builder,trustnet,0x2d3cc0a25a05e6eb3d5d3ea21d72c8d71b436a7f,0x2d3cc0a25a05e6eb3d5d3ea21d72c8d71b436a7f,https://rpc.teetrust.net/,https://www.teetrust.net,bsc-mev-info builder-list.toml (file header: deprecated),https://github.com/bnb-chain/bsc-mev-info/blob/c6ceebbd4ae3c9b33ce139af5005a73857ae67e3/mainnet/builder-list.toml,c6ceebbd4ae3c9b33ce139af5005a73857ae67e3,"[trustnet-builder]
Address = ""0x2d3cc0a25a05e6eb3d5d3ea21d72c8d71b436a7f""
RPC = ""https://rpc.teetrust.net/""
Website = ""https://www.teetrust.net""
Description = ""TrustNet - TEE block builder enables encrypted block building """
48club Puissant Builder Control EOA,48club,0x4848489f0b2BEdd788c696e2D79b6b69D7484848,0x4848489f0b2bedd788c696e2d79b6b69d7484848,,,builder documentation (fetched 2026-09-30T21:12:53Z),https://docs.48.club/puissant-builder/send-bundle,,"Version 2 of puissant-builder offers a more dynamic auction mechanism for bundle submission. The auction price is composed of two main components: the total gas fees of transactions in the bundle that are not from the tx_pool and the BNB directly transferred to the Builder Control EOA. The calculation formula accounts for the effects of BEP95, whereby 10% of the gas fees are burnt, thus applying a 10% discount to the gas fee component. Direct transfers to the Builder Control EOA are prioritized in the auction ranking, providing a significant advantage in bundle sorting.

### Builder Control EOA

**Address:** `0x4848489f0b2BEdd788c696e2D79b6b69D7484848`"
BlockRazor Builder EOA,blockrazor,0x1266C6bE60392A8Ff346E8d5ECCd3E69dD9c5F20,0x1266c6be60392a8ff346e8d5eccd3e69dd9c5f20,,,builder documentation (fetched 2026-09-30T21:12:59Z),https://blockrazor.gitbook.io/blockrazor/block-builder/block-builder/send-bundle,,The block construction algorithm of BlockRazor Builder favors bundles that transfer more native tokens (BNB) to BlockRazor Builder EOA of which address is 0x1266C6bE60392A8Ff346E8d5ECCd3E69dD9c5F20 currently.
blockrazor dublin,blockrazor,0x5532CdB3c0c4278f9848fc4560b495b70bA67455,0x5532cdb3c0c4278f9848fc4560b495b70ba67455,,,bsc getchainstatus.js builderMap [BSC mainnet] (fetched 2026-09-30T21:37:50Z),https://raw.githubusercontent.com/bnb-chain/bsc/master/cmd/jsutils/getchainstatus.js,,"[""0x5532CdB3c0c4278f9848fc4560b495b70bA67455"", ""blockrazor dublin""],"
blockrazor frankfurt,blockrazor,0xBA4233f6e478DB76698b0A5000972Af0196b7bE1,0xba4233f6e478db76698b0a5000972af0196b7be1,,,bsc getchainstatus.js builderMap [BSC mainnet] (fetched 2026-09-30T21:37:50Z),https://raw.githubusercontent.com/bnb-chain/bsc/master/cmd/jsutils/getchainstatus.js,,"[""0xBA4233f6e478DB76698b0A5000972Af0196b7bE1"", ""blockrazor frankfurt""],"
blockrazor nyc,blockrazor,0x539E24781f616F0d912B60813aB75B7b80b75C53,0x539e24781f616f0d912b60813ab75b7b80b75c53,,,bsc getchainstatus.js builderMap [BSC mainnet] (fetched 2026-09-30T21:37:50Z),https://raw.githubusercontent.com/bnb-chain/bsc/master/cmd/jsutils/getchainstatus.js,,"[""0x539E24781f616F0d912B60813aB75B7b80b75C53"", ""blockrazor nyc""],"
blockrazor relay,blockrazor,0x49D91b1Ab0CC6A1591c2e5863E602d7159d36149,0x49d91b1ab0cc6a1591c2e5863e602d7159d36149,,,bsc getchainstatus.js builderMap [BSC mainnet] (fetched 2026-09-30T21:37:50Z),https://raw.githubusercontent.com/bnb-chain/bsc/master/cmd/jsutils/getchainstatus.js,,"[""0x49D91b1Ab0CC6A1591c2e5863E602d7159d36149"", ""blockrazor relay""],"
blockrazor tokyo,blockrazor,0x50061047B9c7150f0Dc105f79588D1B07D2be250,0x50061047b9c7150f0dc105f79588d1b07d2be250,,,bsc getchainstatus.js builderMap [BSC mainnet] (fetched 2026-09-30T21:37:50Z),https://raw.githubusercontent.com/bnb-chain/bsc/master/cmd/jsutils/getchainstatus.js,,"[""0x50061047B9c7150f0Dc105f79588D1B07D2be250"", ""blockrazor tokyo""],"
blockrazor virginia,blockrazor,0x0557E8CB169F90F6eF421a54e29d7dd0629Ca597,0x0557e8cb169f90f6ef421a54e29d7dd0629ca597,,,bsc getchainstatus.js builderMap [BSC mainnet] (fetched 2026-09-30T21:37:50Z),https://raw.githubusercontent.com/bnb-chain/bsc/master/cmd/jsutils/getchainstatus.js,,"[""0x0557E8CB169F90F6eF421a54e29d7dd0629Ca597"", ""blockrazor virginia""],"
blockrazor x,blockrazor,0x488e37fcB2024A5B2F4342c7dE636f0825dE6448,0x488e37fcb2024a5b2f4342c7de636f0825de6448,,,bsc getchainstatus.js builderMap [BSC mainnet] (fetched 2026-09-30T21:37:50Z),https://raw.githubusercontent.com/bnb-chain/bsc/master/cmd/jsutils/getchainstatus.js,,"[""0x488e37fcB2024A5B2F4342c7dE636f0825dE6448"", ""blockrazor x""],"
puissant ap,puissant,0x48a5Ed9abC1a8FBe86ceC4900483f43a7f2dBB48,0x48a5ed9abc1a8fbe86cec4900483f43a7f2dbb48,,,bsc getchainstatus.js builderMap [BSC mainnet] (fetched 2026-09-30T21:37:50Z),https://raw.githubusercontent.com/bnb-chain/bsc/master/cmd/jsutils/getchainstatus.js,,"[""0x48a5Ed9abC1a8FBe86ceC4900483f43a7f2dBB48"", ""puissant ap""],"
puissant eu,puissant,0x487e5Dfe70119C1b320B8219B190a6fa95a5BB48,0x487e5dfe70119c1b320b8219b190a6fa95a5bb48,,,bsc getchainstatus.js builderMap [BSC mainnet] (fetched 2026-09-30T21:37:50Z),https://raw.githubusercontent.com/bnb-chain/bsc/master/cmd/jsutils/getchainstatus.js,,"[""0x487e5Dfe70119C1b320B8219B190a6fa95a5BB48"", ""puissant eu""],"
puissant us,puissant,0x48FeE1BB3823D72fdF80671ebaD5646Ae397BB48,0x48fee1bb3823d72fdf80671ebad5646ae397bb48,,,bsc getchainstatus.js builderMap [BSC mainnet] (fetched 2026-09-30T21:37:50Z),https://raw.githubusercontent.com/bnb-chain/bsc/master/cmd/jsutils/getchainstatus.js,,"[""0x48FeE1BB3823D72fdF80671ebaD5646Ae397BB48"", ""puissant us""],"
puissant x,puissant,0x48B4bBEbF0655557A461e91B8905b85864B8BB48,0x48b4bbebf0655557a461e91b8905b85864b8bb48,,,bsc getchainstatus.js builderMap [BSC mainnet] (fetched 2026-09-30T21:37:50Z),https://raw.githubusercontent.com/bnb-chain/bsc/master/cmd/jsutils/getchainstatus.js,,"[""0x48B4bBEbF0655557A461e91B8905b85864B8BB48"", ""puissant x""],"
puissant y,puissant,0x4827b423D03a349b7519Dda537e9A28d31ecBB48,0x4827b423d03a349b7519dda537e9a28d31ecbb48,,,bsc getchainstatus.js builderMap [BSC mainnet] (fetched 2026-09-30T21:37:50Z),https://raw.githubusercontent.com/bnb-chain/bsc/master/cmd/jsutils/getchainstatus.js,,"[""0x4827b423D03a349b7519Dda537e9A28d31ecBB48"", ""puissant y""],"
puissant z,puissant,0x48B2665E5E9a343409199D70F7495c8aB660BB48,0x48b2665e5e9a343409199d70f7495c8ab660bb48,,,bsc getchainstatus.js builderMap [BSC mainnet] (fetched 2026-09-30T21:37:50Z),https://raw.githubusercontent.com/bnb-chain/bsc/master/cmd/jsutils/getchainstatus.js,,"[""0x48B2665E5E9a343409199D70F7495c8aB660BB48"", ""puissant z""],"
unknown-1,unknown,0x48265F91F542dCE47ABE5E6683bb086c0f36BB48,0x48265f91f542dce47abe5e6683bb086c0f36bb48,,,bsc getchainstatus.js builderMap [BSC mainnet] (fetched 2026-09-30T21:37:50Z),https://raw.githubusercontent.com/bnb-chain/bsc/master/cmd/jsutils/getchainstatus.js,,"[""0x48265F91F542dCE47ABE5E6683bb086c0f36BB48"", ""unknown-1""],"
unknown-2,unknown,0x48437A0d4AB091b81c6DeD43dEbf23cdfC85BB48,0x48437a0d4ab091b81c6ded43debf23cdfc85bb48,,,bsc getchainstatus.js builderMap [BSC mainnet] (fetched 2026-09-30T21:37:50Z),https://raw.githubusercontent.com/bnb-chain/bsc/master/cmd/jsutils/getchainstatus.js,,"[""0x48437A0d4AB091b81c6DeD43dEbf23cdfC85BB48"", ""unknown-2""],"
unknown-3,unknown,0x4851f44038fE746173e9E3C4A6e7E904c619BB48,0x4851f44038fe746173e9e3c4a6e7e904c619bb48,,,bsc getchainstatus.js builderMap [BSC mainnet] (fetched 2026-09-30T21:37:50Z),https://raw.githubusercontent.com/bnb-chain/bsc/master/cmd/jsutils/getchainstatus.js,,"[""0x4851f44038fE746173e9E3C4A6e7E904c619BB48"", ""unknown-3""],"
unknown-4,unknown,0x4880cb180d3bb665748f7b66f75F1fEE68D8BB48,0x4880cb180d3bb665748f7b66f75f1fee68d8bb48,,,bsc getchainstatus.js builderMap [BSC mainnet] (fetched 2026-09-30T21:37:50Z),https://raw.githubusercontent.com/bnb-chain/bsc/master/cmd/jsutils/getchainstatus.js,,"[""0x4880cb180d3bb665748f7b66f75F1fEE68D8BB48"", ""unknown-4""],"
blockroute dublin,blockroute,0xD4376FdC9b49d90e6526dAa929f2766a33BFFD52,0xd4376fdc9b49d90e6526daa929f2766a33bffd52,,,bsc getchainstatus.js builderMap [BSC mainnet] (fetched 2026-09-30T21:37:50Z),https://raw.githubusercontent.com/bnb-chain/bsc/master/cmd/jsutils/getchainstatus.js,,"[""0xD4376FdC9b49d90e6526dAa929f2766a33BFFD52"", ""blockroute dublin""],"
blockroute frankfurt,blockroute,0x2873fc7aD9122933BECB384f5856f0E87918388d,0x2873fc7ad9122933becb384f5856f0e87918388d,,,bsc getchainstatus.js builderMap [BSC mainnet] (fetched 2026-09-30T21:37:50Z),https://raw.githubusercontent.com/bnb-chain/bsc/master/cmd/jsutils/getchainstatus.js,,"[""0x2873fc7aD9122933BECB384f5856f0E87918388d"", ""blockroute frankfurt""],"
blockroute japan,blockroute,0x432101856a330aafdeB049dD5fA03a756B3f1c66,0x432101856a330aafdeb049dd5fa03a756b3f1c66,,,bsc getchainstatus.js builderMap [BSC mainnet] (fetched 2026-09-30T21:37:50Z),https://raw.githubusercontent.com/bnb-chain/bsc/master/cmd/jsutils/getchainstatus.js,,"[""0x432101856a330aafdeB049dD5fA03a756B3f1c66"", ""blockroute japan""],"
blockroute nyc,blockroute,0x2B217a4158933AAdE6D6494e3791D454B4D13AE7,0x2b217a4158933aade6d6494e3791d454b4d13ae7,,,bsc getchainstatus.js builderMap [BSC mainnet] (fetched 2026-09-30T21:37:50Z),https://raw.githubusercontent.com/bnb-chain/bsc/master/cmd/jsutils/getchainstatus.js,,"[""0x2B217a4158933AAdE6D6494e3791D454B4D13AE7"", ""blockroute nyc""],"
blockroute relay,blockroute,0x0da52E9673529b6E06F444FbBED2904A37f66415,0x0da52e9673529b6e06f444fbbed2904a37f66415,,,bsc getchainstatus.js builderMap [BSC mainnet] (fetched 2026-09-30T21:37:50Z),https://raw.githubusercontent.com/bnb-chain/bsc/master/cmd/jsutils/getchainstatus.js,,"[""0x0da52E9673529b6E06F444FbBED2904A37f66415"", ""blockroute relay""],"
blockroute singapore,blockroute,0xE1ec1AeCE7953ecB4539749B9AA2eEF63354860a,0xe1ec1aece7953ecb4539749b9aa2eef63354860a,,,bsc getchainstatus.js builderMap [BSC mainnet] (fetched 2026-09-30T21:37:50Z),https://raw.githubusercontent.com/bnb-chain/bsc/master/cmd/jsutils/getchainstatus.js,,"[""0xE1ec1AeCE7953ecB4539749B9AA2eEF63354860a"", ""blockroute singapore""],"
blockroute virginia,blockroute,0x89434FC3a09e583F2cb4e47A8B8fe58De8BE6a15,0x89434fc3a09e583f2cb4e47a8b8fe58de8be6a15,,,bsc getchainstatus.js builderMap [BSC mainnet] (fetched 2026-09-30T21:37:50Z),https://raw.githubusercontent.com/bnb-chain/bsc/master/cmd/jsutils/getchainstatus.js,,"[""0x89434FC3a09e583F2cb4e47A8B8fe58De8BE6a15"", ""blockroute virginia""],"
blockroute x,blockroute,0x10353562E662E333C0c2007400284e0e21cF74fF,0x10353562e662e333c0c2007400284e0e21cf74ff,,,bsc getchainstatus.js builderMap [BSC mainnet] (fetched 2026-09-30T21:37:50Z),https://raw.githubusercontent.com/bnb-chain/bsc/master/cmd/jsutils/getchainstatus.js,,"[""0x10353562E662E333C0c2007400284e0e21cF74fF"", ""blockroute x""],"
jetbldr ap,jetbldr,0x36CB523286D57680efBbfb417C63653115bCEBB5,0x36cb523286d57680efbbfb417c63653115bcebb5,,,bsc getchainstatus.js builderMap [BSC mainnet] (fetched 2026-09-30T21:37:50Z),https://raw.githubusercontent.com/bnb-chain/bsc/master/cmd/jsutils/getchainstatus.js,,"[""0x36CB523286D57680efBbfb417C63653115bCEBB5"", ""jetbldr ap""],"
jetbldr eu,jetbldr,0x3aD6121407f6EDb65C8B2a518515D45863C206A8,0x3ad6121407f6edb65c8b2a518515d45863c206a8,,,bsc getchainstatus.js builderMap [BSC mainnet] (fetched 2026-09-30T21:37:50Z),https://raw.githubusercontent.com/bnb-chain/bsc/master/cmd/jsutils/getchainstatus.js,,"[""0x3aD6121407f6EDb65C8B2a518515D45863C206A8"", ""jetbldr eu""],"
jetbldr us,jetbldr,0x345324dC15F1CDcF9022E3B7F349e911fb823b4C,0x345324dc15f1cdcf9022e3b7f349e911fb823b4c,,,bsc getchainstatus.js builderMap [BSC mainnet] (fetched 2026-09-30T21:37:50Z),https://raw.githubusercontent.com/bnb-chain/bsc/master/cmd/jsutils/getchainstatus.js,,"[""0x345324dC15F1CDcF9022E3B7F349e911fb823b4C"", ""jetbldr us""],"
jetbldr dublin,jetbldr,0xfd38358475078F81a45077f6e59dff8286e0dCA1,0xfd38358475078f81a45077f6e59dff8286e0dca1,,,bsc getchainstatus.js builderMap [BSC mainnet] (fetched 2026-09-30T21:37:50Z),https://raw.githubusercontent.com/bnb-chain/bsc/master/cmd/jsutils/getchainstatus.js,,"[""0xfd38358475078F81a45077f6e59dff8286e0dCA1"", ""jetbldr dublin""],"
jetbldr tokyo,jetbldr,0x7F5fbFd8e2eB3160dF4c96757DEEf29E26F969a3,0x7f5fbfd8e2eb3160df4c96757deef29e26f969a3,,,bsc getchainstatus.js builderMap [BSC mainnet] (fetched 2026-09-30T21:37:50Z),https://raw.githubusercontent.com/bnb-chain/bsc/master/cmd/jsutils/getchainstatus.js,,"[""0x7F5fbFd8e2eB3160dF4c96757DEEf29E26F969a3"", ""jetbldr tokyo""],"
jetbldr virginia,jetbldr,0xA0Cde9891C6966fCe740817cc5576De2C669AB43,0xa0cde9891c6966fce740817cc5576de2c669ab43,,,bsc getchainstatus.js builderMap [BSC mainnet] (fetched 2026-09-30T21:37:50Z),https://raw.githubusercontent.com/bnb-chain/bsc/master/cmd/jsutils/getchainstatus.js,,"[""0xA0Cde9891C6966fCe740817cc5576De2C669AB43"", ""jetbldr virginia""],"
blockbus dublin,blockbus,0x3FC0c936c00908c07723ffbf2d536D6E0f62C3A4,0x3fc0c936c00908c07723ffbf2d536d6e0f62c3a4,,,bsc getchainstatus.js builderMap [BSC mainnet] (fetched 2026-09-30T21:37:50Z),https://raw.githubusercontent.com/bnb-chain/bsc/master/cmd/jsutils/getchainstatus.js,,"[""0x3FC0c936c00908c07723ffbf2d536D6E0f62C3A4"", ""blockbus dublin""],"
blockbus tokyo,blockbus,0x17e9F0D7E45A500f0148B29C6C98EfD19d95F138,0x17e9f0d7e45a500f0148b29c6c98efd19d95f138,,,bsc getchainstatus.js builderMap [BSC mainnet] (fetched 2026-09-30T21:37:50Z),https://raw.githubusercontent.com/bnb-chain/bsc/master/cmd/jsutils/getchainstatus.js,,"[""0x17e9F0D7E45A500f0148B29C6C98EfD19d95F138"", ""blockbus tokyo""],"
blockbus virginia,blockbus,0x1319Be8b8Ec4AA81f501924BdCF365fBcAa8d753,0x1319be8b8ec4aa81f501924bdcf365fbcaa8d753,,,bsc getchainstatus.js builderMap [BSC mainnet] (fetched 2026-09-30T21:37:50Z),https://raw.githubusercontent.com/bnb-chain/bsc/master/cmd/jsutils/getchainstatus.js,,"[""0x1319Be8b8Ec4AA81f501924BdCF365fBcAa8d753"", ""blockbus virginia""],"
txboost ap,txboost(blocksmith),0x6Dddf681C908705472D09B1D7036B2241B50e5c7,0x6dddf681c908705472d09b1d7036b2241b50e5c7,,,bsc getchainstatus.js builderMap [BSC mainnet] (fetched 2026-09-30T21:37:50Z),https://raw.githubusercontent.com/bnb-chain/bsc/master/cmd/jsutils/getchainstatus.js,,"[""0x6Dddf681C908705472D09B1D7036B2241B50e5c7"", ""txboost ap""],"
txboost eu,txboost(blocksmith),0x76736159984AE865a9b9Cc0Df61484A49dA68191,0x76736159984ae865a9b9cc0df61484a49da68191,,,bsc getchainstatus.js builderMap [BSC mainnet] (fetched 2026-09-30T21:37:50Z),https://raw.githubusercontent.com/bnb-chain/bsc/master/cmd/jsutils/getchainstatus.js,,"[""0x76736159984AE865a9b9Cc0Df61484A49dA68191"", ""txboost eu""],"
txboost us,txboost(blocksmith),0x5054b21D8baea3d602dca8761B235ee10bc0231E,0x5054b21d8baea3d602dca8761b235ee10bc0231e,,,bsc getchainstatus.js builderMap [BSC mainnet] (fetched 2026-09-30T21:37:50Z),https://raw.githubusercontent.com/bnb-chain/bsc/master/cmd/jsutils/getchainstatus.js,,"[""0x5054b21D8baea3d602dca8761B235ee10bc0231E"", ""txboost us""],"
darwin ap,darwin,0xa6d6086222812eFD5292fF284b0F7ff2a2B86Af4,0xa6d6086222812efd5292ff284b0f7ff2a2b86af4,,,bsc getchainstatus.js builderMap [BSC mainnet] (fetched 2026-09-30T21:37:50Z),https://raw.githubusercontent.com/bnb-chain/bsc/master/cmd/jsutils/getchainstatus.js,,"[""0xa6d6086222812eFD5292fF284b0F7ff2a2B86Af4"", ""darwin ap""],"
darwin eu,darwin,0x3265A3243ee84e667a73073504cA4CdeD1413D82,0x3265a3243ee84e667a73073504ca4cded1413d82,,,bsc getchainstatus.js builderMap [BSC mainnet] (fetched 2026-09-30T21:37:50Z),https://raw.githubusercontent.com/bnb-chain/bsc/master/cmd/jsutils/getchainstatus.js,,"[""0x3265A3243ee84e667a73073504cA4CdeD1413D82"", ""darwin eu""],"
darwin us,darwin,0xdf11CD23992Fd48Cf2d245aC144010673275f285,0xdf11cd23992fd48cf2d245ac144010673275f285,,,bsc getchainstatus.js builderMap [BSC mainnet] (fetched 2026-09-30T21:37:50Z),https://raw.githubusercontent.com/bnb-chain/bsc/master/cmd/jsutils/getchainstatus.js,,"[""0xdf11CD23992Fd48Cf2d245aC144010673275f285"", ""darwin us""],"
inblock ap,inblock,0x9a3234b450518fadA098388B88e00deCAd96ad38,0x9a3234b450518fada098388b88e00decad96ad38,,,bsc getchainstatus.js builderMap [BSC mainnet] (fetched 2026-09-30T21:37:50Z),https://raw.githubusercontent.com/bnb-chain/bsc/master/cmd/jsutils/getchainstatus.js,,"[""0x9a3234b450518fadA098388B88e00deCAd96ad38"", ""inblock ap""],"
inblock eu,inblock,0xb49f86586a840AB9920D2f340a85586E50FD30a2,0xb49f86586a840ab9920d2f340a85586e50fd30a2,,,bsc getchainstatus.js builderMap [BSC mainnet] (fetched 2026-09-30T21:37:50Z),https://raw.githubusercontent.com/bnb-chain/bsc/master/cmd/jsutils/getchainstatus.js,,"[""0xb49f86586a840AB9920D2f340a85586E50FD30a2"", ""inblock eu""],"
inblock us,inblock,0x0F6D8b72F3687de6f2824903a83B3ba13c0e88A0,0x0f6d8b72f3687de6f2824903a83b3ba13c0e88a0,,,bsc getchainstatus.js builderMap [BSC mainnet] (fetched 2026-09-30T21:37:50Z),https://raw.githubusercontent.com/bnb-chain/bsc/master/cmd/jsutils/getchainstatus.js,,"[""0x0F6D8b72F3687de6f2824903a83B3ba13c0e88A0"", ""inblock us""],"
nodereal ap-1,nodereal,0x79102dB16781ddDfF63F301C9Be557Fd1Dd48fA0,0x79102db16781dddff63f301c9be557fd1dd48fa0,,,bsc getchainstatus.js builderMap [BSC mainnet] (fetched 2026-09-30T21:37:50Z),https://raw.githubusercontent.com/bnb-chain/bsc/master/cmd/jsutils/getchainstatus.js,,"[""0x79102dB16781ddDfF63F301C9Be557Fd1Dd48fA0"", ""nodereal ap-1""],"
nodereal ap-2,nodereal,0x5B526b45e833704d84b5C2EB0F41323dA9466c48,0x5b526b45e833704d84b5c2eb0f41323da9466c48,,,bsc getchainstatus.js builderMap [BSC mainnet] (fetched 2026-09-30T21:37:50Z),https://raw.githubusercontent.com/bnb-chain/bsc/master/cmd/jsutils/getchainstatus.js,,"[""0x5B526b45e833704d84b5C2EB0F41323dA9466c48"", ""nodereal ap-2""],"
nodereal eu-1,nodereal,0xd0d56b330a0dea077208b96910ce452fd77e1b6f,0xd0d56b330a0dea077208b96910ce452fd77e1b6f,,,bsc getchainstatus.js builderMap [BSC mainnet] (fetched 2026-09-30T21:37:50Z),https://raw.githubusercontent.com/bnb-chain/bsc/master/cmd/jsutils/getchainstatus.js,,"[""0xd0d56b330a0dea077208b96910ce452fd77e1b6f"", ""nodereal eu-1""],"
nodereal eu-2,nodereal,0xa547F87B2BADE689a404544859314CBC01f2605e,0xa547f87b2bade689a404544859314cbc01f2605e,,,bsc getchainstatus.js builderMap [BSC mainnet] (fetched 2026-09-30T21:37:50Z),https://raw.githubusercontent.com/bnb-chain/bsc/master/cmd/jsutils/getchainstatus.js,,"[""0xa547F87B2BADE689a404544859314CBC01f2605e"", ""nodereal eu-2""],"
nodereal us-1,nodereal,0x4f24ce4cd03a6503de97cf139af2c26347930b99,0x4f24ce4cd03a6503de97cf139af2c26347930b99,,,bsc getchainstatus.js builderMap [BSC mainnet] (fetched 2026-09-30T21:37:50Z),https://raw.githubusercontent.com/bnb-chain/bsc/master/cmd/jsutils/getchainstatus.js,,"[""0x4f24ce4cd03a6503de97cf139af2c26347930b99"", ""nodereal us-1""],"
nodereal us-2,nodereal,0xFD3F1Ad459D585C50Cf4630649817C6E0cec7335,0xfd3f1ad459d585c50cf4630649817c6e0cec7335,,,bsc getchainstatus.js builderMap [BSC mainnet] (fetched 2026-09-30T21:37:50Z),https://raw.githubusercontent.com/bnb-chain/bsc/master/cmd/jsutils/getchainstatus.js,,"[""0xFD3F1Ad459D585C50Cf4630649817C6E0cec7335"", ""nodereal us-2""],"
xzbuilder,xzbuilder,0x812720cb4639550D7BDb1d8F2be463F4a9663762,0x812720cb4639550d7bdb1d8f2be463f4a9663762,,,bsc getchainstatus.js builderMap [BSC mainnet] (fetched 2026-09-30T21:37:50Z),https://raw.githubusercontent.com/bnb-chain/bsc/master/cmd/jsutils/getchainstatus.js,,"[""0x812720cb4639550D7BDb1d8F2be463F4a9663762"", ""xzbuilder""],"
txboost,,0x627fE6AFA2E84e461CB7AE7C2c46e8adf9a954a2,0x627fe6afa2e84e461cb7ae7c2c46e8adf9a954a2,,,bsc getchainstatus.js builderMap [Chapel testnet] (fetched 2026-09-30T21:37:50Z),https://raw.githubusercontent.com/bnb-chain/bsc/master/cmd/jsutils/getchainstatus.js,,"[""0x627fE6AFA2E84e461CB7AE7C2c46e8adf9a954a2"", ""txboost""],"
nodereal ap,,0xa5559F1761e6dCa79Ac0c7A301CCDcC71D378fee,0xa5559f1761e6dca79ac0c7a301ccdcc71d378fee,,,bsc getchainstatus.js builderMap [Chapel testnet] (fetched 2026-09-30T21:37:50Z),https://raw.githubusercontent.com/bnb-chain/bsc/master/cmd/jsutils/getchainstatus.js,,"[""0xa5559F1761e6dCa79Ac0c7A301CCDcC71D378fee"", ""nodereal ap""],"
nodereal eu,,0x6C98EB21139F6E12db5b78a4AeD4d8eBA147FB7b,0x6c98eb21139f6e12db5b78a4aed4d8eba147fb7b,,,bsc getchainstatus.js builderMap [Chapel testnet] (fetched 2026-09-30T21:37:50Z),https://raw.githubusercontent.com/bnb-chain/bsc/master/cmd/jsutils/getchainstatus.js,,"[""0x6C98EB21139F6E12db5b78a4AeD4d8eBA147FB7b"", ""nodereal eu""],"
nodereal us,,0x4E8cbf5912717B212db5b450ae7737455A5cc0aF,0x4e8cbf5912717b212db5b450ae7737455a5cc0af,,,bsc getchainstatus.js builderMap [Chapel testnet] (fetched 2026-09-30T21:37:50Z),https://raw.githubusercontent.com/bnb-chain/bsc/master/cmd/jsutils/getchainstatus.js,,"[""0x4E8cbf5912717B212db5b450ae7737455A5cc0aF"", ""nodereal us""],"
club48 ap,,0x4827b423D03a349b7519Dda537e9A28d31ecBB48,0x4827b423d03a349b7519dda537e9a28d31ecbb48,,,bsc getchainstatus.js builderMap [Chapel testnet] (fetched 2026-09-30T21:37:50Z),https://raw.githubusercontent.com/bnb-chain/bsc/master/cmd/jsutils/getchainstatus.js,,"[""0x4827b423D03a349b7519Dda537e9A28d31ecBB48"", ""club48 ap""],"
club48 eu,,0x48B2665E5E9a343409199D70F7495c8aB660BB48,0x48b2665e5e9a343409199d70f7495c8ab660bb48,,,bsc getchainstatus.js builderMap [Chapel testnet] (fetched 2026-09-30T21:37:50Z),https://raw.githubusercontent.com/bnb-chain/bsc/master/cmd/jsutils/getchainstatus.js,,"[""0x48B2665E5E9a343409199D70F7495c8aB660BB48"", ""club48 eu""],"
club48 us,,0x48B4bBEbF0655557A461e91B8905b85864B8BB48,0x48b4bbebf0655557a461e91b8905b85864b8bb48,,,bsc getchainstatus.js builderMap [Chapel testnet] (fetched 2026-09-30T21:37:50Z),https://raw.githubusercontent.com/bnb-chain/bsc/master/cmd/jsutils/getchainstatus.js,,"[""0x48B4bBEbF0655557A461e91B8905b85864B8BB48"", ""club48 us""],"
blockrazor ap,,0x0eAbBdE133fbF3c5eB2BEE6F7c8210deEAA0f7db,0x0eabbde133fbf3c5eb2bee6f7c8210deeaa0f7db,,,bsc getchainstatus.js builderMap [Chapel testnet] (fetched 2026-09-30T21:37:50Z),https://raw.githubusercontent.com/bnb-chain/bsc/master/cmd/jsutils/getchainstatus.js,,"[""0x0eAbBdE133fbF3c5eB2BEE6F7c8210deEAA0f7db"", ""blockrazor ap""],"
blockrazor eu,,0x95c8436143c82Ea4d3529A3ed8DDa9998F6daC5F,0x95c8436143c82ea4d3529a3ed8dda9998f6dac5f,,,bsc getchainstatus.js builderMap [Chapel testnet] (fetched 2026-09-30T21:37:50Z),https://raw.githubusercontent.com/bnb-chain/bsc/master/cmd/jsutils/getchainstatus.js,,"[""0x95c8436143c82Ea4d3529A3ed8DDa9998F6daC5F"", ""blockrazor eu""],"
blockrazor us,,0xb71Ba9e570ee20E983De1d5aE01baf5dCB4e4299,0xb71ba9e570ee20e983de1d5ae01baf5dcb4e4299,,,bsc getchainstatus.js builderMap [Chapel testnet] (fetched 2026-09-30T21:37:50Z),https://raw.githubusercontent.com/bnb-chain/bsc/master/cmd/jsutils/getchainstatus.js,,"[""0xb71Ba9e570ee20E983De1d5aE01baf5dCB4e4299"", ""blockrazor us""],"
trustnet,,0x7b3ee856c98b1bb3689ef7f90477df2927fcbdb6,0x7b3ee856c98b1bb3689ef7f90477df2927fcbdb6,,,bsc getchainstatus.js builderMap [Chapel testnet] (fetched 2026-09-30T21:37:50Z),https://raw.githubusercontent.com/bnb-chain/bsc/master/cmd/jsutils/getchainstatus.js,,"[""0x7b3ee856c98b1bb3689ef7f90477df2927fcbdb6"",  ""trustnet""],"
blockroute,,0xA8caEc0D68a90Ac971EA1aDEFA1747447e1f9871,0xa8caec0d68a90ac971ea1adefa1747447e1f9871,,,bsc getchainstatus.js builderMap [Chapel testnet] (fetched 2026-09-30T21:37:50Z),https://raw.githubusercontent.com/bnb-chain/bsc/master/cmd/jsutils/getchainstatus.js,,"[""0xA8caEc0D68a90Ac971EA1aDEFA1747447e1f9871"",  ""blockroute""],"
