volume_rank_derived,defillama_chain,defillama_breakdown24h_key,in_overview_allChains,breakdown24h_sum_derived,breakdown24h_entries_derived,per_chain_total24h,per_chain_url,per_chain_fetched_at_utc,chain_id,receipts_endpoints_ok,receipts_endpoints_not_ok,selected,census_dir
1,Ink,ink,true,3279882,13,3213379,https://api.llama.fi/overview/dexs/ink?excludeTotalDataChart=true,2026-10-01T04:16:51Z,57073,https://rpc-gel.inkonchain.com;https://rpc-qnd.inkonchain.com;https://ink-rpc.publicnode.com;https://ink.drpc.org,,true,ink
2,Mantle,mantle,true,2489796.74,20,2489796.74,https://api.llama.fi/overview/dexs/mantle?excludeTotalDataChart=true,2026-10-01T04:16:50Z,5000,https://rpc.mantle.xyz;https://mantle-rpc.publicnode.com;https://mantle.drpc.org,,true,mantle
3,Abstract,abstract,true,1580386,16,1580386,https://api.llama.fi/overview/dexs/abstract?excludeTotalDataChart=true,2026-10-01T04:16:54Z,2741,https://api.mainnet.abs.xyz;https://abstract.drpc.org,,true,abstract
4,World Chain,wc,true,730528.10,4,730528.1,https://api.llama.fi/overview/dexs/world-chain?excludeTotalDataChart=true,2026-10-01T04:16:53Z,480,https://480.rpc.thirdweb.com;https://worldchain-mainnet.gateway.tenderly.co;https://sparkling-autumn-dinghy.worldchain-mainnet.quiknode.pro,https://worldchain-mainnet.g.alchemy.com/public;https://worldchain.drpc.org,true,worldchain
5,ZKsync Era,era,true,592483.71,24,592483.71,https://api.llama.fi/overview/dexs/zksync-era?excludeTotalDataChart=true,2026-10-01T04:16:47Z,324,https://mainnet.era.zksync.io;https://zksync.drpc.org,,true,zksync
6,Soneium,soneium,true,364761.82,7,364761.82,https://api.llama.fi/overview/dexs/soneium?excludeTotalDataChart=true,2026-10-01T04:16:52Z,1868,https://rpc.soneium.org;https://soneium-rpc.publicnode.com;https://soneium.drpc.org,,true,soneium
7,Linea,linea,true,364646.71,37,364646.70999999996,https://api.llama.fi/overview/dexs/linea?excludeTotalDataChart=true,2026-10-01T04:16:44Z,59144,https://rpc.linea.build;https://linea-rpc.publicnode.com;https://linea.drpc.org,,false,
8,Scroll,scroll,true,354769.56,25,354769.56,https://api.llama.fi/overview/dexs/scroll?excludeTotalDataChart=true,2026-10-01T04:16:46Z,534352,https://rpc.scroll.io;https://scroll-rpc.publicnode.com;https://scroll.drpc.org,,false,
9,Blast,blast,true,36547.07,24,36547.07,https://api.llama.fi/overview/dexs/blast?excludeTotalDataChart=true,2026-10-01T04:16:48Z,81457,https://rpc.blast.io;https://blast-rpc.publicnode.com;https://blast.drpc.org,,false,
10,Mode,mode,true,1547.16,20,1547.16,https://api.llama.fi/overview/dexs/mode?excludeTotalDataChart=true,2026-10-01T04:16:56Z,34443,https://mainnet.mode.network;https://mode.drpc.org,,false,
11,Taiko,taiko,true,132.59,6,132.59,https://api.llama.fi/overview/dexs/taiko?excludeTotalDataChart=true,2026-10-01T04:16:55Z,167000,https://rpc.mainnet.taiko.xyz;https://taiko-rpc.publicnode.com;https://taiko.drpc.org,,false,
