topic0,signature,protocol,source_url,verified_example_tx,match_rule,match_address,verified_example_block,verified_example_log_address,verification_note,topic0_tool
0xd78ad95fa46c994b6551d0da85fc275fe613ce37657fb8d5e3d130840159d822,"Swap(address,uint256,uint256,uint256,uint256,address)","Uniswap V2 pair and V2-interface forks (SushiSwap V2, PancakeSwap V2, Camelot V2, QuickSwap V2, Solidly V1 / Velodrome V1 / Ramses legacy)",https://github.com/Uniswap/v2-core/blob/master/contracts/interfaces/IUniswapV2Pair.sol,0xb13df865ca7b6183b8d1bf8b78423c18aa8b4ff95ceeace31c4ff2d9a483bd4f,topic0,,510447053,0x3797927e7fc20f13f46b295f8889ea8050cb5e21,first log with this key in census window 510447028-510460284 (arbitrum),"cast keccak ""Swap(address,uint256,uint256,uint256,uint256,address)"""
0xc42079f94a6350d7e6235f29174924f928cc2ac818eb64fed8004e115fbcca67,"Swap(address,address,int256,int256,uint160,uint128,int24)","Uniswap V3 pool and V3-interface forks (SushiSwap V3, Velodrome/Aerodrome Slipstream CLPool, Algebra V1/V1.9 e.g. Camelot V3 and QuickSwap V3, Ramses CL, Kyber Elastic)",https://github.com/Uniswap/v3-core/blob/main/contracts/interfaces/pool/IUniswapV3PoolEvents.sol ; https://github.com/velodrome-finance/slipstream/blob/main/contracts/core/interfaces/pool/ICLPoolEvents.sol ; https://github.com/cryptoalgebra/AlgebraV1.9/blob/main/src/core/contracts/interfaces/pool/IAlgebraPoolEvents.sol,0xfe77d0fea88289617996bd0d3034891727329cf0d7934e3d2e964105c8d19a14,topic0,,510447030,0xe072110fbaec692284b4038e196b7fdb2c96ff58,first log with this key in census window 510447028-510460284 (arbitrum),"cast keccak ""Swap(address,address,int256,int256,uint160,uint128,int24)"""
0x19b47279256b2a23a1665c810c8d55a1758940ee09377d4f8d26497a3577dc83,"Swap(address,address,int256,int256,uint160,uint128,int24,uint128,uint128)",PancakeSwap V3 pool,https://github.com/pancakeswap/pancake-v3-contracts/blob/main/projects/v3-core/contracts/interfaces/pool/IPancakeV3PoolEvents.sol,0x767724178c72cae5ca04d937050e193ce28e6ae4c9a776aebdcec0e70a983b62,topic0,,510447078,0x9ffca51d23ac7f7df82da414865ef1055e5afcc3,first log with this key in census window 510447028-510460284 (arbitrum),"cast keccak ""Swap(address,address,int256,int256,uint160,uint128,int24,uint128,uint128)"""
0x121cb44ee54098b1a04743c487e7460d8dd429b27f88b1f4d4767396e1a59f79,"Swap(address,address,int256,int256,uint160,uint128,int24,uint24,uint24)",Algebra Integral pool (overrideFee/pluginFee variant),https://github.com/cryptoalgebra/Algebra/blob/master/src/core/contracts/interfaces/pool/IAlgebraPoolEvents.sol,0xe79665a7a10a843ccf6596617aef5cbb4404464005ac12e0bb1548a35546523c,topic0,,510447565,0x20cdea535dcf2b93bce5e4db8786ac5163e28d81,first log with this key in census window 510447028-510460284 (arbitrum),"cast keccak ""Swap(address,address,int256,int256,uint160,uint128,int24,uint24,uint24)"""
0xb3e2773606abfd36b5bd91394b3a54d1398336c65005baf7bf7a05efeffaf75b,"Swap(address,address,uint256,uint256,uint256,uint256)",Velodrome V2 / Aerodrome / Solidly-V2-style pool,https://github.com/velodrome-finance/contracts/blob/main/contracts/interfaces/IPool.sol,,topic0,,,,no log with this key in census window 510447028-510460284 (arbitrum); not verified on this chain,"cast keccak ""Swap(address,address,uint256,uint256,uint256,uint256)"""
0x40e9cecb9f5f1f1c5b9c97dec2917b7ee92e57ba5563708daca94dd84ad7112f,"Swap(bytes32,address,int128,int128,uint160,uint128,int24,uint24)",Uniswap V4 PoolManager,https://github.com/Uniswap/v4-core/blob/main/src/interfaces/IPoolManager.sol,0x13bbffbfdf2a36ab5c4fd67174440a5c866d1a1f9e5c39f3d116155c813df188,topic0,,510447074,0x360e68faccca8ca495c1b759fd9eee466db9fb32,first log with this key in census window 510447028-510460284 (arbitrum),"cast keccak ""Swap(bytes32,address,int128,int128,uint160,uint128,int24,uint24)"""
0x04206ad2b7c0f463bff3dd4f33c5735b0f2957a351e4f79763a4fa9e775dd237,"Swap(bytes32,address,int128,int128,uint160,uint128,int24,uint24,uint16)",PancakeSwap Infinity CLPoolManager,https://github.com/pancakeswap/infinity-core/blob/main/src/pool-cl/interfaces/ICLPoolManager.sol,,topic0,,,,no log with this key in census window 510447028-510460284 (arbitrum); not verified on this chain,"cast keccak ""Swap(bytes32,address,int128,int128,uint160,uint128,int24,uint24,uint16)"""
0x3e8aae37f890eb1f9d63dd4d2062f3f0be757848a0f0760e4f3e53dad556e861,"Swap(bytes32,address,int128,int128,uint24,uint24,uint16)",PancakeSwap Infinity BinPoolManager,https://github.com/pancakeswap/infinity-core/blob/main/src/pool-bin/interfaces/IBinPoolManager.sol,,topic0,,,,no log with this key in census window 510447028-510460284 (arbitrum); not verified on this chain,"cast keccak ""Swap(bytes32,address,int128,int128,uint24,uint24,uint16)"""
0x2170c741c41531aec20e7c107c24eecfdd15e69c9bb0a8dd37b1840b9e0b207b,"Swap(bytes32,address,address,uint256,uint256)",Balancer V2 Vault (incl. Beethoven X),https://github.com/balancer/balancer-v2-monorepo/blob/master/pkg/interfaces/contracts/vault/IVault.sol,0x3f78bb1661d8ff95df8ae8f44e1ce5345f79eaa35904cef0ecb59ac29d6bf3fb,topic0,,510447431,0xba12222222228d8ba445958a75a0704d566bf2c8,first log with this key in census window 510447028-510460284 (arbitrum),"cast keccak ""Swap(bytes32,address,address,uint256,uint256)"""
0x0874b2d545cb271cdbda4e093020c452328b24af12382ed62c4d00f5c26709db,"Swap(address,address,address,uint256,uint256,uint256,uint256)","Balancer V3 Vault; GMX V1 Vault (identical canonical signature, therefore identical topic0)",https://github.com/balancer/balancer-v3-monorepo/blob/main/pkg/interfaces/contracts/vault/IVaultEvents.sol ; https://github.com/gmx-io/gmx-contracts/blob/master/contracts/core/Vault.sol,0xce85f20d09103a008ee6f589ee62fa0c6a5d438f8d21e6e0cd20b14501d8c1c9,topic0,,510450733,0xba1333333333a1ba1108e8412f11850a5c319ba9,first log with this key in census window 510447028-510460284 (arbitrum),"cast keccak ""Swap(address,address,address,uint256,uint256,uint256,uint256)"""
0x8b3e96f2b889fa771c53c981b40daf005f63f637f1869f707052d15a3dd97140,"TokenExchange(address,int128,uint256,int128,uint256)",Curve StableSwap (classic and stableswap-ng),https://github.com/curvefi/curve-contract/blob/master/contracts/pools/3pool/StableSwap3Pool.vy ; https://github.com/curvefi/stableswap-ng/blob/main/contracts/main/CurveStableSwapNG.vy,0x39e9da19c6ba81942eaf82d11414704e86809329f746049070fbd6ddd83063c7,topic0,,510447452,0x52a5b1a832a16c9275571e4bcdbe9b886853a90e,first log with this key in census window 510447028-510460284 (arbitrum),"cast keccak ""TokenExchange(address,int128,uint256,int128,uint256)"""
0xd013ca23e77a65003c2c659c5442c00c805371b7fc1ebd4c206c41d1536bd90b,"TokenExchangeUnderlying(address,int128,uint256,int128,uint256)",Curve StableSwap metapool / lending pool underlying exchange,https://github.com/curvefi/stableswap-ng/blob/main/contracts/main/CurveStableSwapNG.vy,,topic0,,,,no log with this key in census window 510447028-510460284 (arbitrum); not verified on this chain,"cast keccak ""TokenExchangeUnderlying(address,int128,uint256,int128,uint256)"""
0xb2e76ae99761dc136e598d4a629bb347eccb9532a5f8bbd72e18467c3c34cc98,"TokenExchange(address,uint256,uint256,uint256,uint256)","Curve CryptoSwap v2 (crypto pools, tricrypto v1) and crvUSD LLAMMA",https://github.com/curvefi/curve-crypto-contract/blob/master/contracts/tricrypto/CurveCryptoSwap.vy,0x8254506eac2977325ad9d36ab2280074227add4c2f7bb80ec8ef725b4bb5ad61,topic0,,510447168,0x960ea3e3c7fb317332d990873d354e18d7645590,first log with this key in census window 510447028-510460284 (arbitrum),"cast keccak ""TokenExchange(address,uint256,uint256,uint256,uint256)"""
0x143f1f8e861fbdeddd5b46e844b7d3ac7b86a122f36e8c463859ee6811b1f29c,"TokenExchange(address,uint256,uint256,uint256,uint256,uint256,uint256)",Curve twocrypto-ng / tricrypto-ng,https://github.com/curvefi/tricrypto-ng/blob/main/contracts/main/CurveTricryptoOptimizedWETH.vy ; https://github.com/curvefi/twocrypto-ng/blob/main/contracts/main/Twocrypto.vy,0xb439eec68de0030ab7d8ea382c5e8930954467b4fbe5d73543841ba4542b9e0e,topic0,,510447121,0x356d349da9add7efb56a35fab939a2c6d852f853,first log with this key in census window 510447028-510460284 (arbitrum),"cast keccak ""TokenExchange(address,uint256,uint256,uint256,uint256,uint256,uint256)"""
0xad7d6f97abf51ce18e17a38f4d70e975be9c0708474987bb3e26ad21bd93ca70,"Swap(address,address,uint24,bytes32,bytes32,uint24,bytes32,bytes32)",Trader Joe / LFJ Liquidity Book v2.1/v2.2 pair,https://github.com/traderjoe-xyz/joe-v2/blob/main/src/interfaces/ILBPair.sol,0x8254506eac2977325ad9d36ab2280074227add4c2f7bb80ec8ef725b4bb5ad61,topic0,,510447168,0xa8a502acf4084b8d38362e9f620c689cb4d2eb89,first log with this key in census window 510447028-510460284 (arbitrum),"cast keccak ""Swap(address,address,uint24,bytes32,bytes32,uint24,bytes32,bytes32)"""
0x103ed084e94a44c8f5f6ba8e3011507c41063177e29949083c439777d8d63f60,"PoolSwap(address,address,(uint256,bool,bool,int32),uint256,uint256)",Maverick V2 pool,https://github.com/maverickprotocol/v2-common/blob/main/contracts/interfaces/IMaverickV2Pool.sol,0x11052dddc4e3f804033f165e8e1f88a1e62c23a31f9714095d52419495744141,topic0,,510447419,0x71cb8a26f2c4eb68288bcc2ebaba4f72b065f076,first log with this key in census window 510447028-510460284 (arbitrum),"cast keccak ""PoolSwap(address,address,(uint256,bool,bool,int32),uint256,uint256)"""
0xdc004dbca4ef9c966218431ee5d9133d337ad018dd5b5c5493722803f75c64f7,"Swap(bool,uint256,uint256,address)",Fluid DEX T1 pool,https://github.com/Instadapp/fluid-contracts-public/blob/main/contracts/protocols/dex/poolT1/coreModule/events.sol,0xaf3cbce4f37878bfe5a53ed40bf5cb2da99176a54ca359144ec301e374064e3e,topic0,,510447325,0xde632c3a214d5f14c1d8ddf0b92f8bcd188fee45,first log with this key in census window 510447028-510460284 (arbitrum),"cast keccak ""Swap(bool,uint256,uint256,address)"""
0x0e8e403c2d36126272b08c75823e988381d9dc47f2f0a9a080d95f891d95c469,"WooSwap(address,address,uint256,uint256,address,address,address,uint256,uint256)",WOOFi WooPPV2,https://github.com/woonetwork/WooPoolV2/blob/main/contracts/interfaces/IWooPPV2.sol,0x0ee1cc82dff575e97caa2d5d74f42662f638e583b4457e29f6e841ebe12359f8,topic0,,510447049,0x5520385bfcf07ec87c4c53a7d8d65595dff69fa4,first log with this key in census window 510447028-510460284 (arbitrum),"cast keccak ""WooSwap(address,address,uint256,uint256,address,address,address,uint256,uint256)"""
0xc2c0245e056d5fb095f04cd6373bc770802ebd1e6c918eb78fdef843cdb37b0f,"DODOSwap(address,address,uint256,uint256,address,address)",DODO V2 (DVM/DSP/DPP),https://github.com/DODOEX/contractV2/blob/main/contracts/DODOVendingMachine/impl/DVMTrader.sol,0x24f39ee8399ee66ca70c70d03f88cd09eff08b3dd172aff992a2511de86a7f4c,topic0,,510447406,0x0d32a3bb04e8ff29f0974c9d3f3d85012a0b5d14,first log with this key in census window 510447028-510460284 (arbitrum),"cast keccak ""DODOSwap(address,address,uint256,uint256,address,address)"""
0xcd3829a3813dc3cdd188fd3d01dcf3268c16be2fdd2dd21d0665418816e46062,"Swap(address,address,address,uint256,uint256)",SushiSwap Trident pool,https://github.com/sushiswap/trident/blob/master/contracts/interfaces/IPool.sol,0x400e8653993974884e28c1d57e1c01c15c6b872b2559561d8e1dfaea3bf7fadf,topic0,,510447721,0xcee843cd04e3758ddc5bcff08647dddb117151d0,first log with this key in census window 510447028-510460284 (arbitrum),"cast keccak ""Swap(address,address,address,uint256,uint256)"""
0x54787c404bb33c88e86f4baf88183a3b0141d0a848e6a9f7a13b66ae3a9b73d1,"Swap(address,address,address,uint256,uint256,address)",Wombat pool,https://github.com/wombat-exchange/v1-core/blob/master/contracts/wombat-core/pool/PoolV2.sol,,topic0,,,,no log with this key in census window 510447028-510460284 (arbitrum); not verified on this chain,"cast keccak ""Swap(address,address,address,uint256,uint256,address)"""
,"(anonymous log0, 116-byte data: locker, poolId, balanceUpdate, stateAfter)",Ekubo Core V3 swap (emitted with log0: no topics; matched by emitting address + zero topics),https://github.com/EkuboProtocol/evm-contracts/blob/main/src/Core.sol ; https://docs.ekubo.org/integration-guides/reference/evm-contracts-v3,,log0_address,0x00000000000014aa86c5d3c41765bb24e11bd701,,,no log with this key in census window 510447028-510460284 (arbitrum); not verified on this chain,n/a (anonymous log0)
