hour_bucket_index,start_block,end_block,start_timestamp,end_timestamp,start_utc,end_utc,start_block_hash,end_block_hash
0,51965201,51967000,1790719749,1790723347,2026-09-29T22:09:09Z,2026-09-29T23:09:07Z,0x36be8cd3c52941ba1e4d835cfc14bab6add042b72a9c5c4ebc0ac63da5ce77bb,0x1a400562dd576971bd389f4782e68852ca8c5459f4fe771995d273302911afb9
1,51967001,51968800,1790723349,1790726947,2026-09-29T23:09:09Z,2026-09-30T00:09:07Z,0xe72029ee05ed4a4e5a6968d0e9824fa7c83669f5f8a0cced6f11f67e19ce6fde,0x8ededf49c3a3f82d6e990025cdb92f9a6d0a7ab61c0da51280af16c3b075031f
2,51968801,51970600,1790726949,1790730547,2026-09-30T00:09:09Z,2026-09-30T01:09:07Z,0xd563e061cf56e229ae8504cdab023201ba76abbc1cdd1b4a995b3536090163f0,0xc5d1f5cf2405f5b171a46fc59b5051dd07f79f8b50b7751341b62928fbc6bc2a
3,51970601,51972400,1790730549,1790734147,2026-09-30T01:09:09Z,2026-09-30T02:09:07Z,0xfeb0d73b75e937685a4010d8851c7caf0dc56aed2a78f4735de345b6b9dd9f1c,0x2b4ba1830334fb7946a48505b83cd4e79d78bcb7d941ccbede6005a105444dc4
4,51972401,51974200,1790734149,1790737747,2026-09-30T02:09:09Z,2026-09-30T03:09:07Z,0xfc1db52d5e5aa3841554c047821e7eae10c56e5160e45c5ce24eeb8e5a97289f,0x95e2d0b71d2cf4d3adf83a8ffa619507fe2eae5e62494a2d25c548e19cc033f5
5,51974201,51976000,1790737749,1790741347,2026-09-30T03:09:09Z,2026-09-30T04:09:07Z,0x388dc1a841285b109986c2d91f93f3bbdf9e1771a1d864e08e1d3f702cf5d1db,0xc3b5aca11537c0ba14fb908289535d0bdaeef315ea76180cfd4b2e4b803e20e8
6,51976001,51977800,1790741349,1790744947,2026-09-30T04:09:09Z,2026-09-30T05:09:07Z,0x5a034b83d59d815f86c47e58f98155a590933830631fee72f134af168c61cb26,0xc90eab86dddb57801f4aee780260dcc263c4234f05cdf0b28aa79c6bdda87bca
7,51977801,51979600,1790744949,1790748547,2026-09-30T05:09:09Z,2026-09-30T06:09:07Z,0xe5317d09c0da75608bca7134f1a8d8cdfe602f73193a7b1a867437da21984b7b,0x134dabef6611e60d23b6819bcebb4ed7abf9b8428d2c71b9aec7ef5f3e64cc57
8,51979601,51981400,1790748549,1790752147,2026-09-30T06:09:09Z,2026-09-30T07:09:07Z,0xb0b247bbf8b6f8c651c008ddb8068303ec18b566fda3eac1bd3ca0e3fecbdc48,0x76286a5e1133f4f56d04735adb5646e5887f6c55017e04bd3230192e627d39f1
9,51981401,51983200,1790752149,1790755747,2026-09-30T07:09:09Z,2026-09-30T08:09:07Z,0xcf78679f14b1c5dd03e6458cac070c3e61ace7cc2ed0336818ca9a3ca59745c2,0x8acb8ba3abfc1f2ab91e3a97a601e559b30d3bc14ffb418488a2ce290bb9a15a
10,51983201,51985000,1790755749,1790759347,2026-09-30T08:09:09Z,2026-09-30T09:09:07Z,0xe79402f1d1c16c7629c741604f88999a10707c21e0f2cd9893e2de752d26b318,0x35ab97d46f3524713a61d9b1eab034b49b9696275af5a5aecf16282e83ef859d
11,51985001,51986800,1790759349,1790762947,2026-09-30T09:09:09Z,2026-09-30T10:09:07Z,0x9585d97415146142066c174ee313538526917a565e13c1d0712976afc65b44d6,0xa55ee42bc037a9fbcc80ce663971908e8c641449462c79c8dc50abe2c10b3a11
12,51986801,51988600,1790762949,1790766547,2026-09-30T10:09:09Z,2026-09-30T11:09:07Z,0x82ea84f9661b9665ef9771f827057b20ce728252634e00fc5b84cdbadbbc8e03,0x41790703d495dde6f43dbaeed4daa55167514f031a6da88b30be8ca763aea436
13,51988601,51990400,1790766549,1790770147,2026-09-30T11:09:09Z,2026-09-30T12:09:07Z,0x024252c38b5ff3a8f47f0ff9a108d2a7f110367e01e2e14370f00b7a9925b051,0x2f45a2f6884ebe57a1f2ebf212f81d82f97ee544c378f01f06be19d2a8b7422e
14,51990401,51992200,1790770149,1790773747,2026-09-30T12:09:09Z,2026-09-30T13:09:07Z,0x3ffe0929b4baf2d5fbed99c687d4559483c068ead2e2a4e6e1bb014f32f15c08,0x7abe222f3b1c76307ed3f5b3efc36abfed2ac49e8eac849a73766ab55b696285
15,51992201,51994000,1790773749,1790777347,2026-09-30T13:09:09Z,2026-09-30T14:09:07Z,0x9dc69958a52c5af6c6f16a7caddb691c07a45819651c2b5d62a6b25ab9cec7a0,0x8f244105eda329b0d473056599b7bb7ddb7d60962af673cf8772e4b3b7fb48c6
16,51994001,51995800,1790777349,1790780947,2026-09-30T14:09:09Z,2026-09-30T15:09:07Z,0x5d579de002719ba8260e9418580453e990e922351d466518d5045b188b21dabf,0x6218161695edbae5fece42142e41fdefd898fb6b8acce8f645aba8d0508b5a85
17,51995801,51997600,1790780949,1790784547,2026-09-30T15:09:09Z,2026-09-30T16:09:07Z,0x8f5caac30540f50f675f069d13794931fb0df9034c5ee1738cc03cbc110d7c4e,0x0d92a171b33b07bfd6a944fa8e50da7a9f1fee522fd7152c9c9d6a2bafd02fcc
18,51997601,51999400,1790784549,1790788147,2026-09-30T16:09:09Z,2026-09-30T17:09:07Z,0xcd478f6a8516633ff9b9b0d76fcfe2f387f757ed2f4dbdd82bb5d6c112ad53f1,0x49bae30328e13ba9664466c15072b60bbbf6aecd3e22e968ef389a7147b878fe
19,51999401,52001200,1790788149,1790791747,2026-09-30T17:09:09Z,2026-09-30T18:09:07Z,0x7f58f36c7e82d77acd719bdb753e86023ec3c0a5aa59165ef1c9ea8ecb3802be,0x9b21edbddae8914819aa3de8bc8cb1338945c0eab1741c0b7bbe2ae7f0638d66
20,52001201,52003000,1790791749,1790795347,2026-09-30T18:09:09Z,2026-09-30T19:09:07Z,0xc09a6cedc1ca7d67406b7cedcfcb5e8f076e7df1e1f533c3adb4df629fb747c9,0x0400452ab01f5e5fd097e92b644ceeb091daf99840b9ef73114d09003bd60923
21,52003001,52004800,1790795349,1790798947,2026-09-30T19:09:09Z,2026-09-30T20:09:07Z,0xbd0b8fef25778ba0494c668e4847ece3efa16a52dcd6d9bd020b92a81572702b,0x7fa667dc23cea6c669b103be935585ec1e04c32e964ed3e4fcd73dca2fd08be6
22,52004801,52006600,1790798949,1790802547,2026-09-30T20:09:09Z,2026-09-30T21:09:07Z,0x0347a6e41e334dc7c65456a33f61cb98fbc60f981098b5b3726e3bb52489c130,0x1ea8690ba76a0d5ca35866ba07c88841a347fd2dd1dde0d82543fd8dfd01952c
23,52006601,52008400,1790802549,1790806147,2026-09-30T21:09:09Z,2026-09-30T22:09:07Z,0xfc6da51df4488c3ea6a57a2acef960b5e024d5392f4e6c3f61750fb6ac4cf793,0x116f70d59e1c4a45476bc1e787fedab83c0e83f8896e9006610f979f3ef206d5
