chunk_start,chunk_end,log_rows,endpoints_used,fetch_secs,fetched_utc,status
51965201,51965700,2767,"{""https://gateway.tenderly.co/public/base"": 2767}",0.88,2026-09-30T22:17:55Z,ok
51965701,51966200,3050,"{""https://gateway.tenderly.co/public/base"": 3050}",0.9,2026-09-30T22:17:55Z,ok
51966201,51966700,2802,"{""https://gateway.tenderly.co/public/base"": 2802}",0.4,2026-09-30T22:17:55Z,ok
51966701,51967200,2900,"{""https://gateway.tenderly.co/public/base"": 2900}",0.4,2026-09-30T22:17:55Z,ok
51967201,51967700,3541,"{""https://gateway.tenderly.co/public/base"": 3541}",0.54,2026-09-30T22:17:56Z,ok
51967701,51968200,4080,"{""https://gateway.tenderly.co/public/base"": 4080}",0.53,2026-09-30T22:17:56Z,ok
51968201,51968700,3837,"{""https://gateway.tenderly.co/public/base"": 3837}",0.53,2026-09-30T22:17:57Z,ok
51968701,51969200,4083,"{""https://gateway.tenderly.co/public/base"": 4083}",0.5,2026-09-30T22:17:57Z,ok
51969201,51969700,3785,"{""https://gateway.tenderly.co/public/base"": 3785}",0.52,2026-09-30T22:17:57Z,ok
51969701,51970200,3278,"{""https://gateway.tenderly.co/public/base"": 3278}",0.48,2026-09-30T22:17:57Z,ok
51970201,51970700,3230,"{""https://gateway.tenderly.co/public/base"": 3230}",0.47,2026-09-30T22:17:57Z,ok
51970701,51971200,3481,"{""https://gateway.tenderly.co/public/base"": 3481}",0.46,2026-09-30T22:17:58Z,ok
51971201,51971700,2805,"{""https://gateway.tenderly.co/public/base"": 2805}",0.41,2026-09-30T22:17:58Z,ok
51971701,51972200,3003,"{""https://gateway.tenderly.co/public/base"": 3003}",0.42,2026-09-30T22:17:58Z,ok
51972201,51972700,2792,"{""https://gateway.tenderly.co/public/base"": 2792}",0.36,2026-09-30T22:17:58Z,ok
51972701,51973200,2804,"{""https://gateway.tenderly.co/public/base"": 2804}",0.36,2026-09-30T22:17:58Z,ok
51973201,51973700,3138,"{""https://gateway.tenderly.co/public/base"": 3138}",0.45,2026-09-30T22:17:59Z,ok
51973701,51974200,3021,"{""https://gateway.tenderly.co/public/base"": 3021}",0.43,2026-09-30T22:17:59Z,ok
51974201,51974700,2925,"{""https://gateway.tenderly.co/public/base"": 2925}",0.44,2026-09-30T22:17:59Z,ok
51974701,51975200,2986,"{""https://gateway.tenderly.co/public/base"": 2986}",0.43,2026-09-30T22:17:59Z,ok
51975201,51975700,2747,"{""https://gateway.tenderly.co/public/base"": 2747}",0.34,2026-09-30T22:17:59Z,ok
51975701,51976200,2724,"{""https://gateway.tenderly.co/public/base"": 2724}",0.38,2026-09-30T22:18:00Z,ok
51976201,51976700,2701,"{""https://gateway.tenderly.co/public/base"": 2701}",0.42,2026-09-30T22:18:00Z,ok
51976701,51977200,3172,"{""https://gateway.tenderly.co/public/base"": 3172}",0.41,2026-09-30T22:18:00Z,ok
51977201,51977700,3331,"{""https://gateway.tenderly.co/public/base"": 3331}",0.43,2026-09-30T22:18:00Z,ok
51977701,51978200,2839,"{""https://gateway.tenderly.co/public/base"": 2839}",0.38,2026-09-30T22:18:00Z,ok
51978201,51978700,3088,"{""https://gateway.tenderly.co/public/base"": 3088}",0.44,2026-09-30T22:18:01Z,ok
51978701,51979200,2870,"{""https://gateway.tenderly.co/public/base"": 2870}",0.42,2026-09-30T22:18:01Z,ok
51979201,51979700,3126,"{""https://gateway.tenderly.co/public/base"": 3126}",0.48,2026-09-30T22:18:01Z,ok
51979701,51980200,3760,"{""https://gateway.tenderly.co/public/base"": 3760}",0.48,2026-09-30T22:18:01Z,ok
51980201,51980700,3037,"{""https://gateway.tenderly.co/public/base"": 3037}",0.43,2026-09-30T22:18:02Z,ok
51980701,51981200,3596,"{""https://gateway.tenderly.co/public/base"": 3596}",0.45,2026-09-30T22:18:02Z,ok
51981201,51981700,3549,"{""https://gateway.tenderly.co/public/base"": 3549}",0.46,2026-09-30T22:18:02Z,ok
51981701,51982200,4246,"{""https://gateway.tenderly.co/public/base"": 4246}",0.47,2026-09-30T22:18:02Z,ok
51982201,51982700,3469,"{""https://gateway.tenderly.co/public/base"": 3469}",0.51,2026-09-30T22:18:03Z,ok
51982701,51983200,3414,"{""https://gateway.tenderly.co/public/base"": 3414}",0.48,2026-09-30T22:18:03Z,ok
51983201,51983700,3484,"{""https://gateway.tenderly.co/public/base"": 3484}",0.44,2026-09-30T22:18:03Z,ok
51983701,51984200,3145,"{""https://gateway.tenderly.co/public/base"": 3145}",0.4,2026-09-30T22:18:03Z,ok
51984201,51984700,3278,"{""https://gateway.tenderly.co/public/base"": 3278}",0.43,2026-09-30T22:18:04Z,ok
51984701,51985200,3215,"{""https://gateway.tenderly.co/public/base"": 3215}",0.42,2026-09-30T22:18:04Z,ok
51985201,51985700,4641,"{""https://gateway.tenderly.co/public/base"": 4641}",0.52,2026-09-30T22:18:04Z,ok
51985701,51986200,3434,"{""https://gateway.tenderly.co/public/base"": 3434}",0.45,2026-09-30T22:18:04Z,ok
51986201,51986700,3442,"{""https://gateway.tenderly.co/public/base"": 3442}",0.46,2026-09-30T22:18:04Z,ok
51986701,51987200,3606,"{""https://gateway.tenderly.co/public/base"": 3606}",0.46,2026-09-30T22:18:04Z,ok
51987201,51987700,3317,"{""https://gateway.tenderly.co/public/base"": 3317}",0.45,2026-09-30T22:18:05Z,ok
51987701,51988200,3192,"{""https://gateway.tenderly.co/public/base"": 3192}",0.41,2026-09-30T22:18:05Z,ok
51988201,51988700,3645,"{""https://gateway.tenderly.co/public/base"": 3645}",0.52,2026-09-30T22:18:05Z,ok
51988701,51989200,4420,"{""https://gateway.tenderly.co/public/base"": 4420}",0.56,2026-09-30T22:18:05Z,ok
51989201,51989700,3319,"{""https://gateway.tenderly.co/public/base"": 3319}",0.44,2026-09-30T22:18:06Z,ok
51989701,51990200,3259,"{""https://gateway.tenderly.co/public/base"": 3259}",0.47,2026-09-30T22:18:06Z,ok
51990201,51990700,3388,"{""https://gateway.tenderly.co/public/base"": 3388}",0.47,2026-09-30T22:18:06Z,ok
51990701,51991200,6306,"{""https://gateway.tenderly.co/public/base"": 6306}",0.62,2026-09-30T22:18:07Z,ok
51991201,51991700,4600,"{""https://gateway.tenderly.co/public/base"": 4600}",0.48,2026-09-30T22:18:07Z,ok
51991701,51992200,4363,"{""https://gateway.tenderly.co/public/base"": 4363}",0.59,2026-09-30T22:18:07Z,ok
51992201,51992700,2728,"{""https://gateway.tenderly.co/public/base"": 2728}",0.94,2026-09-30T22:18:08Z,ok
51992701,51993200,3710,"{""https://gateway.tenderly.co/public/base"": 3710}",0.57,2026-09-30T22:18:08Z,ok
51993201,51993700,4913,"{""https://gateway.tenderly.co/public/base"": 4913}",0.56,2026-09-30T22:18:08Z,ok
51993701,51994200,4840,"{""https://gateway.tenderly.co/public/base"": 4840}",0.56,2026-09-30T22:18:08Z,ok
51994201,51994700,5855,"{""https://gateway.tenderly.co/public/base"": 5855}",0.67,2026-09-30T22:18:09Z,ok
51994701,51995200,5513,"{""https://gateway.tenderly.co/public/base"": 5513}",0.59,2026-09-30T22:18:09Z,ok
51995201,51995700,4320,"{""https://gateway.tenderly.co/public/base"": 4320}",0.7,2026-09-30T22:18:10Z,ok
51995701,51996200,3918,"{""https://gateway.tenderly.co/public/base"": 3918}",0.54,2026-09-30T22:18:09Z,ok
51996201,51996700,4188,"{""https://gateway.tenderly.co/public/base"": 4188}",0.51,2026-09-30T22:18:10Z,ok
51996701,51997200,3910,"{""https://gateway.tenderly.co/public/base"": 3910}",0.46,2026-09-30T22:18:10Z,ok
51997201,51997700,4921,"{""https://gateway.tenderly.co/public/base"": 4921}",0.59,2026-09-30T22:18:11Z,ok
51997701,51998200,3763,"{""https://gateway.tenderly.co/public/base"": 3763}",0.47,2026-09-30T22:18:11Z,ok
51998201,51998700,3421,"{""https://gateway.tenderly.co/public/base"": 3421}",0.52,2026-09-30T22:18:11Z,ok
51998701,51999200,3795,"{""https://gateway.tenderly.co/public/base"": 3795}",0.49,2026-09-30T22:18:11Z,ok
51999201,51999700,4071,"{""https://gateway.tenderly.co/public/base"": 4071}",0.65,2026-09-30T22:18:12Z,ok
51999701,52000200,3395,"{""https://gateway.tenderly.co/public/base"": 3395}",0.44,2026-09-30T22:18:12Z,ok
52000201,52000700,3404,"{""https://gateway.tenderly.co/public/base"": 3404}",0.43,2026-09-30T22:18:12Z,ok
52000701,52001200,3606,"{""https://gateway.tenderly.co/public/base"": 3606}",0.42,2026-09-30T22:18:12Z,ok
52001201,52001700,2944,"{""https://gateway.tenderly.co/public/base"": 2944}",0.33,2026-09-30T22:18:12Z,ok
52001701,52002200,4083,"{""https://gateway.tenderly.co/public/base"": 4083}",0.49,2026-09-30T22:18:13Z,ok
52002201,52002700,3446,"{""https://gateway.tenderly.co/public/base"": 3446}",0.42,2026-09-30T22:18:13Z,ok
52002701,52003200,3479,"{""https://gateway.tenderly.co/public/base"": 3479}",0.48,2026-09-30T22:18:13Z,ok
52003201,52003700,3105,"{""https://gateway.tenderly.co/public/base"": 3105}",0.4,2026-09-30T22:18:13Z,ok
52003701,52004200,2844,"{""https://gateway.tenderly.co/public/base"": 2844}",0.42,2026-09-30T22:18:14Z,ok
52004201,52004700,3563,"{""https://gateway.tenderly.co/public/base"": 3563}",0.43,2026-09-30T22:18:14Z,ok
52004701,52005200,3174,"{""https://gateway.tenderly.co/public/base"": 3174}",0.45,2026-09-30T22:18:14Z,ok
52005201,52005700,3328,"{""https://gateway.tenderly.co/public/base"": 3328}",0.45,2026-09-30T22:18:14Z,ok
52005701,52006200,2916,"{""https://gateway.tenderly.co/public/base"": 2916}",0.41,2026-09-30T22:18:14Z,ok
52006201,52006700,2995,"{""https://gateway.tenderly.co/public/base"": 2995}",0.42,2026-09-30T22:18:14Z,ok
52006701,52007200,2711,"{""https://gateway.tenderly.co/public/base"": 2711}",0.41,2026-09-30T22:18:15Z,ok
52007201,52007700,2835,"{""https://gateway.tenderly.co/public/base"": 2835}",0.4,2026-09-30T22:18:15Z,ok
52007701,52008200,3132,"{""https://gateway.tenderly.co/public/base"": 3132}",0.45,2026-09-30T22:18:15Z,ok
52008201,52008400,1502,"{""https://gateway.tenderly.co/public/base"": 1502}",0.4,2026-09-30T22:18:15Z,ok
