block,block_timestamp_formula,factory_name,factory,length_fn,status,length
500000,1687789347,Aerodrome,0x420dd381b31aef6683db6b902084cb0ffece40da,allPoolsLength,empty,
500000,1687789347,UniswapV2,0x8909dc15e40173ff4699343b6eb8132c65e18ec6,allPairsLength,empty,
500000,1687789347,SushiV2,0x71524b4f93c58fcbf659783284e38825f0622859,allPairsLength,empty,
500000,1687789347,PancakeV2,0x02a84c1b3bbd7401a5f7fa98a384ebc70bb5749e,allPairsLength,empty,
500000,1687789347,BaseSwap,0xfda619b6d20975be80a10332cd39b9a4b0faa8bb,allPairsLength,empty,
500000,1687789347,AerodromeCL,0x5e7bb104d84c7cb9b682aac2f3d509f5f406809a,allPoolsLength,empty,
500000,1687789347,AerodromeCL3,0xf8f2eb4940cfe7d13603dddd87f123820fc061ef,allPoolsLength,empty,
500000,1687789347,AerodromeCL2,0xade65c38cd4849adba595a4323a8c7ddfe89716a,allPoolsLength,empty,
1000000,1688789347,Aerodrome,0x420dd381b31aef6683db6b902084cb0ffece40da,allPoolsLength,empty,
1000000,1688789347,UniswapV2,0x8909dc15e40173ff4699343b6eb8132c65e18ec6,allPairsLength,empty,
1000000,1688789347,SushiV2,0x71524b4f93c58fcbf659783284e38825f0622859,allPairsLength,empty,
1000000,1688789347,PancakeV2,0x02a84c1b3bbd7401a5f7fa98a384ebc70bb5749e,allPairsLength,empty,
1000000,1688789347,BaseSwap,0xfda619b6d20975be80a10332cd39b9a4b0faa8bb,allPairsLength,empty,
1000000,1688789347,AerodromeCL,0x5e7bb104d84c7cb9b682aac2f3d509f5f406809a,allPoolsLength,empty,
1000000,1688789347,AerodromeCL3,0xf8f2eb4940cfe7d13603dddd87f123820fc061ef,allPoolsLength,empty,
1000000,1688789347,AerodromeCL2,0xade65c38cd4849adba595a4323a8c7ddfe89716a,allPoolsLength,empty,
1500000,1689789347,Aerodrome,0x420dd381b31aef6683db6b902084cb0ffece40da,allPoolsLength,empty,
1500000,1689789347,UniswapV2,0x8909dc15e40173ff4699343b6eb8132c65e18ec6,allPairsLength,empty,
1500000,1689789347,SushiV2,0x71524b4f93c58fcbf659783284e38825f0622859,allPairsLength,empty,
1500000,1689789347,PancakeV2,0x02a84c1b3bbd7401a5f7fa98a384ebc70bb5749e,allPairsLength,empty,
1500000,1689789347,BaseSwap,0xfda619b6d20975be80a10332cd39b9a4b0faa8bb,allPairsLength,empty,
1500000,1689789347,AerodromeCL,0x5e7bb104d84c7cb9b682aac2f3d509f5f406809a,allPoolsLength,empty,
1500000,1689789347,AerodromeCL3,0xf8f2eb4940cfe7d13603dddd87f123820fc061ef,allPoolsLength,empty,
1500000,1689789347,AerodromeCL2,0xade65c38cd4849adba595a4323a8c7ddfe89716a,allPoolsLength,empty,
2000000,1690789347,Aerodrome,0x420dd381b31aef6683db6b902084cb0ffece40da,allPoolsLength,empty,
2000000,1690789347,UniswapV2,0x8909dc15e40173ff4699343b6eb8132c65e18ec6,allPairsLength,empty,
2000000,1690789347,SushiV2,0x71524b4f93c58fcbf659783284e38825f0622859,allPairsLength,empty,
2000000,1690789347,PancakeV2,0x02a84c1b3bbd7401a5f7fa98a384ebc70bb5749e,allPairsLength,empty,
2000000,1690789347,BaseSwap,0xfda619b6d20975be80a10332cd39b9a4b0faa8bb,allPairsLength,empty,
2000000,1690789347,AerodromeCL,0x5e7bb104d84c7cb9b682aac2f3d509f5f406809a,allPoolsLength,empty,
2000000,1690789347,AerodromeCL3,0xf8f2eb4940cfe7d13603dddd87f123820fc061ef,allPoolsLength,empty,
2000000,1690789347,AerodromeCL2,0xade65c38cd4849adba595a4323a8c7ddfe89716a,allPoolsLength,empty,
2500000,1691789347,Aerodrome,0x420dd381b31aef6683db6b902084cb0ffece40da,allPoolsLength,empty,
2500000,1691789347,UniswapV2,0x8909dc15e40173ff4699343b6eb8132c65e18ec6,allPairsLength,empty,
2500000,1691789347,SushiV2,0x71524b4f93c58fcbf659783284e38825f0622859,allPairsLength,empty,
2500000,1691789347,PancakeV2,0x02a84c1b3bbd7401a5f7fa98a384ebc70bb5749e,allPairsLength,empty,
2500000,1691789347,BaseSwap,0xfda619b6d20975be80a10332cd39b9a4b0faa8bb,allPairsLength,ok,218
2500000,1691789347,AerodromeCL,0x5e7bb104d84c7cb9b682aac2f3d509f5f406809a,allPoolsLength,empty,
2500000,1691789347,AerodromeCL3,0xf8f2eb4940cfe7d13603dddd87f123820fc061ef,allPoolsLength,empty,
2500000,1691789347,AerodromeCL2,0xade65c38cd4849adba595a4323a8c7ddfe89716a,allPoolsLength,empty,
3000000,1692789347,Aerodrome,0x420dd381b31aef6683db6b902084cb0ffece40da,allPoolsLength,empty,
3000000,1692789347,UniswapV2,0x8909dc15e40173ff4699343b6eb8132c65e18ec6,allPairsLength,empty,
3000000,1692789347,SushiV2,0x71524b4f93c58fcbf659783284e38825f0622859,allPairsLength,ok,43
3000000,1692789347,PancakeV2,0x02a84c1b3bbd7401a5f7fa98a384ebc70bb5749e,allPairsLength,ok,0
3000000,1692789347,BaseSwap,0xfda619b6d20975be80a10332cd39b9a4b0faa8bb,allPairsLength,ok,1441
3000000,1692789347,AerodromeCL,0x5e7bb104d84c7cb9b682aac2f3d509f5f406809a,allPoolsLength,empty,
3000000,1692789347,AerodromeCL3,0xf8f2eb4940cfe7d13603dddd87f123820fc061ef,allPoolsLength,empty,
3000000,1692789347,AerodromeCL2,0xade65c38cd4849adba595a4323a8c7ddfe89716a,allPoolsLength,empty,
3500000,1693789347,Aerodrome,0x420dd381b31aef6683db6b902084cb0ffece40da,allPoolsLength,ok,99
3500000,1693789347,UniswapV2,0x8909dc15e40173ff4699343b6eb8132c65e18ec6,allPairsLength,empty,
3500000,1693789347,SushiV2,0x71524b4f93c58fcbf659783284e38825f0622859,allPairsLength,ok,70
3500000,1693789347,PancakeV2,0x02a84c1b3bbd7401a5f7fa98a384ebc70bb5749e,allPairsLength,ok,6
3500000,1693789347,BaseSwap,0xfda619b6d20975be80a10332cd39b9a4b0faa8bb,allPairsLength,ok,2466
3500000,1693789347,AerodromeCL,0x5e7bb104d84c7cb9b682aac2f3d509f5f406809a,allPoolsLength,empty,
3500000,1693789347,AerodromeCL3,0xf8f2eb4940cfe7d13603dddd87f123820fc061ef,allPoolsLength,empty,
3500000,1693789347,AerodromeCL2,0xade65c38cd4849adba595a4323a8c7ddfe89716a,allPoolsLength,empty,
4000000,1694789347,Aerodrome,0x420dd381b31aef6683db6b902084cb0ffece40da,allPoolsLength,ok,139
4000000,1694789347,UniswapV2,0x8909dc15e40173ff4699343b6eb8132c65e18ec6,allPairsLength,empty,
4000000,1694789347,SushiV2,0x71524b4f93c58fcbf659783284e38825f0622859,allPairsLength,ok,77
4000000,1694789347,PancakeV2,0x02a84c1b3bbd7401a5f7fa98a384ebc70bb5749e,allPairsLength,ok,21
4000000,1694789347,BaseSwap,0xfda619b6d20975be80a10332cd39b9a4b0faa8bb,allPairsLength,ok,2829
4000000,1694789347,AerodromeCL,0x5e7bb104d84c7cb9b682aac2f3d509f5f406809a,allPoolsLength,empty,
4000000,1694789347,AerodromeCL3,0xf8f2eb4940cfe7d13603dddd87f123820fc061ef,allPoolsLength,empty,
4000000,1694789347,AerodromeCL2,0xade65c38cd4849adba595a4323a8c7ddfe89716a,allPoolsLength,empty,
4500000,1695789347,Aerodrome,0x420dd381b31aef6683db6b902084cb0ffece40da,allPoolsLength,ok,173
4500000,1695789347,UniswapV2,0x8909dc15e40173ff4699343b6eb8132c65e18ec6,allPairsLength,empty,
4500000,1695789347,SushiV2,0x71524b4f93c58fcbf659783284e38825f0622859,allPairsLength,ok,80
4500000,1695789347,PancakeV2,0x02a84c1b3bbd7401a5f7fa98a384ebc70bb5749e,allPairsLength,ok,38
4500000,1695789347,BaseSwap,0xfda619b6d20975be80a10332cd39b9a4b0faa8bb,allPairsLength,ok,2961
4500000,1695789347,AerodromeCL,0x5e7bb104d84c7cb9b682aac2f3d509f5f406809a,allPoolsLength,empty,
4500000,1695789347,AerodromeCL3,0xf8f2eb4940cfe7d13603dddd87f123820fc061ef,allPoolsLength,empty,
4500000,1695789347,AerodromeCL2,0xade65c38cd4849adba595a4323a8c7ddfe89716a,allPoolsLength,empty,
5000000,1696789347,Aerodrome,0x420dd381b31aef6683db6b902084cb0ffece40da,allPoolsLength,ok,212
5000000,1696789347,UniswapV2,0x8909dc15e40173ff4699343b6eb8132c65e18ec6,allPairsLength,empty,
5000000,1696789347,SushiV2,0x71524b4f93c58fcbf659783284e38825f0622859,allPairsLength,ok,82
5000000,1696789347,PancakeV2,0x02a84c1b3bbd7401a5f7fa98a384ebc70bb5749e,allPairsLength,ok,69
5000000,1696789347,BaseSwap,0xfda619b6d20975be80a10332cd39b9a4b0faa8bb,allPairsLength,ok,3082
5000000,1696789347,AerodromeCL,0x5e7bb104d84c7cb9b682aac2f3d509f5f406809a,allPoolsLength,empty,
5000000,1696789347,AerodromeCL3,0xf8f2eb4940cfe7d13603dddd87f123820fc061ef,allPoolsLength,empty,
5000000,1696789347,AerodromeCL2,0xade65c38cd4849adba595a4323a8c7ddfe89716a,allPoolsLength,empty,
5500000,1697789347,Aerodrome,0x420dd381b31aef6683db6b902084cb0ffece40da,allPoolsLength,ok,244
5500000,1697789347,UniswapV2,0x8909dc15e40173ff4699343b6eb8132c65e18ec6,allPairsLength,empty,
5500000,1697789347,SushiV2,0x71524b4f93c58fcbf659783284e38825f0622859,allPairsLength,ok,86
5500000,1697789347,PancakeV2,0x02a84c1b3bbd7401a5f7fa98a384ebc70bb5749e,allPairsLength,ok,99
5500000,1697789347,BaseSwap,0xfda619b6d20975be80a10332cd39b9a4b0faa8bb,allPairsLength,ok,3190
5500000,1697789347,AerodromeCL,0x5e7bb104d84c7cb9b682aac2f3d509f5f406809a,allPoolsLength,empty,
5500000,1697789347,AerodromeCL3,0xf8f2eb4940cfe7d13603dddd87f123820fc061ef,allPoolsLength,empty,
5500000,1697789347,AerodromeCL2,0xade65c38cd4849adba595a4323a8c7ddfe89716a,allPoolsLength,empty,
6000000,1698789347,Aerodrome,0x420dd381b31aef6683db6b902084cb0ffece40da,allPoolsLength,ok,263
6000000,1698789347,UniswapV2,0x8909dc15e40173ff4699343b6eb8132c65e18ec6,allPairsLength,empty,
6000000,1698789347,SushiV2,0x71524b4f93c58fcbf659783284e38825f0622859,allPairsLength,ok,89
6000000,1698789347,PancakeV2,0x02a84c1b3bbd7401a5f7fa98a384ebc70bb5749e,allPairsLength,ok,126
6000000,1698789347,BaseSwap,0xfda619b6d20975be80a10332cd39b9a4b0faa8bb,allPairsLength,ok,3300
6000000,1698789347,AerodromeCL,0x5e7bb104d84c7cb9b682aac2f3d509f5f406809a,allPoolsLength,empty,
6000000,1698789347,AerodromeCL3,0xf8f2eb4940cfe7d13603dddd87f123820fc061ef,allPoolsLength,empty,
6000000,1698789347,AerodromeCL2,0xade65c38cd4849adba595a4323a8c7ddfe89716a,allPoolsLength,empty,
6500000,1699789347,Aerodrome,0x420dd381b31aef6683db6b902084cb0ffece40da,allPoolsLength,ok,281
6500000,1699789347,UniswapV2,0x8909dc15e40173ff4699343b6eb8132c65e18ec6,allPairsLength,empty,
6500000,1699789347,SushiV2,0x71524b4f93c58fcbf659783284e38825f0622859,allPairsLength,ok,98
6500000,1699789347,PancakeV2,0x02a84c1b3bbd7401a5f7fa98a384ebc70bb5749e,allPairsLength,ok,134
6500000,1699789347,BaseSwap,0xfda619b6d20975be80a10332cd39b9a4b0faa8bb,allPairsLength,ok,3394
6500000,1699789347,AerodromeCL,0x5e7bb104d84c7cb9b682aac2f3d509f5f406809a,allPoolsLength,empty,
6500000,1699789347,AerodromeCL3,0xf8f2eb4940cfe7d13603dddd87f123820fc061ef,allPoolsLength,empty,
6500000,1699789347,AerodromeCL2,0xade65c38cd4849adba595a4323a8c7ddfe89716a,allPoolsLength,empty,
7000000,1700789347,Aerodrome,0x420dd381b31aef6683db6b902084cb0ffece40da,allPoolsLength,ok,296
7000000,1700789347,UniswapV2,0x8909dc15e40173ff4699343b6eb8132c65e18ec6,allPairsLength,ok,0
7000000,1700789347,SushiV2,0x71524b4f93c58fcbf659783284e38825f0622859,allPairsLength,ok,111
7000000,1700789347,PancakeV2,0x02a84c1b3bbd7401a5f7fa98a384ebc70bb5749e,allPairsLength,ok,137
7000000,1700789347,BaseSwap,0xfda619b6d20975be80a10332cd39b9a4b0faa8bb,allPairsLength,ok,3490
7000000,1700789347,AerodromeCL,0x5e7bb104d84c7cb9b682aac2f3d509f5f406809a,allPoolsLength,empty,
7000000,1700789347,AerodromeCL3,0xf8f2eb4940cfe7d13603dddd87f123820fc061ef,allPoolsLength,empty,
7000000,1700789347,AerodromeCL2,0xade65c38cd4849adba595a4323a8c7ddfe89716a,allPoolsLength,empty,
7500000,1701789347,Aerodrome,0x420dd381b31aef6683db6b902084cb0ffece40da,allPoolsLength,ok,308
7500000,1701789347,UniswapV2,0x8909dc15e40173ff4699343b6eb8132c65e18ec6,allPairsLength,ok,0
7500000,1701789347,SushiV2,0x71524b4f93c58fcbf659783284e38825f0622859,allPairsLength,ok,115
7500000,1701789347,PancakeV2,0x02a84c1b3bbd7401a5f7fa98a384ebc70bb5749e,allPairsLength,ok,144
7500000,1701789347,BaseSwap,0xfda619b6d20975be80a10332cd39b9a4b0faa8bb,allPairsLength,ok,3593
7500000,1701789347,AerodromeCL,0x5e7bb104d84c7cb9b682aac2f3d509f5f406809a,allPoolsLength,empty,
7500000,1701789347,AerodromeCL3,0xf8f2eb4940cfe7d13603dddd87f123820fc061ef,allPoolsLength,empty,
7500000,1701789347,AerodromeCL2,0xade65c38cd4849adba595a4323a8c7ddfe89716a,allPoolsLength,empty,
8000000,1702789347,Aerodrome,0x420dd381b31aef6683db6b902084cb0ffece40da,allPoolsLength,ok,321
8000000,1702789347,UniswapV2,0x8909dc15e40173ff4699343b6eb8132c65e18ec6,allPairsLength,ok,0
8000000,1702789347,SushiV2,0x71524b4f93c58fcbf659783284e38825f0622859,allPairsLength,ok,127
8000000,1702789347,PancakeV2,0x02a84c1b3bbd7401a5f7fa98a384ebc70bb5749e,allPairsLength,ok,147
8000000,1702789347,BaseSwap,0xfda619b6d20975be80a10332cd39b9a4b0faa8bb,allPairsLength,ok,3649
8000000,1702789347,AerodromeCL,0x5e7bb104d84c7cb9b682aac2f3d509f5f406809a,allPoolsLength,empty,
8000000,1702789347,AerodromeCL3,0xf8f2eb4940cfe7d13603dddd87f123820fc061ef,allPoolsLength,empty,
8000000,1702789347,AerodromeCL2,0xade65c38cd4849adba595a4323a8c7ddfe89716a,allPoolsLength,empty,
8500000,1703789347,Aerodrome,0x420dd381b31aef6683db6b902084cb0ffece40da,allPoolsLength,ok,342
8500000,1703789347,UniswapV2,0x8909dc15e40173ff4699343b6eb8132c65e18ec6,allPairsLength,ok,0
8500000,1703789347,SushiV2,0x71524b4f93c58fcbf659783284e38825f0622859,allPairsLength,ok,153
8500000,1703789347,PancakeV2,0x02a84c1b3bbd7401a5f7fa98a384ebc70bb5749e,allPairsLength,ok,151
8500000,1703789347,BaseSwap,0xfda619b6d20975be80a10332cd39b9a4b0faa8bb,allPairsLength,ok,3799
8500000,1703789347,AerodromeCL,0x5e7bb104d84c7cb9b682aac2f3d509f5f406809a,allPoolsLength,empty,
8500000,1703789347,AerodromeCL3,0xf8f2eb4940cfe7d13603dddd87f123820fc061ef,allPoolsLength,empty,
8500000,1703789347,AerodromeCL2,0xade65c38cd4849adba595a4323a8c7ddfe89716a,allPoolsLength,empty,
9000000,1704789347,Aerodrome,0x420dd381b31aef6683db6b902084cb0ffece40da,allPoolsLength,ok,363
9000000,1704789347,UniswapV2,0x8909dc15e40173ff4699343b6eb8132c65e18ec6,allPairsLength,ok,0
9000000,1704789347,SushiV2,0x71524b4f93c58fcbf659783284e38825f0622859,allPairsLength,ok,168
9000000,1704789347,PancakeV2,0x02a84c1b3bbd7401a5f7fa98a384ebc70bb5749e,allPairsLength,ok,152
9000000,1704789347,BaseSwap,0xfda619b6d20975be80a10332cd39b9a4b0faa8bb,allPairsLength,ok,3869
9000000,1704789347,AerodromeCL,0x5e7bb104d84c7cb9b682aac2f3d509f5f406809a,allPoolsLength,empty,
9000000,1704789347,AerodromeCL3,0xf8f2eb4940cfe7d13603dddd87f123820fc061ef,allPoolsLength,empty,
9000000,1704789347,AerodromeCL2,0xade65c38cd4849adba595a4323a8c7ddfe89716a,allPoolsLength,empty,
9500000,1705789347,Aerodrome,0x420dd381b31aef6683db6b902084cb0ffece40da,allPoolsLength,ok,379
9500000,1705789347,UniswapV2,0x8909dc15e40173ff4699343b6eb8132c65e18ec6,allPairsLength,ok,0
9500000,1705789347,SushiV2,0x71524b4f93c58fcbf659783284e38825f0622859,allPairsLength,ok,206
9500000,1705789347,PancakeV2,0x02a84c1b3bbd7401a5f7fa98a384ebc70bb5749e,allPairsLength,ok,156
9500000,1705789347,BaseSwap,0xfda619b6d20975be80a10332cd39b9a4b0faa8bb,allPairsLength,ok,3902
9500000,1705789347,AerodromeCL,0x5e7bb104d84c7cb9b682aac2f3d509f5f406809a,allPoolsLength,empty,
9500000,1705789347,AerodromeCL3,0xf8f2eb4940cfe7d13603dddd87f123820fc061ef,allPoolsLength,empty,
9500000,1705789347,AerodromeCL2,0xade65c38cd4849adba595a4323a8c7ddfe89716a,allPoolsLength,empty,
10000000,1706789347,Aerodrome,0x420dd381b31aef6683db6b902084cb0ffece40da,allPoolsLength,ok,400
10000000,1706789347,UniswapV2,0x8909dc15e40173ff4699343b6eb8132c65e18ec6,allPairsLength,ok,0
10000000,1706789347,SushiV2,0x71524b4f93c58fcbf659783284e38825f0622859,allPairsLength,ok,213
10000000,1706789347,PancakeV2,0x02a84c1b3bbd7401a5f7fa98a384ebc70bb5749e,allPairsLength,ok,158
10000000,1706789347,BaseSwap,0xfda619b6d20975be80a10332cd39b9a4b0faa8bb,allPairsLength,ok,3941
10000000,1706789347,AerodromeCL,0x5e7bb104d84c7cb9b682aac2f3d509f5f406809a,allPoolsLength,empty,
10000000,1706789347,AerodromeCL3,0xf8f2eb4940cfe7d13603dddd87f123820fc061ef,allPoolsLength,empty,
10000000,1706789347,AerodromeCL2,0xade65c38cd4849adba595a4323a8c7ddfe89716a,allPoolsLength,empty,
10500000,1707789347,Aerodrome,0x420dd381b31aef6683db6b902084cb0ffece40da,allPoolsLength,ok,425
10500000,1707789347,UniswapV2,0x8909dc15e40173ff4699343b6eb8132c65e18ec6,allPairsLength,ok,0
10500000,1707789347,SushiV2,0x71524b4f93c58fcbf659783284e38825f0622859,allPairsLength,ok,309
10500000,1707789347,PancakeV2,0x02a84c1b3bbd7401a5f7fa98a384ebc70bb5749e,allPairsLength,ok,267
10500000,1707789347,BaseSwap,0xfda619b6d20975be80a10332cd39b9a4b0faa8bb,allPairsLength,ok,4138
10500000,1707789347,AerodromeCL,0x5e7bb104d84c7cb9b682aac2f3d509f5f406809a,allPoolsLength,empty,
10500000,1707789347,AerodromeCL3,0xf8f2eb4940cfe7d13603dddd87f123820fc061ef,allPoolsLength,empty,
10500000,1707789347,AerodromeCL2,0xade65c38cd4849adba595a4323a8c7ddfe89716a,allPoolsLength,empty,
11000000,1708789347,Aerodrome,0x420dd381b31aef6683db6b902084cb0ffece40da,allPoolsLength,ok,457
11000000,1708789347,UniswapV2,0x8909dc15e40173ff4699343b6eb8132c65e18ec6,allPairsLength,ok,17
11000000,1708789347,SushiV2,0x71524b4f93c58fcbf659783284e38825f0622859,allPairsLength,ok,366
11000000,1708789347,PancakeV2,0x02a84c1b3bbd7401a5f7fa98a384ebc70bb5749e,allPairsLength,ok,312
11000000,1708789347,BaseSwap,0xfda619b6d20975be80a10332cd39b9a4b0faa8bb,allPairsLength,ok,4215
11000000,1708789347,AerodromeCL,0x5e7bb104d84c7cb9b682aac2f3d509f5f406809a,allPoolsLength,empty,
11000000,1708789347,AerodromeCL3,0xf8f2eb4940cfe7d13603dddd87f123820fc061ef,allPoolsLength,empty,
11000000,1708789347,AerodromeCL2,0xade65c38cd4849adba595a4323a8c7ddfe89716a,allPoolsLength,empty,
11500000,1709789347,Aerodrome,0x420dd381b31aef6683db6b902084cb0ffece40da,allPoolsLength,ok,501
11500000,1709789347,UniswapV2,0x8909dc15e40173ff4699343b6eb8132c65e18ec6,allPairsLength,ok,431
11500000,1709789347,SushiV2,0x71524b4f93c58fcbf659783284e38825f0622859,allPairsLength,ok,630
11500000,1709789347,PancakeV2,0x02a84c1b3bbd7401a5f7fa98a384ebc70bb5749e,allPairsLength,ok,332
11500000,1709789347,BaseSwap,0xfda619b6d20975be80a10332cd39b9a4b0faa8bb,allPairsLength,ok,4261
11500000,1709789347,AerodromeCL,0x5e7bb104d84c7cb9b682aac2f3d509f5f406809a,allPoolsLength,empty,
11500000,1709789347,AerodromeCL3,0xf8f2eb4940cfe7d13603dddd87f123820fc061ef,allPoolsLength,empty,
11500000,1709789347,AerodromeCL2,0xade65c38cd4849adba595a4323a8c7ddfe89716a,allPoolsLength,empty,
12000000,1710789347,Aerodrome,0x420dd381b31aef6683db6b902084cb0ffece40da,allPoolsLength,ok,581
12000000,1710789347,UniswapV2,0x8909dc15e40173ff4699343b6eb8132c65e18ec6,allPairsLength,ok,4808
12000000,1710789347,SushiV2,0x71524b4f93c58fcbf659783284e38825f0622859,allPairsLength,ok,1275
12000000,1710789347,PancakeV2,0x02a84c1b3bbd7401a5f7fa98a384ebc70bb5749e,allPairsLength,ok,404
12000000,1710789347,BaseSwap,0xfda619b6d20975be80a10332cd39b9a4b0faa8bb,allPairsLength,ok,4412
12000000,1710789347,AerodromeCL,0x5e7bb104d84c7cb9b682aac2f3d509f5f406809a,allPoolsLength,empty,
12000000,1710789347,AerodromeCL3,0xf8f2eb4940cfe7d13603dddd87f123820fc061ef,allPoolsLength,empty,
12000000,1710789347,AerodromeCL2,0xade65c38cd4849adba595a4323a8c7ddfe89716a,allPoolsLength,empty,
12500000,1711789347,Aerodrome,0x420dd381b31aef6683db6b902084cb0ffece40da,allPoolsLength,ok,697
12500000,1711789347,UniswapV2,0x8909dc15e40173ff4699343b6eb8132c65e18ec6,allPairsLength,ok,26439
12500000,1711789347,SushiV2,0x71524b4f93c58fcbf659783284e38825f0622859,allPairsLength,ok,2418
12500000,1711789347,PancakeV2,0x02a84c1b3bbd7401a5f7fa98a384ebc70bb5749e,allPairsLength,ok,509
12500000,1711789347,BaseSwap,0xfda619b6d20975be80a10332cd39b9a4b0faa8bb,allPairsLength,ok,4509
12500000,1711789347,AerodromeCL,0x5e7bb104d84c7cb9b682aac2f3d509f5f406809a,allPoolsLength,empty,
12500000,1711789347,AerodromeCL3,0xf8f2eb4940cfe7d13603dddd87f123820fc061ef,allPoolsLength,empty,
12500000,1711789347,AerodromeCL2,0xade65c38cd4849adba595a4323a8c7ddfe89716a,allPoolsLength,empty,
13000000,1712789347,Aerodrome,0x420dd381b31aef6683db6b902084cb0ffece40da,allPoolsLength,ok,818
13000000,1712789347,UniswapV2,0x8909dc15e40173ff4699343b6eb8132c65e18ec6,allPairsLength,ok,66611
13000000,1712789347,SushiV2,0x71524b4f93c58fcbf659783284e38825f0622859,allPairsLength,ok,2883
13000000,1712789347,PancakeV2,0x02a84c1b3bbd7401a5f7fa98a384ebc70bb5749e,allPairsLength,ok,567
13000000,1712789347,BaseSwap,0xfda619b6d20975be80a10332cd39b9a4b0faa8bb,allPairsLength,ok,4594
13000000,1712789347,AerodromeCL,0x5e7bb104d84c7cb9b682aac2f3d509f5f406809a,allPoolsLength,empty,
13000000,1712789347,AerodromeCL3,0xf8f2eb4940cfe7d13603dddd87f123820fc061ef,allPoolsLength,empty,
13000000,1712789347,AerodromeCL2,0xade65c38cd4849adba595a4323a8c7ddfe89716a,allPoolsLength,empty,
13500000,1713789347,Aerodrome,0x420dd381b31aef6683db6b902084cb0ffece40da,allPoolsLength,ok,926
13500000,1713789347,UniswapV2,0x8909dc15e40173ff4699343b6eb8132c65e18ec6,allPairsLength,ok,106706
13500000,1713789347,SushiV2,0x71524b4f93c58fcbf659783284e38825f0622859,allPairsLength,ok,3043
13500000,1713789347,PancakeV2,0x02a84c1b3bbd7401a5f7fa98a384ebc70bb5749e,allPairsLength,ok,677
13500000,1713789347,BaseSwap,0xfda619b6d20975be80a10332cd39b9a4b0faa8bb,allPairsLength,ok,4649
13500000,1713789347,AerodromeCL,0x5e7bb104d84c7cb9b682aac2f3d509f5f406809a,allPoolsLength,empty,
13500000,1713789347,AerodromeCL3,0xf8f2eb4940cfe7d13603dddd87f123820fc061ef,allPoolsLength,empty,
13500000,1713789347,AerodromeCL2,0xade65c38cd4849adba595a4323a8c7ddfe89716a,allPoolsLength,empty,
14000000,1714789347,Aerodrome,0x420dd381b31aef6683db6b902084cb0ffece40da,allPoolsLength,ok,1033
14000000,1714789347,UniswapV2,0x8909dc15e40173ff4699343b6eb8132c65e18ec6,allPairsLength,ok,142372
14000000,1714789347,SushiV2,0x71524b4f93c58fcbf659783284e38825f0622859,allPairsLength,ok,3218
14000000,1714789347,PancakeV2,0x02a84c1b3bbd7401a5f7fa98a384ebc70bb5749e,allPairsLength,ok,748
14000000,1714789347,BaseSwap,0xfda619b6d20975be80a10332cd39b9a4b0faa8bb,allPairsLength,ok,4680
14000000,1714789347,AerodromeCL,0x5e7bb104d84c7cb9b682aac2f3d509f5f406809a,allPoolsLength,ok,17
14000000,1714789347,AerodromeCL3,0xf8f2eb4940cfe7d13603dddd87f123820fc061ef,allPoolsLength,empty,
14000000,1714789347,AerodromeCL2,0xade65c38cd4849adba595a4323a8c7ddfe89716a,allPoolsLength,empty,
14500000,1715789347,Aerodrome,0x420dd381b31aef6683db6b902084cb0ffece40da,allPoolsLength,ok,1122
14500000,1715789347,UniswapV2,0x8909dc15e40173ff4699343b6eb8132c65e18ec6,allPairsLength,ok,173169
14500000,1715789347,SushiV2,0x71524b4f93c58fcbf659783284e38825f0622859,allPairsLength,ok,3328
14500000,1715789347,PancakeV2,0x02a84c1b3bbd7401a5f7fa98a384ebc70bb5749e,allPairsLength,ok,840
14500000,1715789347,BaseSwap,0xfda619b6d20975be80a10332cd39b9a4b0faa8bb,allPairsLength,ok,4721
14500000,1715789347,AerodromeCL,0x5e7bb104d84c7cb9b682aac2f3d509f5f406809a,allPoolsLength,ok,51
14500000,1715789347,AerodromeCL3,0xf8f2eb4940cfe7d13603dddd87f123820fc061ef,allPoolsLength,empty,
14500000,1715789347,AerodromeCL2,0xade65c38cd4849adba595a4323a8c7ddfe89716a,allPoolsLength,empty,
15000000,1716789347,Aerodrome,0x420dd381b31aef6683db6b902084cb0ffece40da,allPoolsLength,ok,1207
15000000,1716789347,UniswapV2,0x8909dc15e40173ff4699343b6eb8132c65e18ec6,allPairsLength,ok,197991
15000000,1716789347,SushiV2,0x71524b4f93c58fcbf659783284e38825f0622859,allPairsLength,ok,3419
15000000,1716789347,PancakeV2,0x02a84c1b3bbd7401a5f7fa98a384ebc70bb5749e,allPairsLength,ok,928
15000000,1716789347,BaseSwap,0xfda619b6d20975be80a10332cd39b9a4b0faa8bb,allPairsLength,ok,4744
15000000,1716789347,AerodromeCL,0x5e7bb104d84c7cb9b682aac2f3d509f5f406809a,allPoolsLength,ok,71
15000000,1716789347,AerodromeCL3,0xf8f2eb4940cfe7d13603dddd87f123820fc061ef,allPoolsLength,empty,
15000000,1716789347,AerodromeCL2,0xade65c38cd4849adba595a4323a8c7ddfe89716a,allPoolsLength,empty,
15500000,1717789347,Aerodrome,0x420dd381b31aef6683db6b902084cb0ffece40da,allPoolsLength,ok,1296
15500000,1717789347,UniswapV2,0x8909dc15e40173ff4699343b6eb8132c65e18ec6,allPairsLength,ok,229730
15500000,1717789347,SushiV2,0x71524b4f93c58fcbf659783284e38825f0622859,allPairsLength,ok,3498
15500000,1717789347,PancakeV2,0x02a84c1b3bbd7401a5f7fa98a384ebc70bb5749e,allPairsLength,ok,1005
15500000,1717789347,BaseSwap,0xfda619b6d20975be80a10332cd39b9a4b0faa8bb,allPairsLength,ok,4767
15500000,1717789347,AerodromeCL,0x5e7bb104d84c7cb9b682aac2f3d509f5f406809a,allPoolsLength,ok,82
15500000,1717789347,AerodromeCL3,0xf8f2eb4940cfe7d13603dddd87f123820fc061ef,allPoolsLength,empty,
15500000,1717789347,AerodromeCL2,0xade65c38cd4849adba595a4323a8c7ddfe89716a,allPoolsLength,empty,
16000000,1718789347,Aerodrome,0x420dd381b31aef6683db6b902084cb0ffece40da,allPoolsLength,ok,1396
16000000,1718789347,UniswapV2,0x8909dc15e40173ff4699343b6eb8132c65e18ec6,allPairsLength,ok,270474
16000000,1718789347,SushiV2,0x71524b4f93c58fcbf659783284e38825f0622859,allPairsLength,ok,3637
16000000,1718789347,PancakeV2,0x02a84c1b3bbd7401a5f7fa98a384ebc70bb5749e,allPairsLength,ok,1407
16000000,1718789347,BaseSwap,0xfda619b6d20975be80a10332cd39b9a4b0faa8bb,allPairsLength,ok,4788
16000000,1718789347,AerodromeCL,0x5e7bb104d84c7cb9b682aac2f3d509f5f406809a,allPoolsLength,ok,90
16000000,1718789347,AerodromeCL3,0xf8f2eb4940cfe7d13603dddd87f123820fc061ef,allPoolsLength,empty,
16000000,1718789347,AerodromeCL2,0xade65c38cd4849adba595a4323a8c7ddfe89716a,allPoolsLength,empty,
16500000,1719789347,Aerodrome,0x420dd381b31aef6683db6b902084cb0ffece40da,allPoolsLength,ok,1489
16500000,1719789347,UniswapV2,0x8909dc15e40173ff4699343b6eb8132c65e18ec6,allPairsLength,ok,313861
16500000,1719789347,SushiV2,0x71524b4f93c58fcbf659783284e38825f0622859,allPairsLength,ok,3686
16500000,1719789347,PancakeV2,0x02a84c1b3bbd7401a5f7fa98a384ebc70bb5749e,allPairsLength,ok,1724
16500000,1719789347,BaseSwap,0xfda619b6d20975be80a10332cd39b9a4b0faa8bb,allPairsLength,ok,4819
16500000,1719789347,AerodromeCL,0x5e7bb104d84c7cb9b682aac2f3d509f5f406809a,allPoolsLength,ok,98
16500000,1719789347,AerodromeCL3,0xf8f2eb4940cfe7d13603dddd87f123820fc061ef,allPoolsLength,empty,
16500000,1719789347,AerodromeCL2,0xade65c38cd4849adba595a4323a8c7ddfe89716a,allPoolsLength,empty,
17000000,1720789347,Aerodrome,0x420dd381b31aef6683db6b902084cb0ffece40da,allPoolsLength,ok,1548
17000000,1720789347,UniswapV2,0x8909dc15e40173ff4699343b6eb8132c65e18ec6,allPairsLength,ok,364700
17000000,1720789347,SushiV2,0x71524b4f93c58fcbf659783284e38825f0622859,allPairsLength,ok,3803
17000000,1720789347,PancakeV2,0x02a84c1b3bbd7401a5f7fa98a384ebc70bb5749e,allPairsLength,ok,2072
17000000,1720789347,BaseSwap,0xfda619b6d20975be80a10332cd39b9a4b0faa8bb,allPairsLength,ok,4834
17000000,1720789347,AerodromeCL,0x5e7bb104d84c7cb9b682aac2f3d509f5f406809a,allPoolsLength,ok,103
17000000,1720789347,AerodromeCL3,0xf8f2eb4940cfe7d13603dddd87f123820fc061ef,allPoolsLength,empty,
17000000,1720789347,AerodromeCL2,0xade65c38cd4849adba595a4323a8c7ddfe89716a,allPoolsLength,empty,
17500000,1721789347,Aerodrome,0x420dd381b31aef6683db6b902084cb0ffece40da,allPoolsLength,ok,1610
17500000,1721789347,UniswapV2,0x8909dc15e40173ff4699343b6eb8132c65e18ec6,allPairsLength,ok,410762
17500000,1721789347,SushiV2,0x71524b4f93c58fcbf659783284e38825f0622859,allPairsLength,ok,3893
17500000,1721789347,PancakeV2,0x02a84c1b3bbd7401a5f7fa98a384ebc70bb5749e,allPairsLength,ok,2166
17500000,1721789347,BaseSwap,0xfda619b6d20975be80a10332cd39b9a4b0faa8bb,allPairsLength,ok,4864
17500000,1721789347,AerodromeCL,0x5e7bb104d84c7cb9b682aac2f3d509f5f406809a,allPoolsLength,ok,107
17500000,1721789347,AerodromeCL3,0xf8f2eb4940cfe7d13603dddd87f123820fc061ef,allPoolsLength,empty,
17500000,1721789347,AerodromeCL2,0xade65c38cd4849adba595a4323a8c7ddfe89716a,allPoolsLength,empty,
18000000,1722789347,Aerodrome,0x420dd381b31aef6683db6b902084cb0ffece40da,allPoolsLength,ok,1668
18000000,1722789347,UniswapV2,0x8909dc15e40173ff4699343b6eb8132c65e18ec6,allPairsLength,ok,457439
18000000,1722789347,SushiV2,0x71524b4f93c58fcbf659783284e38825f0622859,allPairsLength,ok,3965
18000000,1722789347,PancakeV2,0x02a84c1b3bbd7401a5f7fa98a384ebc70bb5749e,allPairsLength,ok,2266
18000000,1722789347,BaseSwap,0xfda619b6d20975be80a10332cd39b9a4b0faa8bb,allPairsLength,ok,4877
18000000,1722789347,AerodromeCL,0x5e7bb104d84c7cb9b682aac2f3d509f5f406809a,allPoolsLength,ok,114
18000000,1722789347,AerodromeCL3,0xf8f2eb4940cfe7d13603dddd87f123820fc061ef,allPoolsLength,empty,
18000000,1722789347,AerodromeCL2,0xade65c38cd4849adba595a4323a8c7ddfe89716a,allPoolsLength,empty,
18500000,1723789347,Aerodrome,0x420dd381b31aef6683db6b902084cb0ffece40da,allPoolsLength,ok,1758
18500000,1723789347,UniswapV2,0x8909dc15e40173ff4699343b6eb8132c65e18ec6,allPairsLength,ok,498875
18500000,1723789347,SushiV2,0x71524b4f93c58fcbf659783284e38825f0622859,allPairsLength,ok,4001
18500000,1723789347,PancakeV2,0x02a84c1b3bbd7401a5f7fa98a384ebc70bb5749e,allPairsLength,ok,2378
18500000,1723789347,BaseSwap,0xfda619b6d20975be80a10332cd39b9a4b0faa8bb,allPairsLength,ok,4893
18500000,1723789347,AerodromeCL,0x5e7bb104d84c7cb9b682aac2f3d509f5f406809a,allPoolsLength,ok,117
18500000,1723789347,AerodromeCL3,0xf8f2eb4940cfe7d13603dddd87f123820fc061ef,allPoolsLength,empty,
18500000,1723789347,AerodromeCL2,0xade65c38cd4849adba595a4323a8c7ddfe89716a,allPoolsLength,empty,
19000000,1724789347,Aerodrome,0x420dd381b31aef6683db6b902084cb0ffece40da,allPoolsLength,ok,1900
19000000,1724789347,UniswapV2,0x8909dc15e40173ff4699343b6eb8132c65e18ec6,allPairsLength,ok,542055
19000000,1724789347,SushiV2,0x71524b4f93c58fcbf659783284e38825f0622859,allPairsLength,ok,4040
19000000,1724789347,PancakeV2,0x02a84c1b3bbd7401a5f7fa98a384ebc70bb5749e,allPairsLength,ok,2785
19000000,1724789347,BaseSwap,0xfda619b6d20975be80a10332cd39b9a4b0faa8bb,allPairsLength,ok,4931
19000000,1724789347,AerodromeCL,0x5e7bb104d84c7cb9b682aac2f3d509f5f406809a,allPoolsLength,ok,121
19000000,1724789347,AerodromeCL3,0xf8f2eb4940cfe7d13603dddd87f123820fc061ef,allPoolsLength,empty,
19000000,1724789347,AerodromeCL2,0xade65c38cd4849adba595a4323a8c7ddfe89716a,allPoolsLength,empty,
19500000,1725789347,Aerodrome,0x420dd381b31aef6683db6b902084cb0ffece40da,allPoolsLength,ok,1990
19500000,1725789347,UniswapV2,0x8909dc15e40173ff4699343b6eb8132c65e18ec6,allPairsLength,ok,583382
19500000,1725789347,SushiV2,0x71524b4f93c58fcbf659783284e38825f0622859,allPairsLength,ok,4072
19500000,1725789347,PancakeV2,0x02a84c1b3bbd7401a5f7fa98a384ebc70bb5749e,allPairsLength,ok,2965
19500000,1725789347,BaseSwap,0xfda619b6d20975be80a10332cd39b9a4b0faa8bb,allPairsLength,ok,4943
19500000,1725789347,AerodromeCL,0x5e7bb104d84c7cb9b682aac2f3d509f5f406809a,allPoolsLength,ok,131
19500000,1725789347,AerodromeCL3,0xf8f2eb4940cfe7d13603dddd87f123820fc061ef,allPoolsLength,empty,
19500000,1725789347,AerodromeCL2,0xade65c38cd4849adba595a4323a8c7ddfe89716a,allPoolsLength,empty,
20000000,1726789347,Aerodrome,0x420dd381b31aef6683db6b902084cb0ffece40da,allPoolsLength,ok,2099
20000000,1726789347,UniswapV2,0x8909dc15e40173ff4699343b6eb8132c65e18ec6,allPairsLength,ok,618086
20000000,1726789347,SushiV2,0x71524b4f93c58fcbf659783284e38825f0622859,allPairsLength,ok,4103
20000000,1726789347,PancakeV2,0x02a84c1b3bbd7401a5f7fa98a384ebc70bb5749e,allPairsLength,ok,3000
20000000,1726789347,BaseSwap,0xfda619b6d20975be80a10332cd39b9a4b0faa8bb,allPairsLength,ok,4959
20000000,1726789347,AerodromeCL,0x5e7bb104d84c7cb9b682aac2f3d509f5f406809a,allPoolsLength,ok,139
20000000,1726789347,AerodromeCL3,0xf8f2eb4940cfe7d13603dddd87f123820fc061ef,allPoolsLength,empty,
20000000,1726789347,AerodromeCL2,0xade65c38cd4849adba595a4323a8c7ddfe89716a,allPoolsLength,empty,
20500000,1727789347,Aerodrome,0x420dd381b31aef6683db6b902084cb0ffece40da,allPoolsLength,ok,2163
20500000,1727789347,UniswapV2,0x8909dc15e40173ff4699343b6eb8132c65e18ec6,allPairsLength,ok,650241
20500000,1727789347,SushiV2,0x71524b4f93c58fcbf659783284e38825f0622859,allPairsLength,ok,4127
20500000,1727789347,PancakeV2,0x02a84c1b3bbd7401a5f7fa98a384ebc70bb5749e,allPairsLength,ok,3033
20500000,1727789347,BaseSwap,0xfda619b6d20975be80a10332cd39b9a4b0faa8bb,allPairsLength,ok,4970
20500000,1727789347,AerodromeCL,0x5e7bb104d84c7cb9b682aac2f3d509f5f406809a,allPoolsLength,ok,146
20500000,1727789347,AerodromeCL3,0xf8f2eb4940cfe7d13603dddd87f123820fc061ef,allPoolsLength,empty,
20500000,1727789347,AerodromeCL2,0xade65c38cd4849adba595a4323a8c7ddfe89716a,allPoolsLength,empty,
21000000,1728789347,Aerodrome,0x420dd381b31aef6683db6b902084cb0ffece40da,allPoolsLength,ok,2313
21000000,1728789347,UniswapV2,0x8909dc15e40173ff4699343b6eb8132c65e18ec6,allPairsLength,ok,673522
21000000,1728789347,SushiV2,0x71524b4f93c58fcbf659783284e38825f0622859,allPairsLength,ok,4189
21000000,1728789347,PancakeV2,0x02a84c1b3bbd7401a5f7fa98a384ebc70bb5749e,allPairsLength,ok,3116
21000000,1728789347,BaseSwap,0xfda619b6d20975be80a10332cd39b9a4b0faa8bb,allPairsLength,ok,4976
21000000,1728789347,AerodromeCL,0x5e7bb104d84c7cb9b682aac2f3d509f5f406809a,allPoolsLength,ok,164
21000000,1728789347,AerodromeCL3,0xf8f2eb4940cfe7d13603dddd87f123820fc061ef,allPoolsLength,empty,
21000000,1728789347,AerodromeCL2,0xade65c38cd4849adba595a4323a8c7ddfe89716a,allPoolsLength,empty,
21500000,1729789347,Aerodrome,0x420dd381b31aef6683db6b902084cb0ffece40da,allPoolsLength,ok,2812
21500000,1729789347,UniswapV2,0x8909dc15e40173ff4699343b6eb8132c65e18ec6,allPairsLength,ok,702213
21500000,1729789347,SushiV2,0x71524b4f93c58fcbf659783284e38825f0622859,allPairsLength,ok,4242
21500000,1729789347,PancakeV2,0x02a84c1b3bbd7401a5f7fa98a384ebc70bb5749e,allPairsLength,ok,3223
21500000,1729789347,BaseSwap,0xfda619b6d20975be80a10332cd39b9a4b0faa8bb,allPairsLength,ok,4998
21500000,1729789347,AerodromeCL,0x5e7bb104d84c7cb9b682aac2f3d509f5f406809a,allPoolsLength,ok,181
21500000,1729789347,AerodromeCL3,0xf8f2eb4940cfe7d13603dddd87f123820fc061ef,allPoolsLength,empty,
21500000,1729789347,AerodromeCL2,0xade65c38cd4849adba595a4323a8c7ddfe89716a,allPoolsLength,empty,
22000000,1730789347,Aerodrome,0x420dd381b31aef6683db6b902084cb0ffece40da,allPoolsLength,ok,3123
22000000,1730789347,UniswapV2,0x8909dc15e40173ff4699343b6eb8132c65e18ec6,allPairsLength,ok,734933
22000000,1730789347,SushiV2,0x71524b4f93c58fcbf659783284e38825f0622859,allPairsLength,ok,4256
22000000,1730789347,PancakeV2,0x02a84c1b3bbd7401a5f7fa98a384ebc70bb5749e,allPairsLength,ok,3275
22000000,1730789347,BaseSwap,0xfda619b6d20975be80a10332cd39b9a4b0faa8bb,allPairsLength,ok,5006
22000000,1730789347,AerodromeCL,0x5e7bb104d84c7cb9b682aac2f3d509f5f406809a,allPoolsLength,ok,192
22000000,1730789347,AerodromeCL3,0xf8f2eb4940cfe7d13603dddd87f123820fc061ef,allPoolsLength,empty,
22000000,1730789347,AerodromeCL2,0xade65c38cd4849adba595a4323a8c7ddfe89716a,allPoolsLength,empty,
22500000,1731789347,Aerodrome,0x420dd381b31aef6683db6b902084cb0ffece40da,allPoolsLength,ok,3349
22500000,1731789347,UniswapV2,0x8909dc15e40173ff4699343b6eb8132c65e18ec6,allPairsLength,ok,764350
22500000,1731789347,SushiV2,0x71524b4f93c58fcbf659783284e38825f0622859,allPairsLength,ok,4372
22500000,1731789347,PancakeV2,0x02a84c1b3bbd7401a5f7fa98a384ebc70bb5749e,allPairsLength,ok,3290
22500000,1731789347,BaseSwap,0xfda619b6d20975be80a10332cd39b9a4b0faa8bb,allPairsLength,ok,5012
22500000,1731789347,AerodromeCL,0x5e7bb104d84c7cb9b682aac2f3d509f5f406809a,allPoolsLength,ok,260
22500000,1731789347,AerodromeCL3,0xf8f2eb4940cfe7d13603dddd87f123820fc061ef,allPoolsLength,empty,
22500000,1731789347,AerodromeCL2,0xade65c38cd4849adba595a4323a8c7ddfe89716a,allPoolsLength,empty,
23000000,1732789347,Aerodrome,0x420dd381b31aef6683db6b902084cb0ffece40da,allPoolsLength,ok,3657
23000000,1732789347,UniswapV2,0x8909dc15e40173ff4699343b6eb8132c65e18ec6,allPairsLength,ok,791691
23000000,1732789347,SushiV2,0x71524b4f93c58fcbf659783284e38825f0622859,allPairsLength,ok,4405
23000000,1732789347,PancakeV2,0x02a84c1b3bbd7401a5f7fa98a384ebc70bb5749e,allPairsLength,ok,3354
23000000,1732789347,BaseSwap,0xfda619b6d20975be80a10332cd39b9a4b0faa8bb,allPairsLength,ok,5017
23000000,1732789347,AerodromeCL,0x5e7bb104d84c7cb9b682aac2f3d509f5f406809a,allPoolsLength,ok,288
23000000,1732789347,AerodromeCL3,0xf8f2eb4940cfe7d13603dddd87f123820fc061ef,allPoolsLength,empty,
23000000,1732789347,AerodromeCL2,0xade65c38cd4849adba595a4323a8c7ddfe89716a,allPoolsLength,empty,
23500000,1733789347,Aerodrome,0x420dd381b31aef6683db6b902084cb0ffece40da,allPoolsLength,ok,4119
23500000,1733789347,UniswapV2,0x8909dc15e40173ff4699343b6eb8132c65e18ec6,allPairsLength,ok,821274
23500000,1733789347,SushiV2,0x71524b4f93c58fcbf659783284e38825f0622859,allPairsLength,ok,4420
23500000,1733789347,PancakeV2,0x02a84c1b3bbd7401a5f7fa98a384ebc70bb5749e,allPairsLength,ok,3442
23500000,1733789347,BaseSwap,0xfda619b6d20975be80a10332cd39b9a4b0faa8bb,allPairsLength,ok,5029
23500000,1733789347,AerodromeCL,0x5e7bb104d84c7cb9b682aac2f3d509f5f406809a,allPoolsLength,ok,419
23500000,1733789347,AerodromeCL3,0xf8f2eb4940cfe7d13603dddd87f123820fc061ef,allPoolsLength,empty,
23500000,1733789347,AerodromeCL2,0xade65c38cd4849adba595a4323a8c7ddfe89716a,allPoolsLength,empty,
24000000,1734789347,Aerodrome,0x420dd381b31aef6683db6b902084cb0ffece40da,allPoolsLength,ok,4411
24000000,1734789347,UniswapV2,0x8909dc15e40173ff4699343b6eb8132c65e18ec6,allPairsLength,ok,848581
24000000,1734789347,SushiV2,0x71524b4f93c58fcbf659783284e38825f0622859,allPairsLength,ok,4448
24000000,1734789347,PancakeV2,0x02a84c1b3bbd7401a5f7fa98a384ebc70bb5749e,allPairsLength,ok,3496
24000000,1734789347,BaseSwap,0xfda619b6d20975be80a10332cd39b9a4b0faa8bb,allPairsLength,ok,5041
24000000,1734789347,AerodromeCL,0x5e7bb104d84c7cb9b682aac2f3d509f5f406809a,allPoolsLength,ok,743
24000000,1734789347,AerodromeCL3,0xf8f2eb4940cfe7d13603dddd87f123820fc061ef,allPoolsLength,empty,
24000000,1734789347,AerodromeCL2,0xade65c38cd4849adba595a4323a8c7ddfe89716a,allPoolsLength,empty,
24500000,1735789347,Aerodrome,0x420dd381b31aef6683db6b902084cb0ffece40da,allPoolsLength,ok,4543
24500000,1735789347,UniswapV2,0x8909dc15e40173ff4699343b6eb8132c65e18ec6,allPairsLength,ok,875616
24500000,1735789347,SushiV2,0x71524b4f93c58fcbf659783284e38825f0622859,allPairsLength,ok,4457
24500000,1735789347,PancakeV2,0x02a84c1b3bbd7401a5f7fa98a384ebc70bb5749e,allPairsLength,ok,3559
24500000,1735789347,BaseSwap,0xfda619b6d20975be80a10332cd39b9a4b0faa8bb,allPairsLength,ok,5066
24500000,1735789347,AerodromeCL,0x5e7bb104d84c7cb9b682aac2f3d509f5f406809a,allPoolsLength,ok,805
24500000,1735789347,AerodromeCL3,0xf8f2eb4940cfe7d13603dddd87f123820fc061ef,allPoolsLength,empty,
24500000,1735789347,AerodromeCL2,0xade65c38cd4849adba595a4323a8c7ddfe89716a,allPoolsLength,empty,
25000000,1736789347,Aerodrome,0x420dd381b31aef6683db6b902084cb0ffece40da,allPoolsLength,ok,4696
25000000,1736789347,UniswapV2,0x8909dc15e40173ff4699343b6eb8132c65e18ec6,allPairsLength,ok,901101
25000000,1736789347,SushiV2,0x71524b4f93c58fcbf659783284e38825f0622859,allPairsLength,ok,4464
25000000,1736789347,PancakeV2,0x02a84c1b3bbd7401a5f7fa98a384ebc70bb5749e,allPairsLength,ok,3586
25000000,1736789347,BaseSwap,0xfda619b6d20975be80a10332cd39b9a4b0faa8bb,allPairsLength,ok,5090
25000000,1736789347,AerodromeCL,0x5e7bb104d84c7cb9b682aac2f3d509f5f406809a,allPoolsLength,ok,857
25000000,1736789347,AerodromeCL3,0xf8f2eb4940cfe7d13603dddd87f123820fc061ef,allPoolsLength,empty,
25000000,1736789347,AerodromeCL2,0xade65c38cd4849adba595a4323a8c7ddfe89716a,allPoolsLength,empty,
25500000,1737789347,Aerodrome,0x420dd381b31aef6683db6b902084cb0ffece40da,allPoolsLength,ok,4963
25500000,1737789347,UniswapV2,0x8909dc15e40173ff4699343b6eb8132c65e18ec6,allPairsLength,ok,929623
25500000,1737789347,SushiV2,0x71524b4f93c58fcbf659783284e38825f0622859,allPairsLength,ok,4475
25500000,1737789347,PancakeV2,0x02a84c1b3bbd7401a5f7fa98a384ebc70bb5749e,allPairsLength,ok,3638
25500000,1737789347,BaseSwap,0xfda619b6d20975be80a10332cd39b9a4b0faa8bb,allPairsLength,ok,5099
25500000,1737789347,AerodromeCL,0x5e7bb104d84c7cb9b682aac2f3d509f5f406809a,allPoolsLength,ok,928
25500000,1737789347,AerodromeCL3,0xf8f2eb4940cfe7d13603dddd87f123820fc061ef,allPoolsLength,empty,
25500000,1737789347,AerodromeCL2,0xade65c38cd4849adba595a4323a8c7ddfe89716a,allPoolsLength,empty,
26000000,1738789347,Aerodrome,0x420dd381b31aef6683db6b902084cb0ffece40da,allPoolsLength,ok,5454
26000000,1738789347,UniswapV2,0x8909dc15e40173ff4699343b6eb8132c65e18ec6,allPairsLength,ok,961605
26000000,1738789347,SushiV2,0x71524b4f93c58fcbf659783284e38825f0622859,allPairsLength,ok,4520
26000000,1738789347,PancakeV2,0x02a84c1b3bbd7401a5f7fa98a384ebc70bb5749e,allPairsLength,ok,3663
26000000,1738789347,BaseSwap,0xfda619b6d20975be80a10332cd39b9a4b0faa8bb,allPairsLength,ok,5105
26000000,1738789347,AerodromeCL,0x5e7bb104d84c7cb9b682aac2f3d509f5f406809a,allPoolsLength,ok,979
26000000,1738789347,AerodromeCL3,0xf8f2eb4940cfe7d13603dddd87f123820fc061ef,allPoolsLength,empty,
26000000,1738789347,AerodromeCL2,0xade65c38cd4849adba595a4323a8c7ddfe89716a,allPoolsLength,empty,
26500000,1739789347,Aerodrome,0x420dd381b31aef6683db6b902084cb0ffece40da,allPoolsLength,ok,5568
26500000,1739789347,UniswapV2,0x8909dc15e40173ff4699343b6eb8132c65e18ec6,allPairsLength,ok,996050
26500000,1739789347,SushiV2,0x71524b4f93c58fcbf659783284e38825f0622859,allPairsLength,ok,4548
26500000,1739789347,PancakeV2,0x02a84c1b3bbd7401a5f7fa98a384ebc70bb5749e,allPairsLength,ok,3682
26500000,1739789347,BaseSwap,0xfda619b6d20975be80a10332cd39b9a4b0faa8bb,allPairsLength,ok,5116
26500000,1739789347,AerodromeCL,0x5e7bb104d84c7cb9b682aac2f3d509f5f406809a,allPoolsLength,ok,1007
26500000,1739789347,AerodromeCL3,0xf8f2eb4940cfe7d13603dddd87f123820fc061ef,allPoolsLength,empty,
26500000,1739789347,AerodromeCL2,0xade65c38cd4849adba595a4323a8c7ddfe89716a,allPoolsLength,empty,
27000000,1740789347,Aerodrome,0x420dd381b31aef6683db6b902084cb0ffece40da,allPoolsLength,ok,5653
27000000,1740789347,UniswapV2,0x8909dc15e40173ff4699343b6eb8132c65e18ec6,allPairsLength,ok,1042830
27000000,1740789347,SushiV2,0x71524b4f93c58fcbf659783284e38825f0622859,allPairsLength,ok,4594
27000000,1740789347,PancakeV2,0x02a84c1b3bbd7401a5f7fa98a384ebc70bb5749e,allPairsLength,ok,3918
27000000,1740789347,BaseSwap,0xfda619b6d20975be80a10332cd39b9a4b0faa8bb,allPairsLength,ok,5142
27000000,1740789347,AerodromeCL,0x5e7bb104d84c7cb9b682aac2f3d509f5f406809a,allPoolsLength,ok,1024
27000000,1740789347,AerodromeCL3,0xf8f2eb4940cfe7d13603dddd87f123820fc061ef,allPoolsLength,empty,
27000000,1740789347,AerodromeCL2,0xade65c38cd4849adba595a4323a8c7ddfe89716a,allPoolsLength,empty,
27500000,1741789347,Aerodrome,0x420dd381b31aef6683db6b902084cb0ffece40da,allPoolsLength,ok,5754
27500000,1741789347,UniswapV2,0x8909dc15e40173ff4699343b6eb8132c65e18ec6,allPairsLength,ok,1080419
27500000,1741789347,SushiV2,0x71524b4f93c58fcbf659783284e38825f0622859,allPairsLength,ok,4636
27500000,1741789347,PancakeV2,0x02a84c1b3bbd7401a5f7fa98a384ebc70bb5749e,allPairsLength,ok,4685
27500000,1741789347,BaseSwap,0xfda619b6d20975be80a10332cd39b9a4b0faa8bb,allPairsLength,ok,5159
27500000,1741789347,AerodromeCL,0x5e7bb104d84c7cb9b682aac2f3d509f5f406809a,allPoolsLength,ok,1045
27500000,1741789347,AerodromeCL3,0xf8f2eb4940cfe7d13603dddd87f123820fc061ef,allPoolsLength,empty,
27500000,1741789347,AerodromeCL2,0xade65c38cd4849adba595a4323a8c7ddfe89716a,allPoolsLength,empty,
28000000,1742789347,Aerodrome,0x420dd381b31aef6683db6b902084cb0ffece40da,allPoolsLength,ok,5882
28000000,1742789347,UniswapV2,0x8909dc15e40173ff4699343b6eb8132c65e18ec6,allPairsLength,ok,1113512
28000000,1742789347,SushiV2,0x71524b4f93c58fcbf659783284e38825f0622859,allPairsLength,ok,4668
28000000,1742789347,PancakeV2,0x02a84c1b3bbd7401a5f7fa98a384ebc70bb5749e,allPairsLength,ok,4830
28000000,1742789347,BaseSwap,0xfda619b6d20975be80a10332cd39b9a4b0faa8bb,allPairsLength,ok,5166
28000000,1742789347,AerodromeCL,0x5e7bb104d84c7cb9b682aac2f3d509f5f406809a,allPoolsLength,ok,1056
28000000,1742789347,AerodromeCL3,0xf8f2eb4940cfe7d13603dddd87f123820fc061ef,allPoolsLength,empty,
28000000,1742789347,AerodromeCL2,0xade65c38cd4849adba595a4323a8c7ddfe89716a,allPoolsLength,empty,
28500000,1743789347,Aerodrome,0x420dd381b31aef6683db6b902084cb0ffece40da,allPoolsLength,ok,6005
28500000,1743789347,UniswapV2,0x8909dc15e40173ff4699343b6eb8132c65e18ec6,allPairsLength,ok,1169297
28500000,1743789347,SushiV2,0x71524b4f93c58fcbf659783284e38825f0622859,allPairsLength,ok,4711
28500000,1743789347,PancakeV2,0x02a84c1b3bbd7401a5f7fa98a384ebc70bb5749e,allPairsLength,ok,5009
28500000,1743789347,BaseSwap,0xfda619b6d20975be80a10332cd39b9a4b0faa8bb,allPairsLength,ok,5175
28500000,1743789347,AerodromeCL,0x5e7bb104d84c7cb9b682aac2f3d509f5f406809a,allPoolsLength,ok,1088
28500000,1743789347,AerodromeCL3,0xf8f2eb4940cfe7d13603dddd87f123820fc061ef,allPoolsLength,empty,
28500000,1743789347,AerodromeCL2,0xade65c38cd4849adba595a4323a8c7ddfe89716a,allPoolsLength,empty,
29000000,1744789347,Aerodrome,0x420dd381b31aef6683db6b902084cb0ffece40da,allPoolsLength,ok,6142
29000000,1744789347,UniswapV2,0x8909dc15e40173ff4699343b6eb8132c65e18ec6,allPairsLength,ok,1212993
29000000,1744789347,SushiV2,0x71524b4f93c58fcbf659783284e38825f0622859,allPairsLength,ok,4753
29000000,1744789347,PancakeV2,0x02a84c1b3bbd7401a5f7fa98a384ebc70bb5749e,allPairsLength,ok,5317
29000000,1744789347,BaseSwap,0xfda619b6d20975be80a10332cd39b9a4b0faa8bb,allPairsLength,ok,5181
29000000,1744789347,AerodromeCL,0x5e7bb104d84c7cb9b682aac2f3d509f5f406809a,allPoolsLength,ok,1122
29000000,1744789347,AerodromeCL3,0xf8f2eb4940cfe7d13603dddd87f123820fc061ef,allPoolsLength,empty,
29000000,1744789347,AerodromeCL2,0xade65c38cd4849adba595a4323a8c7ddfe89716a,allPoolsLength,empty,
29500000,1745789347,Aerodrome,0x420dd381b31aef6683db6b902084cb0ffece40da,allPoolsLength,ok,6263
29500000,1745789347,UniswapV2,0x8909dc15e40173ff4699343b6eb8132c65e18ec6,allPairsLength,ok,1345038
29500000,1745789347,SushiV2,0x71524b4f93c58fcbf659783284e38825f0622859,allPairsLength,ok,4801
29500000,1745789347,PancakeV2,0x02a84c1b3bbd7401a5f7fa98a384ebc70bb5749e,allPairsLength,ok,5844
29500000,1745789347,BaseSwap,0xfda619b6d20975be80a10332cd39b9a4b0faa8bb,allPairsLength,ok,5192
29500000,1745789347,AerodromeCL,0x5e7bb104d84c7cb9b682aac2f3d509f5f406809a,allPoolsLength,ok,1146
29500000,1745789347,AerodromeCL3,0xf8f2eb4940cfe7d13603dddd87f123820fc061ef,allPoolsLength,empty,
29500000,1745789347,AerodromeCL2,0xade65c38cd4849adba595a4323a8c7ddfe89716a,allPoolsLength,empty,
30000000,1746789347,Aerodrome,0x420dd381b31aef6683db6b902084cb0ffece40da,allPoolsLength,ok,6382
30000000,1746789347,UniswapV2,0x8909dc15e40173ff4699343b6eb8132c65e18ec6,allPairsLength,ok,1405849
30000000,1746789347,SushiV2,0x71524b4f93c58fcbf659783284e38825f0622859,allPairsLength,ok,4828
30000000,1746789347,PancakeV2,0x02a84c1b3bbd7401a5f7fa98a384ebc70bb5749e,allPairsLength,ok,6153
30000000,1746789347,BaseSwap,0xfda619b6d20975be80a10332cd39b9a4b0faa8bb,allPairsLength,ok,5199
30000000,1746789347,AerodromeCL,0x5e7bb104d84c7cb9b682aac2f3d509f5f406809a,allPoolsLength,ok,1170
30000000,1746789347,AerodromeCL3,0xf8f2eb4940cfe7d13603dddd87f123820fc061ef,allPoolsLength,empty,
30000000,1746789347,AerodromeCL2,0xade65c38cd4849adba595a4323a8c7ddfe89716a,allPoolsLength,empty,
30500000,1747789347,Aerodrome,0x420dd381b31aef6683db6b902084cb0ffece40da,allPoolsLength,ok,6493
30500000,1747789347,UniswapV2,0x8909dc15e40173ff4699343b6eb8132c65e18ec6,allPairsLength,ok,1556767
30500000,1747789347,SushiV2,0x71524b4f93c58fcbf659783284e38825f0622859,allPairsLength,ok,4957
30500000,1747789347,PancakeV2,0x02a84c1b3bbd7401a5f7fa98a384ebc70bb5749e,allPairsLength,ok,7151
30500000,1747789347,BaseSwap,0xfda619b6d20975be80a10332cd39b9a4b0faa8bb,allPairsLength,ok,5218
30500000,1747789347,AerodromeCL,0x5e7bb104d84c7cb9b682aac2f3d509f5f406809a,allPoolsLength,ok,1190
30500000,1747789347,AerodromeCL3,0xf8f2eb4940cfe7d13603dddd87f123820fc061ef,allPoolsLength,empty,
30500000,1747789347,AerodromeCL2,0xade65c38cd4849adba595a4323a8c7ddfe89716a,allPoolsLength,empty,
31000000,1748789347,Aerodrome,0x420dd381b31aef6683db6b902084cb0ffece40da,allPoolsLength,ok,6626
31000000,1748789347,UniswapV2,0x8909dc15e40173ff4699343b6eb8132c65e18ec6,allPairsLength,ok,1711567
31000000,1748789347,SushiV2,0x71524b4f93c58fcbf659783284e38825f0622859,allPairsLength,ok,5011
31000000,1748789347,PancakeV2,0x02a84c1b3bbd7401a5f7fa98a384ebc70bb5749e,allPairsLength,ok,7583
31000000,1748789347,BaseSwap,0xfda619b6d20975be80a10332cd39b9a4b0faa8bb,allPairsLength,ok,6701
31000000,1748789347,AerodromeCL,0x5e7bb104d84c7cb9b682aac2f3d509f5f406809a,allPoolsLength,ok,1202
31000000,1748789347,AerodromeCL3,0xf8f2eb4940cfe7d13603dddd87f123820fc061ef,allPoolsLength,empty,
31000000,1748789347,AerodromeCL2,0xade65c38cd4849adba595a4323a8c7ddfe89716a,allPoolsLength,empty,
31500000,1749789347,Aerodrome,0x420dd381b31aef6683db6b902084cb0ffece40da,allPoolsLength,ok,6914
31500000,1749789347,UniswapV2,0x8909dc15e40173ff4699343b6eb8132c65e18ec6,allPairsLength,ok,1836732
31500000,1749789347,SushiV2,0x71524b4f93c58fcbf659783284e38825f0622859,allPairsLength,ok,5033
31500000,1749789347,PancakeV2,0x02a84c1b3bbd7401a5f7fa98a384ebc70bb5749e,allPairsLength,ok,7909
31500000,1749789347,BaseSwap,0xfda619b6d20975be80a10332cd39b9a4b0faa8bb,allPairsLength,ok,6709
31500000,1749789347,AerodromeCL,0x5e7bb104d84c7cb9b682aac2f3d509f5f406809a,allPoolsLength,ok,1218
31500000,1749789347,AerodromeCL3,0xf8f2eb4940cfe7d13603dddd87f123820fc061ef,allPoolsLength,empty,
31500000,1749789347,AerodromeCL2,0xade65c38cd4849adba595a4323a8c7ddfe89716a,allPoolsLength,empty,
32000000,1750789347,Aerodrome,0x420dd381b31aef6683db6b902084cb0ffece40da,allPoolsLength,ok,7087
32000000,1750789347,UniswapV2,0x8909dc15e40173ff4699343b6eb8132c65e18ec6,allPairsLength,ok,1905976
32000000,1750789347,SushiV2,0x71524b4f93c58fcbf659783284e38825f0622859,allPairsLength,ok,5049
32000000,1750789347,PancakeV2,0x02a84c1b3bbd7401a5f7fa98a384ebc70bb5749e,allPairsLength,ok,8021
32000000,1750789347,BaseSwap,0xfda619b6d20975be80a10332cd39b9a4b0faa8bb,allPairsLength,ok,6716
32000000,1750789347,AerodromeCL,0x5e7bb104d84c7cb9b682aac2f3d509f5f406809a,allPoolsLength,ok,1237
32000000,1750789347,AerodromeCL3,0xf8f2eb4940cfe7d13603dddd87f123820fc061ef,allPoolsLength,empty,
32000000,1750789347,AerodromeCL2,0xade65c38cd4849adba595a4323a8c7ddfe89716a,allPoolsLength,empty,
32500000,1751789347,Aerodrome,0x420dd381b31aef6683db6b902084cb0ffece40da,allPoolsLength,ok,7187
32500000,1751789347,UniswapV2,0x8909dc15e40173ff4699343b6eb8132c65e18ec6,allPairsLength,ok,2171831
32500000,1751789347,SushiV2,0x71524b4f93c58fcbf659783284e38825f0622859,allPairsLength,ok,5077
32500000,1751789347,PancakeV2,0x02a84c1b3bbd7401a5f7fa98a384ebc70bb5749e,allPairsLength,ok,8144
32500000,1751789347,BaseSwap,0xfda619b6d20975be80a10332cd39b9a4b0faa8bb,allPairsLength,ok,6721
32500000,1751789347,AerodromeCL,0x5e7bb104d84c7cb9b682aac2f3d509f5f406809a,allPoolsLength,ok,1248
32500000,1751789347,AerodromeCL3,0xf8f2eb4940cfe7d13603dddd87f123820fc061ef,allPoolsLength,empty,
32500000,1751789347,AerodromeCL2,0xade65c38cd4849adba595a4323a8c7ddfe89716a,allPoolsLength,empty,
33000000,1752789347,Aerodrome,0x420dd381b31aef6683db6b902084cb0ffece40da,allPoolsLength,ok,7497
33000000,1752789347,UniswapV2,0x8909dc15e40173ff4699343b6eb8132c65e18ec6,allPairsLength,ok,2239182
33000000,1752789347,SushiV2,0x71524b4f93c58fcbf659783284e38825f0622859,allPairsLength,ok,5161
33000000,1752789347,PancakeV2,0x02a84c1b3bbd7401a5f7fa98a384ebc70bb5749e,allPairsLength,ok,8182
33000000,1752789347,BaseSwap,0xfda619b6d20975be80a10332cd39b9a4b0faa8bb,allPairsLength,ok,6732
33000000,1752789347,AerodromeCL,0x5e7bb104d84c7cb9b682aac2f3d509f5f406809a,allPoolsLength,ok,1255
33000000,1752789347,AerodromeCL3,0xf8f2eb4940cfe7d13603dddd87f123820fc061ef,allPoolsLength,empty,
33000000,1752789347,AerodromeCL2,0xade65c38cd4849adba595a4323a8c7ddfe89716a,allPoolsLength,empty,
33500000,1753789347,Aerodrome,0x420dd381b31aef6683db6b902084cb0ffece40da,allPoolsLength,ok,8083
33500000,1753789347,UniswapV2,0x8909dc15e40173ff4699343b6eb8132c65e18ec6,allPairsLength,ok,2294199
33500000,1753789347,SushiV2,0x71524b4f93c58fcbf659783284e38825f0622859,allPairsLength,ok,5194
33500000,1753789347,PancakeV2,0x02a84c1b3bbd7401a5f7fa98a384ebc70bb5749e,allPairsLength,ok,8251
33500000,1753789347,BaseSwap,0xfda619b6d20975be80a10332cd39b9a4b0faa8bb,allPairsLength,ok,6748
33500000,1753789347,AerodromeCL,0x5e7bb104d84c7cb9b682aac2f3d509f5f406809a,allPoolsLength,ok,1268
33500000,1753789347,AerodromeCL3,0xf8f2eb4940cfe7d13603dddd87f123820fc061ef,allPoolsLength,empty,
33500000,1753789347,AerodromeCL2,0xade65c38cd4849adba595a4323a8c7ddfe89716a,allPoolsLength,empty,
34000000,1754789347,Aerodrome,0x420dd381b31aef6683db6b902084cb0ffece40da,allPoolsLength,ok,8192
34000000,1754789347,UniswapV2,0x8909dc15e40173ff4699343b6eb8132c65e18ec6,allPairsLength,ok,2337428
34000000,1754789347,SushiV2,0x71524b4f93c58fcbf659783284e38825f0622859,allPairsLength,ok,5258
34000000,1754789347,PancakeV2,0x02a84c1b3bbd7401a5f7fa98a384ebc70bb5749e,allPairsLength,ok,8285
34000000,1754789347,BaseSwap,0xfda619b6d20975be80a10332cd39b9a4b0faa8bb,allPairsLength,ok,6766
34000000,1754789347,AerodromeCL,0x5e7bb104d84c7cb9b682aac2f3d509f5f406809a,allPoolsLength,ok,1370
34000000,1754789347,AerodromeCL3,0xf8f2eb4940cfe7d13603dddd87f123820fc061ef,allPoolsLength,empty,
34000000,1754789347,AerodromeCL2,0xade65c38cd4849adba595a4323a8c7ddfe89716a,allPoolsLength,empty,
34500000,1755789347,Aerodrome,0x420dd381b31aef6683db6b902084cb0ffece40da,allPoolsLength,ok,8370
34500000,1755789347,UniswapV2,0x8909dc15e40173ff4699343b6eb8132c65e18ec6,allPairsLength,ok,2393154
34500000,1755789347,SushiV2,0x71524b4f93c58fcbf659783284e38825f0622859,allPairsLength,ok,5300
34500000,1755789347,PancakeV2,0x02a84c1b3bbd7401a5f7fa98a384ebc70bb5749e,allPairsLength,ok,8323
34500000,1755789347,BaseSwap,0xfda619b6d20975be80a10332cd39b9a4b0faa8bb,allPairsLength,ok,6776
34500000,1755789347,AerodromeCL,0x5e7bb104d84c7cb9b682aac2f3d509f5f406809a,allPoolsLength,ok,1465
34500000,1755789347,AerodromeCL3,0xf8f2eb4940cfe7d13603dddd87f123820fc061ef,allPoolsLength,empty,
34500000,1755789347,AerodromeCL2,0xade65c38cd4849adba595a4323a8c7ddfe89716a,allPoolsLength,empty,
35000000,1756789347,Aerodrome,0x420dd381b31aef6683db6b902084cb0ffece40da,allPoolsLength,ok,8499
35000000,1756789347,UniswapV2,0x8909dc15e40173ff4699343b6eb8132c65e18ec6,allPairsLength,ok,2466664
35000000,1756789347,SushiV2,0x71524b4f93c58fcbf659783284e38825f0622859,allPairsLength,ok,5322
35000000,1756789347,PancakeV2,0x02a84c1b3bbd7401a5f7fa98a384ebc70bb5749e,allPairsLength,ok,8361
35000000,1756789347,BaseSwap,0xfda619b6d20975be80a10332cd39b9a4b0faa8bb,allPairsLength,ok,6780
35000000,1756789347,AerodromeCL,0x5e7bb104d84c7cb9b682aac2f3d509f5f406809a,allPoolsLength,ok,1537
35000000,1756789347,AerodromeCL3,0xf8f2eb4940cfe7d13603dddd87f123820fc061ef,allPoolsLength,empty,
35000000,1756789347,AerodromeCL2,0xade65c38cd4849adba595a4323a8c7ddfe89716a,allPoolsLength,empty,
35500000,1757789347,Aerodrome,0x420dd381b31aef6683db6b902084cb0ffece40da,allPoolsLength,ok,8716
35500000,1757789347,UniswapV2,0x8909dc15e40173ff4699343b6eb8132c65e18ec6,allPairsLength,ok,2649241
35500000,1757789347,SushiV2,0x71524b4f93c58fcbf659783284e38825f0622859,allPairsLength,ok,5337
35500000,1757789347,PancakeV2,0x02a84c1b3bbd7401a5f7fa98a384ebc70bb5749e,allPairsLength,ok,8532
35500000,1757789347,BaseSwap,0xfda619b6d20975be80a10332cd39b9a4b0faa8bb,allPairsLength,ok,6791
35500000,1757789347,AerodromeCL,0x5e7bb104d84c7cb9b682aac2f3d509f5f406809a,allPoolsLength,ok,1656
35500000,1757789347,AerodromeCL3,0xf8f2eb4940cfe7d13603dddd87f123820fc061ef,allPoolsLength,empty,
35500000,1757789347,AerodromeCL2,0xade65c38cd4849adba595a4323a8c7ddfe89716a,allPoolsLength,empty,
36000000,1758789347,Aerodrome,0x420dd381b31aef6683db6b902084cb0ffece40da,allPoolsLength,ok,8937
36000000,1758789347,UniswapV2,0x8909dc15e40173ff4699343b6eb8132c65e18ec6,allPairsLength,ok,2680263
36000000,1758789347,SushiV2,0x71524b4f93c58fcbf659783284e38825f0622859,allPairsLength,ok,5354
36000000,1758789347,PancakeV2,0x02a84c1b3bbd7401a5f7fa98a384ebc70bb5749e,allPairsLength,ok,8861
36000000,1758789347,BaseSwap,0xfda619b6d20975be80a10332cd39b9a4b0faa8bb,allPairsLength,ok,6800
36000000,1758789347,AerodromeCL,0x5e7bb104d84c7cb9b682aac2f3d509f5f406809a,allPoolsLength,ok,1742
36000000,1758789347,AerodromeCL3,0xf8f2eb4940cfe7d13603dddd87f123820fc061ef,allPoolsLength,empty,
36000000,1758789347,AerodromeCL2,0xade65c38cd4849adba595a4323a8c7ddfe89716a,allPoolsLength,empty,
36500000,1759789347,Aerodrome,0x420dd381b31aef6683db6b902084cb0ffece40da,allPoolsLength,ok,9052
36500000,1759789347,UniswapV2,0x8909dc15e40173ff4699343b6eb8132c65e18ec6,allPairsLength,ok,2704736
36500000,1759789347,SushiV2,0x71524b4f93c58fcbf659783284e38825f0622859,allPairsLength,ok,5391
36500000,1759789347,PancakeV2,0x02a84c1b3bbd7401a5f7fa98a384ebc70bb5749e,allPairsLength,ok,8925
36500000,1759789347,BaseSwap,0xfda619b6d20975be80a10332cd39b9a4b0faa8bb,allPairsLength,ok,6810
36500000,1759789347,AerodromeCL,0x5e7bb104d84c7cb9b682aac2f3d509f5f406809a,allPoolsLength,ok,1841
36500000,1759789347,AerodromeCL3,0xf8f2eb4940cfe7d13603dddd87f123820fc061ef,allPoolsLength,empty,
36500000,1759789347,AerodromeCL2,0xade65c38cd4849adba595a4323a8c7ddfe89716a,allPoolsLength,empty,
37000000,1760789347,Aerodrome,0x420dd381b31aef6683db6b902084cb0ffece40da,allPoolsLength,ok,10044
37000000,1760789347,UniswapV2,0x8909dc15e40173ff4699343b6eb8132c65e18ec6,allPairsLength,ok,2717147
37000000,1760789347,SushiV2,0x71524b4f93c58fcbf659783284e38825f0622859,allPairsLength,ok,5405
37000000,1760789347,PancakeV2,0x02a84c1b3bbd7401a5f7fa98a384ebc70bb5749e,allPairsLength,ok,8945
37000000,1760789347,BaseSwap,0xfda619b6d20975be80a10332cd39b9a4b0faa8bb,allPairsLength,ok,6819
37000000,1760789347,AerodromeCL,0x5e7bb104d84c7cb9b682aac2f3d509f5f406809a,allPoolsLength,ok,1942
37000000,1760789347,AerodromeCL3,0xf8f2eb4940cfe7d13603dddd87f123820fc061ef,allPoolsLength,empty,
37000000,1760789347,AerodromeCL2,0xade65c38cd4849adba595a4323a8c7ddfe89716a,allPoolsLength,ok,0
37500000,1761789347,Aerodrome,0x420dd381b31aef6683db6b902084cb0ffece40da,allPoolsLength,ok,13959
37500000,1761789347,UniswapV2,0x8909dc15e40173ff4699343b6eb8132c65e18ec6,allPairsLength,ok,2739746
37500000,1761789347,SushiV2,0x71524b4f93c58fcbf659783284e38825f0622859,allPairsLength,ok,5409
37500000,1761789347,PancakeV2,0x02a84c1b3bbd7401a5f7fa98a384ebc70bb5749e,allPairsLength,ok,8966
37500000,1761789347,BaseSwap,0xfda619b6d20975be80a10332cd39b9a4b0faa8bb,allPairsLength,ok,6822
37500000,1761789347,AerodromeCL,0x5e7bb104d84c7cb9b682aac2f3d509f5f406809a,allPoolsLength,ok,2079
37500000,1761789347,AerodromeCL3,0xf8f2eb4940cfe7d13603dddd87f123820fc061ef,allPoolsLength,empty,
37500000,1761789347,AerodromeCL2,0xade65c38cd4849adba595a4323a8c7ddfe89716a,allPoolsLength,ok,105
38000000,1762789347,Aerodrome,0x420dd381b31aef6683db6b902084cb0ffece40da,allPoolsLength,ok,14123
38000000,1762789347,UniswapV2,0x8909dc15e40173ff4699343b6eb8132c65e18ec6,allPairsLength,ok,2753374
38000000,1762789347,SushiV2,0x71524b4f93c58fcbf659783284e38825f0622859,allPairsLength,ok,5426
38000000,1762789347,PancakeV2,0x02a84c1b3bbd7401a5f7fa98a384ebc70bb5749e,allPairsLength,ok,9124
38000000,1762789347,BaseSwap,0xfda619b6d20975be80a10332cd39b9a4b0faa8bb,allPairsLength,ok,6826
38000000,1762789347,AerodromeCL,0x5e7bb104d84c7cb9b682aac2f3d509f5f406809a,allPoolsLength,ok,2161
38000000,1762789347,AerodromeCL3,0xf8f2eb4940cfe7d13603dddd87f123820fc061ef,allPoolsLength,empty,
38000000,1762789347,AerodromeCL2,0xade65c38cd4849adba595a4323a8c7ddfe89716a,allPoolsLength,ok,189
38500000,1763789347,Aerodrome,0x420dd381b31aef6683db6b902084cb0ffece40da,allPoolsLength,ok,14386
38500000,1763789347,UniswapV2,0x8909dc15e40173ff4699343b6eb8132c65e18ec6,allPairsLength,ok,2764134
38500000,1763789347,SushiV2,0x71524b4f93c58fcbf659783284e38825f0622859,allPairsLength,ok,5443
38500000,1763789347,PancakeV2,0x02a84c1b3bbd7401a5f7fa98a384ebc70bb5749e,allPairsLength,ok,9159
38500000,1763789347,BaseSwap,0xfda619b6d20975be80a10332cd39b9a4b0faa8bb,allPairsLength,ok,6832
38500000,1763789347,AerodromeCL,0x5e7bb104d84c7cb9b682aac2f3d509f5f406809a,allPoolsLength,ok,2197
38500000,1763789347,AerodromeCL3,0xf8f2eb4940cfe7d13603dddd87f123820fc061ef,allPoolsLength,empty,
38500000,1763789347,AerodromeCL2,0xade65c38cd4849adba595a4323a8c7ddfe89716a,allPoolsLength,ok,316
39000000,1764789347,Aerodrome,0x420dd381b31aef6683db6b902084cb0ffece40da,allPoolsLength,ok,14476
39000000,1764789347,UniswapV2,0x8909dc15e40173ff4699343b6eb8132c65e18ec6,allPairsLength,ok,2776106
39000000,1764789347,SushiV2,0x71524b4f93c58fcbf659783284e38825f0622859,allPairsLength,ok,5454
39000000,1764789347,PancakeV2,0x02a84c1b3bbd7401a5f7fa98a384ebc70bb5749e,allPairsLength,ok,9195
39000000,1764789347,BaseSwap,0xfda619b6d20975be80a10332cd39b9a4b0faa8bb,allPairsLength,ok,6840
39000000,1764789347,AerodromeCL,0x5e7bb104d84c7cb9b682aac2f3d509f5f406809a,allPoolsLength,ok,2270
39000000,1764789347,AerodromeCL3,0xf8f2eb4940cfe7d13603dddd87f123820fc061ef,allPoolsLength,empty,
39000000,1764789347,AerodromeCL2,0xade65c38cd4849adba595a4323a8c7ddfe89716a,allPoolsLength,ok,353
39500000,1765789347,Aerodrome,0x420dd381b31aef6683db6b902084cb0ffece40da,allPoolsLength,ok,14612
39500000,1765789347,UniswapV2,0x8909dc15e40173ff4699343b6eb8132c65e18ec6,allPairsLength,ok,2783764
39500000,1765789347,SushiV2,0x71524b4f93c58fcbf659783284e38825f0622859,allPairsLength,ok,5481
39500000,1765789347,PancakeV2,0x02a84c1b3bbd7401a5f7fa98a384ebc70bb5749e,allPairsLength,ok,10314
39500000,1765789347,BaseSwap,0xfda619b6d20975be80a10332cd39b9a4b0faa8bb,allPairsLength,ok,6842
39500000,1765789347,AerodromeCL,0x5e7bb104d84c7cb9b682aac2f3d509f5f406809a,allPoolsLength,ok,2397
39500000,1765789347,AerodromeCL3,0xf8f2eb4940cfe7d13603dddd87f123820fc061ef,allPoolsLength,empty,
39500000,1765789347,AerodromeCL2,0xade65c38cd4849adba595a4323a8c7ddfe89716a,allPoolsLength,ok,428
40000000,1766789347,Aerodrome,0x420dd381b31aef6683db6b902084cb0ffece40da,allPoolsLength,ok,14812
40000000,1766789347,UniswapV2,0x8909dc15e40173ff4699343b6eb8132c65e18ec6,allPairsLength,ok,2796132
40000000,1766789347,SushiV2,0x71524b4f93c58fcbf659783284e38825f0622859,allPairsLength,ok,5515
40000000,1766789347,PancakeV2,0x02a84c1b3bbd7401a5f7fa98a384ebc70bb5749e,allPairsLength,ok,10526
40000000,1766789347,BaseSwap,0xfda619b6d20975be80a10332cd39b9a4b0faa8bb,allPairsLength,ok,6845
40000000,1766789347,AerodromeCL,0x5e7bb104d84c7cb9b682aac2f3d509f5f406809a,allPoolsLength,ok,2480
40000000,1766789347,AerodromeCL3,0xf8f2eb4940cfe7d13603dddd87f123820fc061ef,allPoolsLength,empty,
40000000,1766789347,AerodromeCL2,0xade65c38cd4849adba595a4323a8c7ddfe89716a,allPoolsLength,ok,499
40500000,1767789347,Aerodrome,0x420dd381b31aef6683db6b902084cb0ffece40da,allPoolsLength,ok,15946
40500000,1767789347,UniswapV2,0x8909dc15e40173ff4699343b6eb8132c65e18ec6,allPairsLength,ok,2814686
40500000,1767789347,SushiV2,0x71524b4f93c58fcbf659783284e38825f0622859,allPairsLength,ok,5564
40500000,1767789347,PancakeV2,0x02a84c1b3bbd7401a5f7fa98a384ebc70bb5749e,allPairsLength,ok,10841
40500000,1767789347,BaseSwap,0xfda619b6d20975be80a10332cd39b9a4b0faa8bb,allPairsLength,ok,6851
40500000,1767789347,AerodromeCL,0x5e7bb104d84c7cb9b682aac2f3d509f5f406809a,allPoolsLength,ok,2774
40500000,1767789347,AerodromeCL3,0xf8f2eb4940cfe7d13603dddd87f123820fc061ef,allPoolsLength,empty,
40500000,1767789347,AerodromeCL2,0xade65c38cd4849adba595a4323a8c7ddfe89716a,allPoolsLength,ok,558
41000000,1768789347,Aerodrome,0x420dd381b31aef6683db6b902084cb0ffece40da,allPoolsLength,ok,17288
41000000,1768789347,UniswapV2,0x8909dc15e40173ff4699343b6eb8132c65e18ec6,allPairsLength,ok,2827226
41000000,1768789347,SushiV2,0x71524b4f93c58fcbf659783284e38825f0622859,allPairsLength,ok,5865
41000000,1768789347,PancakeV2,0x02a84c1b3bbd7401a5f7fa98a384ebc70bb5749e,allPairsLength,ok,12301
41000000,1768789347,BaseSwap,0xfda619b6d20975be80a10332cd39b9a4b0faa8bb,allPairsLength,ok,7917
41000000,1768789347,AerodromeCL,0x5e7bb104d84c7cb9b682aac2f3d509f5f406809a,allPoolsLength,ok,2843
41000000,1768789347,AerodromeCL3,0xf8f2eb4940cfe7d13603dddd87f123820fc061ef,allPoolsLength,empty,
41000000,1768789347,AerodromeCL2,0xade65c38cd4849adba595a4323a8c7ddfe89716a,allPoolsLength,ok,712
41500000,1769789347,Aerodrome,0x420dd381b31aef6683db6b902084cb0ffece40da,allPoolsLength,ok,18264
41500000,1769789347,UniswapV2,0x8909dc15e40173ff4699343b6eb8132c65e18ec6,allPairsLength,ok,2842006
41500000,1769789347,SushiV2,0x71524b4f93c58fcbf659783284e38825f0622859,allPairsLength,ok,5886
41500000,1769789347,PancakeV2,0x02a84c1b3bbd7401a5f7fa98a384ebc70bb5749e,allPairsLength,ok,12539
41500000,1769789347,BaseSwap,0xfda619b6d20975be80a10332cd39b9a4b0faa8bb,allPairsLength,ok,7936
41500000,1769789347,AerodromeCL,0x5e7bb104d84c7cb9b682aac2f3d509f5f406809a,allPoolsLength,ok,2876
41500000,1769789347,AerodromeCL3,0xf8f2eb4940cfe7d13603dddd87f123820fc061ef,allPoolsLength,empty,
41500000,1769789347,AerodromeCL2,0xade65c38cd4849adba595a4323a8c7ddfe89716a,allPoolsLength,ok,901
42000000,1770789347,Aerodrome,0x420dd381b31aef6683db6b902084cb0ffece40da,allPoolsLength,ok,18469
42000000,1770789347,UniswapV2,0x8909dc15e40173ff4699343b6eb8132c65e18ec6,allPairsLength,ok,2857322
42000000,1770789347,SushiV2,0x71524b4f93c58fcbf659783284e38825f0622859,allPairsLength,ok,5898
42000000,1770789347,PancakeV2,0x02a84c1b3bbd7401a5f7fa98a384ebc70bb5749e,allPairsLength,ok,12841
42000000,1770789347,BaseSwap,0xfda619b6d20975be80a10332cd39b9a4b0faa8bb,allPairsLength,ok,7949
42000000,1770789347,AerodromeCL,0x5e7bb104d84c7cb9b682aac2f3d509f5f406809a,allPoolsLength,ok,2918
42000000,1770789347,AerodromeCL3,0xf8f2eb4940cfe7d13603dddd87f123820fc061ef,allPoolsLength,empty,
42000000,1770789347,AerodromeCL2,0xade65c38cd4849adba595a4323a8c7ddfe89716a,allPoolsLength,ok,1163
42500000,1771789347,Aerodrome,0x420dd381b31aef6683db6b902084cb0ffece40da,allPoolsLength,ok,18585
42500000,1771789347,UniswapV2,0x8909dc15e40173ff4699343b6eb8132c65e18ec6,allPairsLength,ok,2881060
42500000,1771789347,SushiV2,0x71524b4f93c58fcbf659783284e38825f0622859,allPairsLength,ok,5929
42500000,1771789347,PancakeV2,0x02a84c1b3bbd7401a5f7fa98a384ebc70bb5749e,allPairsLength,ok,13003
42500000,1771789347,BaseSwap,0xfda619b6d20975be80a10332cd39b9a4b0faa8bb,allPairsLength,ok,7954
42500000,1771789347,AerodromeCL,0x5e7bb104d84c7cb9b682aac2f3d509f5f406809a,allPoolsLength,ok,3028
42500000,1771789347,AerodromeCL3,0xf8f2eb4940cfe7d13603dddd87f123820fc061ef,allPoolsLength,empty,
42500000,1771789347,AerodromeCL2,0xade65c38cd4849adba595a4323a8c7ddfe89716a,allPoolsLength,ok,1241
43000000,1772789347,Aerodrome,0x420dd381b31aef6683db6b902084cb0ffece40da,allPoolsLength,ok,18728
43000000,1772789347,UniswapV2,0x8909dc15e40173ff4699343b6eb8132c65e18ec6,allPairsLength,ok,2915242
43000000,1772789347,SushiV2,0x71524b4f93c58fcbf659783284e38825f0622859,allPairsLength,ok,5941
43000000,1772789347,PancakeV2,0x02a84c1b3bbd7401a5f7fa98a384ebc70bb5749e,allPairsLength,ok,13213
43000000,1772789347,BaseSwap,0xfda619b6d20975be80a10332cd39b9a4b0faa8bb,allPairsLength,ok,7959
43000000,1772789347,AerodromeCL,0x5e7bb104d84c7cb9b682aac2f3d509f5f406809a,allPoolsLength,ok,3149
43000000,1772789347,AerodromeCL3,0xf8f2eb4940cfe7d13603dddd87f123820fc061ef,allPoolsLength,empty,
43000000,1772789347,AerodromeCL2,0xade65c38cd4849adba595a4323a8c7ddfe89716a,allPoolsLength,ok,1417
43500000,1773789347,Aerodrome,0x420dd381b31aef6683db6b902084cb0ffece40da,allPoolsLength,ok,19276
43500000,1773789347,UniswapV2,0x8909dc15e40173ff4699343b6eb8132c65e18ec6,allPairsLength,ok,2942164
43500000,1773789347,SushiV2,0x71524b4f93c58fcbf659783284e38825f0622859,allPairsLength,ok,5959
43500000,1773789347,PancakeV2,0x02a84c1b3bbd7401a5f7fa98a384ebc70bb5749e,allPairsLength,ok,13305
43500000,1773789347,BaseSwap,0xfda619b6d20975be80a10332cd39b9a4b0faa8bb,allPairsLength,ok,7961
43500000,1773789347,AerodromeCL,0x5e7bb104d84c7cb9b682aac2f3d509f5f406809a,allPoolsLength,ok,3256
43500000,1773789347,AerodromeCL3,0xf8f2eb4940cfe7d13603dddd87f123820fc061ef,allPoolsLength,empty,
43500000,1773789347,AerodromeCL2,0xade65c38cd4849adba595a4323a8c7ddfe89716a,allPoolsLength,ok,1524
44000000,1774789347,Aerodrome,0x420dd381b31aef6683db6b902084cb0ffece40da,allPoolsLength,ok,20179
44000000,1774789347,UniswapV2,0x8909dc15e40173ff4699343b6eb8132c65e18ec6,allPairsLength,ok,2967760
44000000,1774789347,SushiV2,0x71524b4f93c58fcbf659783284e38825f0622859,allPairsLength,ok,5961
44000000,1774789347,PancakeV2,0x02a84c1b3bbd7401a5f7fa98a384ebc70bb5749e,allPairsLength,ok,13339
44000000,1774789347,BaseSwap,0xfda619b6d20975be80a10332cd39b9a4b0faa8bb,allPairsLength,ok,7964
44000000,1774789347,AerodromeCL,0x5e7bb104d84c7cb9b682aac2f3d509f5f406809a,allPoolsLength,ok,3267
44000000,1774789347,AerodromeCL3,0xf8f2eb4940cfe7d13603dddd87f123820fc061ef,allPoolsLength,empty,
44000000,1774789347,AerodromeCL2,0xade65c38cd4849adba595a4323a8c7ddfe89716a,allPoolsLength,ok,1611
44500000,1775789347,Aerodrome,0x420dd381b31aef6683db6b902084cb0ffece40da,allPoolsLength,ok,22293
44500000,1775789347,UniswapV2,0x8909dc15e40173ff4699343b6eb8132c65e18ec6,allPairsLength,ok,2975658
44500000,1775789347,SushiV2,0x71524b4f93c58fcbf659783284e38825f0622859,allPairsLength,ok,5981
44500000,1775789347,PancakeV2,0x02a84c1b3bbd7401a5f7fa98a384ebc70bb5749e,allPairsLength,ok,13450
44500000,1775789347,BaseSwap,0xfda619b6d20975be80a10332cd39b9a4b0faa8bb,allPairsLength,ok,7972
44500000,1775789347,AerodromeCL,0x5e7bb104d84c7cb9b682aac2f3d509f5f406809a,allPoolsLength,ok,3282
44500000,1775789347,AerodromeCL3,0xf8f2eb4940cfe7d13603dddd87f123820fc061ef,allPoolsLength,ok,11
44500000,1775789347,AerodromeCL2,0xade65c38cd4849adba595a4323a8c7ddfe89716a,allPoolsLength,ok,1707
45000000,1776789347,Aerodrome,0x420dd381b31aef6683db6b902084cb0ffece40da,allPoolsLength,ok,22367
45000000,1776789347,UniswapV2,0x8909dc15e40173ff4699343b6eb8132c65e18ec6,allPairsLength,ok,2984625
45000000,1776789347,SushiV2,0x71524b4f93c58fcbf659783284e38825f0622859,allPairsLength,ok,5983
45000000,1776789347,PancakeV2,0x02a84c1b3bbd7401a5f7fa98a384ebc70bb5749e,allPairsLength,ok,13966
45000000,1776789347,BaseSwap,0xfda619b6d20975be80a10332cd39b9a4b0faa8bb,allPairsLength,ok,8144
45000000,1776789347,AerodromeCL,0x5e7bb104d84c7cb9b682aac2f3d509f5f406809a,allPoolsLength,ok,3291
45000000,1776789347,AerodromeCL3,0xf8f2eb4940cfe7d13603dddd87f123820fc061ef,allPoolsLength,ok,60
45000000,1776789347,AerodromeCL2,0xade65c38cd4849adba595a4323a8c7ddfe89716a,allPoolsLength,ok,1740
45500000,1777789347,Aerodrome,0x420dd381b31aef6683db6b902084cb0ffece40da,allPoolsLength,ok,27423
45500000,1777789347,UniswapV2,0x8909dc15e40173ff4699343b6eb8132c65e18ec6,allPairsLength,ok,2990331
45500000,1777789347,SushiV2,0x71524b4f93c58fcbf659783284e38825f0622859,allPairsLength,ok,5998
45500000,1777789347,PancakeV2,0x02a84c1b3bbd7401a5f7fa98a384ebc70bb5749e,allPairsLength,ok,14095
45500000,1777789347,BaseSwap,0xfda619b6d20975be80a10332cd39b9a4b0faa8bb,allPairsLength,ok,8152
45500000,1777789347,AerodromeCL,0x5e7bb104d84c7cb9b682aac2f3d509f5f406809a,allPoolsLength,ok,3311
45500000,1777789347,AerodromeCL3,0xf8f2eb4940cfe7d13603dddd87f123820fc061ef,allPoolsLength,ok,94
45500000,1777789347,AerodromeCL2,0xade65c38cd4849adba595a4323a8c7ddfe89716a,allPoolsLength,ok,1752
46000000,1778789347,Aerodrome,0x420dd381b31aef6683db6b902084cb0ffece40da,allPoolsLength,ok,27513
46000000,1778789347,UniswapV2,0x8909dc15e40173ff4699343b6eb8132c65e18ec6,allPairsLength,ok,2996583
46000000,1778789347,SushiV2,0x71524b4f93c58fcbf659783284e38825f0622859,allPairsLength,ok,6002
46000000,1778789347,PancakeV2,0x02a84c1b3bbd7401a5f7fa98a384ebc70bb5749e,allPairsLength,ok,14133
46000000,1778789347,BaseSwap,0xfda619b6d20975be80a10332cd39b9a4b0faa8bb,allPairsLength,ok,8163
46000000,1778789347,AerodromeCL,0x5e7bb104d84c7cb9b682aac2f3d509f5f406809a,allPoolsLength,ok,3331
46000000,1778789347,AerodromeCL3,0xf8f2eb4940cfe7d13603dddd87f123820fc061ef,allPoolsLength,ok,158
46000000,1778789347,AerodromeCL2,0xade65c38cd4849adba595a4323a8c7ddfe89716a,allPoolsLength,ok,1790
46500000,1779789347,Aerodrome,0x420dd381b31aef6683db6b902084cb0ffece40da,allPoolsLength,ok,27664
46500000,1779789347,UniswapV2,0x8909dc15e40173ff4699343b6eb8132c65e18ec6,allPairsLength,ok,3005011
46500000,1779789347,SushiV2,0x71524b4f93c58fcbf659783284e38825f0622859,allPairsLength,ok,6007
46500000,1779789347,PancakeV2,0x02a84c1b3bbd7401a5f7fa98a384ebc70bb5749e,allPairsLength,ok,14139
46500000,1779789347,BaseSwap,0xfda619b6d20975be80a10332cd39b9a4b0faa8bb,allPairsLength,ok,8204
46500000,1779789347,AerodromeCL,0x5e7bb104d84c7cb9b682aac2f3d509f5f406809a,allPoolsLength,ok,3421
46500000,1779789347,AerodromeCL3,0xf8f2eb4940cfe7d13603dddd87f123820fc061ef,allPoolsLength,ok,318
46500000,1779789347,AerodromeCL2,0xade65c38cd4849adba595a4323a8c7ddfe89716a,allPoolsLength,ok,1920
47000000,1780789347,Aerodrome,0x420dd381b31aef6683db6b902084cb0ffece40da,allPoolsLength,ok,27881
47000000,1780789347,UniswapV2,0x8909dc15e40173ff4699343b6eb8132c65e18ec6,allPairsLength,ok,3012021
47000000,1780789347,SushiV2,0x71524b4f93c58fcbf659783284e38825f0622859,allPairsLength,ok,6015
47000000,1780789347,PancakeV2,0x02a84c1b3bbd7401a5f7fa98a384ebc70bb5749e,allPairsLength,ok,14152
47000000,1780789347,BaseSwap,0xfda619b6d20975be80a10332cd39b9a4b0faa8bb,allPairsLength,ok,8212
47000000,1780789347,AerodromeCL,0x5e7bb104d84c7cb9b682aac2f3d509f5f406809a,allPoolsLength,ok,3432
47000000,1780789347,AerodromeCL3,0xf8f2eb4940cfe7d13603dddd87f123820fc061ef,allPoolsLength,ok,457
47000000,1780789347,AerodromeCL2,0xade65c38cd4849adba595a4323a8c7ddfe89716a,allPoolsLength,ok,1973
47500000,1781789347,Aerodrome,0x420dd381b31aef6683db6b902084cb0ffece40da,allPoolsLength,ok,27964
47500000,1781789347,UniswapV2,0x8909dc15e40173ff4699343b6eb8132c65e18ec6,allPairsLength,ok,3021615
47500000,1781789347,SushiV2,0x71524b4f93c58fcbf659783284e38825f0622859,allPairsLength,ok,6022
47500000,1781789347,PancakeV2,0x02a84c1b3bbd7401a5f7fa98a384ebc70bb5749e,allPairsLength,ok,14172
47500000,1781789347,BaseSwap,0xfda619b6d20975be80a10332cd39b9a4b0faa8bb,allPairsLength,ok,8224
47500000,1781789347,AerodromeCL,0x5e7bb104d84c7cb9b682aac2f3d509f5f406809a,allPoolsLength,ok,3437
47500000,1781789347,AerodromeCL3,0xf8f2eb4940cfe7d13603dddd87f123820fc061ef,allPoolsLength,ok,498
47500000,1781789347,AerodromeCL2,0xade65c38cd4849adba595a4323a8c7ddfe89716a,allPoolsLength,ok,1993
48000000,1782789347,Aerodrome,0x420dd381b31aef6683db6b902084cb0ffece40da,allPoolsLength,ok,28057
48000000,1782789347,UniswapV2,0x8909dc15e40173ff4699343b6eb8132c65e18ec6,allPairsLength,ok,3028013
48000000,1782789347,SushiV2,0x71524b4f93c58fcbf659783284e38825f0622859,allPairsLength,ok,6026
48000000,1782789347,PancakeV2,0x02a84c1b3bbd7401a5f7fa98a384ebc70bb5749e,allPairsLength,ok,14183
48000000,1782789347,BaseSwap,0xfda619b6d20975be80a10332cd39b9a4b0faa8bb,allPairsLength,ok,8226
48000000,1782789347,AerodromeCL,0x5e7bb104d84c7cb9b682aac2f3d509f5f406809a,allPoolsLength,ok,3441
48000000,1782789347,AerodromeCL3,0xf8f2eb4940cfe7d13603dddd87f123820fc061ef,allPoolsLength,ok,560
48000000,1782789347,AerodromeCL2,0xade65c38cd4849adba595a4323a8c7ddfe89716a,allPoolsLength,ok,2010
48500000,1783789347,Aerodrome,0x420dd381b31aef6683db6b902084cb0ffece40da,allPoolsLength,ok,28197
48500000,1783789347,UniswapV2,0x8909dc15e40173ff4699343b6eb8132c65e18ec6,allPairsLength,ok,3033212
48500000,1783789347,SushiV2,0x71524b4f93c58fcbf659783284e38825f0622859,allPairsLength,ok,6026
48500000,1783789347,PancakeV2,0x02a84c1b3bbd7401a5f7fa98a384ebc70bb5749e,allPairsLength,ok,14194
48500000,1783789347,BaseSwap,0xfda619b6d20975be80a10332cd39b9a4b0faa8bb,allPairsLength,ok,8226
48500000,1783789347,AerodromeCL,0x5e7bb104d84c7cb9b682aac2f3d509f5f406809a,allPoolsLength,ok,3444
48500000,1783789347,AerodromeCL3,0xf8f2eb4940cfe7d13603dddd87f123820fc061ef,allPoolsLength,ok,600
48500000,1783789347,AerodromeCL2,0xade65c38cd4849adba595a4323a8c7ddfe89716a,allPoolsLength,ok,2024
49000000,1784789347,Aerodrome,0x420dd381b31aef6683db6b902084cb0ffece40da,allPoolsLength,ok,28264
49000000,1784789347,UniswapV2,0x8909dc15e40173ff4699343b6eb8132c65e18ec6,allPairsLength,ok,3037332
49000000,1784789347,SushiV2,0x71524b4f93c58fcbf659783284e38825f0622859,allPairsLength,ok,6029
49000000,1784789347,PancakeV2,0x02a84c1b3bbd7401a5f7fa98a384ebc70bb5749e,allPairsLength,ok,14213
49000000,1784789347,BaseSwap,0xfda619b6d20975be80a10332cd39b9a4b0faa8bb,allPairsLength,ok,8229
49000000,1784789347,AerodromeCL,0x5e7bb104d84c7cb9b682aac2f3d509f5f406809a,allPoolsLength,ok,3446
49000000,1784789347,AerodromeCL3,0xf8f2eb4940cfe7d13603dddd87f123820fc061ef,allPoolsLength,ok,632
49000000,1784789347,AerodromeCL2,0xade65c38cd4849adba595a4323a8c7ddfe89716a,allPoolsLength,ok,2063
49500000,1785789347,Aerodrome,0x420dd381b31aef6683db6b902084cb0ffece40da,allPoolsLength,ok,28388
49500000,1785789347,UniswapV2,0x8909dc15e40173ff4699343b6eb8132c65e18ec6,allPairsLength,ok,3040364
49500000,1785789347,SushiV2,0x71524b4f93c58fcbf659783284e38825f0622859,allPairsLength,ok,6047
49500000,1785789347,PancakeV2,0x02a84c1b3bbd7401a5f7fa98a384ebc70bb5749e,allPairsLength,ok,14344
49500000,1785789347,BaseSwap,0xfda619b6d20975be80a10332cd39b9a4b0faa8bb,allPairsLength,ok,8234
49500000,1785789347,AerodromeCL,0x5e7bb104d84c7cb9b682aac2f3d509f5f406809a,allPoolsLength,ok,3450
49500000,1785789347,AerodromeCL3,0xf8f2eb4940cfe7d13603dddd87f123820fc061ef,allPoolsLength,ok,666
49500000,1785789347,AerodromeCL2,0xade65c38cd4849adba595a4323a8c7ddfe89716a,allPoolsLength,ok,2107
50000000,1786789347,Aerodrome,0x420dd381b31aef6683db6b902084cb0ffece40da,allPoolsLength,ok,28497
50000000,1786789347,UniswapV2,0x8909dc15e40173ff4699343b6eb8132c65e18ec6,allPairsLength,ok,3043324
50000000,1786789347,SushiV2,0x71524b4f93c58fcbf659783284e38825f0622859,allPairsLength,ok,6053
50000000,1786789347,PancakeV2,0x02a84c1b3bbd7401a5f7fa98a384ebc70bb5749e,allPairsLength,ok,14469
50000000,1786789347,BaseSwap,0xfda619b6d20975be80a10332cd39b9a4b0faa8bb,allPairsLength,ok,8235
50000000,1786789347,AerodromeCL,0x5e7bb104d84c7cb9b682aac2f3d509f5f406809a,allPoolsLength,ok,3455
50000000,1786789347,AerodromeCL3,0xf8f2eb4940cfe7d13603dddd87f123820fc061ef,allPoolsLength,ok,713
50000000,1786789347,AerodromeCL2,0xade65c38cd4849adba595a4323a8c7ddfe89716a,allPoolsLength,ok,2160
50500000,1787789347,Aerodrome,0x420dd381b31aef6683db6b902084cb0ffece40da,allPoolsLength,ok,28659
50500000,1787789347,UniswapV2,0x8909dc15e40173ff4699343b6eb8132c65e18ec6,allPairsLength,ok,3047450
50500000,1787789347,SushiV2,0x71524b4f93c58fcbf659783284e38825f0622859,allPairsLength,ok,6055
50500000,1787789347,PancakeV2,0x02a84c1b3bbd7401a5f7fa98a384ebc70bb5749e,allPairsLength,ok,14494
50500000,1787789347,BaseSwap,0xfda619b6d20975be80a10332cd39b9a4b0faa8bb,allPairsLength,ok,8235
50500000,1787789347,AerodromeCL,0x5e7bb104d84c7cb9b682aac2f3d509f5f406809a,allPoolsLength,ok,3511
50500000,1787789347,AerodromeCL3,0xf8f2eb4940cfe7d13603dddd87f123820fc061ef,allPoolsLength,ok,824
50500000,1787789347,AerodromeCL2,0xade65c38cd4849adba595a4323a8c7ddfe89716a,allPoolsLength,ok,2184
51000000,1788789347,Aerodrome,0x420dd381b31aef6683db6b902084cb0ffece40da,allPoolsLength,ok,28747
51000000,1788789347,UniswapV2,0x8909dc15e40173ff4699343b6eb8132c65e18ec6,allPairsLength,ok,3051594
51000000,1788789347,SushiV2,0x71524b4f93c58fcbf659783284e38825f0622859,allPairsLength,ok,6057
51000000,1788789347,PancakeV2,0x02a84c1b3bbd7401a5f7fa98a384ebc70bb5749e,allPairsLength,ok,14512
51000000,1788789347,BaseSwap,0xfda619b6d20975be80a10332cd39b9a4b0faa8bb,allPairsLength,ok,8235
51000000,1788789347,AerodromeCL,0x5e7bb104d84c7cb9b682aac2f3d509f5f406809a,allPoolsLength,ok,3537
51000000,1788789347,AerodromeCL3,0xf8f2eb4940cfe7d13603dddd87f123820fc061ef,allPoolsLength,ok,946
51000000,1788789347,AerodromeCL2,0xade65c38cd4849adba595a4323a8c7ddfe89716a,allPoolsLength,ok,2199
51500000,1789789347,Aerodrome,0x420dd381b31aef6683db6b902084cb0ffece40da,allPoolsLength,ok,29291
51500000,1789789347,UniswapV2,0x8909dc15e40173ff4699343b6eb8132c65e18ec6,allPairsLength,ok,3057519
51500000,1789789347,SushiV2,0x71524b4f93c58fcbf659783284e38825f0622859,allPairsLength,ok,6082
51500000,1789789347,PancakeV2,0x02a84c1b3bbd7401a5f7fa98a384ebc70bb5749e,allPairsLength,ok,14702
51500000,1789789347,BaseSwap,0xfda619b6d20975be80a10332cd39b9a4b0faa8bb,allPairsLength,ok,8238
51500000,1789789347,AerodromeCL,0x5e7bb104d84c7cb9b682aac2f3d509f5f406809a,allPoolsLength,ok,3629
51500000,1789789347,AerodromeCL3,0xf8f2eb4940cfe7d13603dddd87f123820fc061ef,allPoolsLength,ok,1572
51500000,1789789347,AerodromeCL2,0xade65c38cd4849adba595a4323a8c7ddfe89716a,allPoolsLength,ok,2244
52000000,1790789347,Aerodrome,0x420dd381b31aef6683db6b902084cb0ffece40da,allPoolsLength,ok,29600
52000000,1790789347,UniswapV2,0x8909dc15e40173ff4699343b6eb8132c65e18ec6,allPairsLength,ok,3063616
52000000,1790789347,SushiV2,0x71524b4f93c58fcbf659783284e38825f0622859,allPairsLength,ok,6093
52000000,1790789347,PancakeV2,0x02a84c1b3bbd7401a5f7fa98a384ebc70bb5749e,allPairsLength,ok,15231
52000000,1790789347,BaseSwap,0xfda619b6d20975be80a10332cd39b9a4b0faa8bb,allPairsLength,ok,8258
52000000,1790789347,AerodromeCL,0x5e7bb104d84c7cb9b682aac2f3d509f5f406809a,allPoolsLength,ok,3648
52000000,1790789347,AerodromeCL3,0xf8f2eb4940cfe7d13603dddd87f123820fc061ef,allPoolsLength,ok,2774
52000000,1790789347,AerodromeCL2,0xade65c38cd4849adba595a4323a8c7ddfe89716a,allPoolsLength,ok,2260
52008400,1790806147,Aerodrome,0x420dd381b31aef6683db6b902084cb0ffece40da,allPoolsLength,ok,29601
52008400,1790806147,UniswapV2,0x8909dc15e40173ff4699343b6eb8132c65e18ec6,allPairsLength,ok,3063708
52008400,1790806147,SushiV2,0x71524b4f93c58fcbf659783284e38825f0622859,allPairsLength,ok,6095
52008400,1790806147,PancakeV2,0x02a84c1b3bbd7401a5f7fa98a384ebc70bb5749e,allPairsLength,ok,15243
52008400,1790806147,BaseSwap,0xfda619b6d20975be80a10332cd39b9a4b0faa8bb,allPairsLength,ok,8258
52008400,1790806147,AerodromeCL,0x5e7bb104d84c7cb9b682aac2f3d509f5f406809a,allPoolsLength,ok,3648
52008400,1790806147,AerodromeCL3,0xf8f2eb4940cfe7d13603dddd87f123820fc061ef,allPoolsLength,ok,2830
52008400,1790806147,AerodromeCL2,0xade65c38cd4849adba595a4323a8c7ddfe89716a,allPoolsLength,ok,2260
