file,data_rows_excluding_header,bytes,sha256,read_check
activity-pool-hour.csv.gz,30921,1270678,0d5245559cf5e02eba3251dc38a295617b8f30afeeb16f34411c066118c770dd,ok
buckets.csv,24,5391,cea2da263c7c7424eb3333d0b6a658c55818d565d664e5d9cd952fd115862585,ok
census-chunks.csv,87,9377,32c149c18327c2b82731909370e0d4fb9c9b3eb0e4567c29132c9edd0e967395,ok
census-crosscheck.csv,3,309,ca0069d5d0985c7eb13e55f6e9571dcb8e64bad983485006084a10e1111c41c0,ok
census-logs-part-0001.csv.gz,304359,29589834,6485a7a9fa71a982d6ee5565026810d650307a368ec29e4c4bfe49586c1dfb91,ok
census-meta.json,,1339,e7455c7de408861217ab53cef517c6d40a954949811b384e5277e2e03c34d047,ok
emitters.csv.gz,4385,375763,5b4200c6c01c10f882e5c52a19ed5eaf8166b3e66821959e59cdbb07d5842e37,ok
factories.csv,8,2514,5724ffc98b437801059c7c97bde4fbfeb24c83ab319dabc01c8a045c8c1f7670,ok
factory-length-history.csv,840,81802,757aa59cceec45fa3e7db6957bf6faeb3faf1bbd996954df5c5c06a7c617b7eb,ok
getreserves-abi.csv,5,2642,b31d0d24588d5c2b4c0bd13210e71523f2497f0f9b7c47531c0e67637937b6d1,ok
pools-part-0001.csv.gz,125197,9340614,887bbcf42c613eca2c9f810740e1e05dde12a3666d302b141fdd85834a2b92d4,ok
price-reference-weth-pools.csv.gz,7640,583851,313adafa3a4f51e0d19b63f00134b6cae55aaad7890492c3de6bcdaa37792ade,ok
snapshot-meta.json,,962,320e66f35a648f1d5b936f308a18eeba2805a2143cc8e529ffc5d1dd4843d5ba,ok
tokens-meta.json,,287,782192e8dc99dafe890f75803fac00ff7c6ae59037771bcb10582e005cd12dc6,ok
tokens.csv.gz,111983,4793479,d78f917a5f2af35d383bb7ec0aeca7ddeecb93648ad01a6fad8c388d8d0593c3,ok
topics.csv,4,2196,0326e19622995abc3d732ab13632bc7af3e1c381be02cb3f7e64fef3ab06c064,ok
uniswapv2-sample-indices.csv.gz,66000,222474,0eb7a12b2bd99a518222784781e5f2acbe22bf2d29fa91b5c44c2e4e658acf5d,ok
