file,url,http_status,bytes,sha256,fetched_at_utc
defillama-protocol-bsc-dex-apeswap-amm.json.gz,https://api.llama.fi/protocol/apeswap-amm,200,31199988,d4180ffe5a689e623e1d91bc88f5f7e345b8d418d78b3d53fbf7c85d99371e32,2026-10-01T04:38:55Z
defillama-protocol-bsc-dex-bakeryswap.json.gz,https://api.llama.fi/protocol/bakeryswap,200,15870808,ce8d4f21e693be29b60a143764e5a6675c689ac1ea7238dc6e39d3b5cc9f9861,2026-10-01T04:39:29Z
defillama-protocol-bsc-dex-biswap-v2.json.gz,https://api.llama.fi/protocol/biswap-v2,200,19743288,3049abb060826cafdbdce3cfcaff9c94c527472d1ca1ad54c68749ec32a09a54,2026-10-01T04:39:01Z
defillama-protocol-bsc-dex-bscswap.json.gz,https://api.llama.fi/protocol/bscswap,200,1777177,73da20fa0fa8e64850f1977e1fcbf3a0ff846554a6ba2876e745c3c9f724fea7,2026-10-01T04:39:04Z
defillama-protocol-bsc-dex-dodo-amm.json.gz,https://api.llama.fi/protocol/dodo-amm,200,63844269,435c50549d911e64c8190aa995b4ced0b23ae3f206fb6b3eb92548f418d7216d,2026-10-01T04:39:24Z
defillama-protocol-bsc-dex-fstswap.json.gz,https://api.llama.fi/protocol/fstswap,200,3981049,9bd6bc5ebe1ee05109e71d3b105bb9dad088d2eeb514e95bf6d2eb3f74262728,2026-10-01T04:38:47Z
defillama-protocol-bsc-dex-lista-dex.json.gz,https://api.llama.fi/protocol/lista-dex,200,203153,f447f6a25f1b561794fcd4a3eb2afc76c916bbf360ae3d4b3693d0d07c5115c3,2026-10-01T04:38:58Z
defillama-protocol-bsc-dex-pancakeswap-amm-v3.json.gz,https://api.llama.fi/protocol/pancakeswap-amm-v3,200,558131,5d57e4b95282f755c05e426e011d12eb84eed9b755dbe40cc6cf6f0e6b49a423,2026-10-01T04:38:27Z
defillama-protocol-bsc-dex-pancakeswap-amm.json.gz,https://api.llama.fi/protocol/pancakeswap-amm,200,14082221,256ce65642ef1ebda983f7982516937c1f54163b7f6f092308ec72731117a2d2,2026-10-01T04:38:25Z
defillama-protocol-bsc-dex-pancakeswap-infinity.json.gz,https://api.llama.fi/protocol/pancakeswap-infinity,200,37322860,914f19610d0cc7ad932b23c0abb7fbff34392611094102519dd32a908810e9cb,2026-10-01T04:38:42Z
defillama-protocol-bsc-dex-pancakeswap-stableswap.json.gz,https://api.llama.fi/protocol/pancakeswap-stableswap,200,2049336,40ebe36d2733d21ed252cbdd51516d3856db87200f068aefe657a1f95c93885a,2026-10-01T04:39:33Z
defillama-protocol-bsc-dex-thena-integral.json.gz,https://api.llama.fi/protocol/thena-integral,200,3421613,cfb746f248760dc4b070c82957af167d6f7d48412b3fa6265612594611b9948d,2026-10-01T04:39:36Z
defillama-protocol-bsc-dex-uniswap-v2.json.gz,https://api.llama.fi/protocol/uniswap-v2,200,20325092,111c6dae9bd70ea33dfe672e92817e4fa366305365f706e3d3e606a9ead6e911,2026-10-01T04:39:39Z
defillama-protocol-bsc-dex-uniswap-v3.json.gz,https://api.llama.fi/protocol/uniswap-v3,200,1706983,d3a3405cfd704688e345f9f9d0f1e2846881f2cf4f45c46bd3fb1c96037bd1e3,2026-10-01T04:38:44Z
defillama-protocol-bsc-dex-uniswap-v4.json.gz,https://api.llama.fi/protocol/uniswap-v4,200,449518,894649a53afd38ac492f7cdef79b2160b37daa8100f45b1a33a8f3ea777e25cc,2026-10-01T04:38:30Z
defillama-protocols.json.gz,https://api.llama.fi/protocols,200,9029553,1890b1eeeeae7371cd514b192841fb8b3d2ccaaed43ba0c5123f45e96058c1f8,2026-10-01T04:37:38Z
defillama-v2-chains.json.gz,https://api.llama.fi/v2/chains,200,64222,f897756ed9246451b96c0bb61e971d2c21d74987539591300f08b8d88d3023d5,2026-10-01T04:38:22Z
