selection_order,selected,slug,name,category,parentProtocol,chainTvls_Binance,tvl,chains,id,source_file,source_fetched_at_utc,protocol_file
1,1,pancakeswap-amm,PancakeSwap AMM,Dexs,parent#pancakeswap,1878556529.9054148,1883191548.791004,Binance Ethereum Aptos Base Arbitrum zkSync Era Op_Bnb Robinhood Chain Linea Monad Polygon zkEVM,194,defillama-protocols.json.gz,2026-10-01T04:37:38Z,defillama-protocol-bsc-dex-pancakeswap-amm.json.gz
2,1,pancakeswap-amm-v3,PancakeSwap AMM V3,Dexs,parent#pancakeswap,273439066.29749846,343047917.722427,Binance Ethereum Base Arbitrum Solana Robinhood Chain Monad zkSync Era Linea Op_Bnb Polygon zkEVM,2769,defillama-protocols.json.gz,2026-10-01T04:37:38Z,defillama-protocol-bsc-dex-pancakeswap-amm-v3.json.gz
3,1,uniswap-v4,Uniswap V4,Dexs,parent#uniswap,92168996.83554688,1151508664.107791,Ethereum Robinhood Chain Binance Base Arbitrum Monad Polygon Unichain Tempo Arc Soneium Optimism Avalanche Ink X Layer World Chain Blast MegaETH Zora,5690,defillama-protocols.json.gz,2026-10-01T04:37:38Z,defillama-protocol-bsc-dex-uniswap-v4.json.gz
4,1,pancakeswap-infinity,PancakeSwap Infinity,Dexs,parent#pancakeswap,76794224.41983825,77119981.90453681,Binance Base,6133,defillama-protocols.json.gz,2026-10-01T04:37:38Z,defillama-protocol-bsc-dex-pancakeswap-infinity.json.gz
5,1,uniswap-v3,Uniswap V3,Dexs,parent#uniswap,45714367.887075186,1671626434.129383,Ethereum Base Arbitrum Robinhood Chain Binance X Layer Polygon Arc Optimism Plasma Unichain Ink xDai Avalanche Celo Monad RSK World Chain 0G Filecoin Etherlink Boba zkSync Era Mantle Goat Sei XDC Nibiru Telos BOB Lens Hemi Sonic Redbelly Scroll Linea Blast Taiko Lisk MegaETH Tempo Manta LightLink Saga,2198,defillama-protocols.json.gz,2026-10-01T04:37:38Z,defillama-protocol-bsc-dex-uniswap-v3.json.gz
6,1,fstswap,FstSwap,Dexs,,10665381.762353702,10665381.762353702,Binance,2101,defillama-protocols.json.gz,2026-10-01T04:37:38Z,defillama-protocol-bsc-dex-fstswap.json.gz
7,1,apeswap-amm,ApeSwap AMM,Dexs,parent#apeswap,9510702.346464578,9795568.719627494,Binance Polygon Arbitrum Telos Ethereum,398,defillama-protocols.json.gz,2026-10-01T04:37:38Z,defillama-protocol-bsc-dex-apeswap-amm.json.gz
8,1,lista-dex,Lista DEX,Dexs,parent#lista-dao,7522411.429020921,11186569.52883401,Binance Ethereum,7599,defillama-protocols.json.gz,2026-10-01T04:37:38Z,defillama-protocol-bsc-dex-lista-dex.json.gz
9,1,biswap-v2,Biswap V2,Dexs,parent#biswap,5999528.884171665,5999528.884171665,Binance,373,defillama-protocols.json.gz,2026-10-01T04:37:38Z,defillama-protocol-bsc-dex-biswap-v2.json.gz
10,1,bscswap,BSCSwap,Dexs,,5831290.359167092,5831290.359167092,Binance,873,defillama-protocols.json.gz,2026-10-01T04:37:38Z,defillama-protocol-bsc-dex-bscswap.json.gz
11,1,dodo-amm,DODO AMM,Dexs,parent#dodo,4406047.461285335,13304691.124187842,Binance Ethereum Polygon Avalanche Arbitrum Base Aurora Manta Zircuit Scroll Optimism Linea Hemi HashKey Chain Mantle,146,defillama-protocols.json.gz,2026-10-01T04:37:38Z,defillama-protocol-bsc-dex-dodo-amm.json.gz
12,1,bakeryswap,BakerySwap,Dexs,,4114110.8057658956,4114110.8057658956,Binance,602,defillama-protocols.json.gz,2026-10-01T04:37:38Z,defillama-protocol-bsc-dex-bakeryswap.json.gz
13,1,pancakeswap-stableswap,PancakeSwap StableSwap,Dexs,parent#pancakeswap,3275171.4335606564,3798138.886062039,Binance Arbitrum Ethereum,2529,defillama-protocols.json.gz,2026-10-01T04:37:38Z,defillama-protocol-bsc-dex-pancakeswap-stableswap.json.gz
14,1,thena-integral,THENA INTEGRAL,Dexs,parent#thena,3019722.6057376554,3019722.6057376554,Binance,6179,defillama-protocols.json.gz,2026-10-01T04:37:38Z,defillama-protocol-bsc-dex-thena-integral.json.gz
15,1,uniswap-v2,Uniswap V2,Dexs,parent#uniswap,2832538.1997123137,1052916445.4565493,Ethereum Base Polygon Robinhood Chain Arbitrum Binance X Layer Arc Monad Optimism Avalanche Tempo Unichain Zora Ink Celo,2197,defillama-protocols.json.gz,2026-10-01T04:37:38Z,defillama-protocol-bsc-dex-uniswap-v2.json.gz
16,0,empiredex,EmpireDEX,Dexs,,2416239.1921674027,2964701.286557406,Binance Cronos Ethereum xDai Avalanche Fantom Polygon Kava Empire,812,defillama-protocols.json.gz,2026-10-01T04:37:38Z,
17,0,dnax,Dnax,Dexs,,2230251.1376250107,2230251.1376250107,Binance,6996,defillama-protocols.json.gz,2026-10-01T04:37:38Z,
18,0,babydogeswap,BabyDogeSwap,Dexs,parent#babydogecoin,2032287.3818573183,2032287.3818573183,Binance,2169,defillama-protocols.json.gz,2026-10-01T04:37:38Z,
19,0,thorchain-dex,THORChain DEX,Dexs,,2014548.7204260645,73432150.51178852,Thorchain Bitcoin Ethereum Binance Bitcoincash Avalanche Doge Ripple Litecoin Tron Cosmos Base Solana,412,defillama-protocols.json.gz,2026-10-01T04:37:38Z,
20,0,thena-v1,THENA V1,Dexs,parent#thena,1920910.2024176666,1926350.5991715502,Binance Op_Bnb,2417,defillama-protocols.json.gz,2026-10-01T04:37:38Z,
21,0,kaoyaswap,KaoyaSwap,Dexs,,1660108.563653034,1660108.563653034,Binance,4316,defillama-protocols.json.gz,2026-10-01T04:37:38Z,
22,0,babyswap,BabySwap,Dexs,,1581818.4443506727,1581818.4443506727,Binance,597,defillama-protocols.json.gz,2026-10-01T04:37:38Z,
23,0,mdex,MDEX,Dexs,,1469555.5035960947,1470498.332906433,Binance Bittorrent Heco,334,defillama-protocols.json.gz,2026-10-01T04:37:38Z,
24,0,unchain-x,Unchain X,Dexs,,1422380.6789691844,1422380.6789691844,Binance,5917,defillama-protocols.json.gz,2026-10-01T04:37:38Z,
25,0,nomiswap,Nomiswap,Dexs,,1400301.6379544442,1400301.6379544442,Binance,1823,defillama-protocols.json.gz,2026-10-01T04:37:38Z,
26,0,depth,Depth,Dexs,,1202774.5793452547,1202774.5793452547,Binance Heco,320,defillama-protocols.json.gz,2026-10-01T04:37:38Z,
27,0,dooar-v2,DOOAR V2,Dexs,parent#dooar,940796.7831184047,5630316.723056937,Solana Binance,2117,defillama-protocols.json.gz,2026-10-01T04:37:38Z,
28,0,topaz-cl,Topaz CL,Dexs,parent#topaz,908722.2885868656,954230.9835211921,Binance Robinhood Chain Arc Ethereum Base,7882,defillama-protocols.json.gz,2026-10-01T04:37:38Z,
29,0,nerve,Nerve,Dexs,,904258.4738411828,904258.4738411828,Binance,301,defillama-protocols.json.gz,2026-10-01T04:37:38Z,
30,0,dinosaur-eggs,Dinosaur Eggs,Dexs,,834587.0109068217,834587.0109068217,Binance,695,defillama-protocols.json.gz,2026-10-01T04:37:38Z,
31,0,wombat-exchange,Wombat Exchange,Dexs,,828826.9959100484,1059297.0534714996,Binance Arbitrum Avalanche Optimism Base Ethereum Scroll Monad Hyperliquid L1 Polygon,1700,defillama-protocols.json.gz,2026-10-01T04:37:38Z,
32,0,ellipsis-finance,Ellipsis Finance,Dexs,,805816.0252536086,805816.0252536086,Binance,238,defillama-protocols.json.gz,2026-10-01T04:37:38Z,
33,0,curve-dex,Curve DEX,Dexs,parent#curve-finance,735630.9498874447,1301916971.5913773,Ethereum Fraxtal Base Arbitrum Etherlink Monad Polygon Plasma Avalanche xDai Optimism Fantom Unichain Binance Robinhood Chain X Layer Celo Sonic Hyperliquid L1 Kava XDC Aurora Plume Mainnet TAC Taiko Ink Stable Moonbeam Corn Harmony Arc Mantle,3,defillama-protocols.json.gz,2026-10-01T04:37:38Z,
34,0,thena-fusion,THENA FUSION,Dexs,parent#thena,704677.9913296634,704677.9913296634,Binance,2864,defillama-protocols.json.gz,2026-10-01T04:37:38Z,
35,0,titano-swych,Titano Swych,Dexs,,703189.2649705913,703189.2649705913,Binance,2102,defillama-protocols.json.gz,2026-10-01T04:37:38Z,
36,0,gibxswap,GIBXSwap,Dexs,,679982.8218070258,679982.8218070258,Binance,867,defillama-protocols.json.gz,2026-10-01T04:37:38Z,
37,0,aequinox,Aequinox,Dexs,,633653.9052413922,633653.9052413922,Binance,2090,defillama-protocols.json.gz,2026-10-01T04:37:38Z,
38,0,knightswap-finance,KnightSwap Finance,Dexs,parent#knightswap,570713.5552738126,578371.4836843322,Binance Fantom,942,defillama-protocols.json.gz,2026-10-01T04:37:38Z,
39,0,pinkswap,PinkSwap,Dexs,,553437.1900491283,553437.1900491283,Binance,367,defillama-protocols.json.gz,2026-10-01T04:37:38Z,
40,0,elfomofi,ElfomoFi,Dexs,,525605.0389531634,1759731.2454941145,Base Binance,7260,defillama-protocols.json.gz,2026-10-01T04:37:38Z,
41,0,valuedefi,ValueDefi,Dexs,parent#value-finance,493755.72939993645,493755.72939993645,Binance,164,defillama-protocols.json.gz,2026-10-01T04:37:38Z,
42,0,woofi-swap,WOOFi Swap,Dexs,parent#woofi,459067.82814561715,3527779.0159280524,Arbitrum Avalanche Optimism Binance Polygon Base Hyperliquid L1 Monad zkSync Era Linea Sonic Mantle Berachain Ethereum Polygon zkEVM Fantom,1461,defillama-protocols.json.gz,2026-10-01T04:37:38Z,
43,0,narwhalswap,Narwhalswap,Dexs,,444513.1803565258,444513.1803565258,Binance,1364,defillama-protocols.json.gz,2026-10-01T04:37:38Z,
44,0,sheepdex,SheepDex,Dexs,,433791.47156728635,433791.47156728635,Binance,1155,defillama-protocols.json.gz,2026-10-01T04:37:38Z,
45,0,biswap-v3,Biswap V3,Dexs,parent#biswap,420496.78530149447,420682.2447017374,Binance Base Arbitrum Ethereum,3188,defillama-protocols.json.gz,2026-10-01T04:37:38Z,
46,0,metric-v2,Metric V2,Dexs,parent#metric,413783.4156488399,2216432.0012166854,Binance Polygon Ethereum Base Avalanche Hyperliquid L1 Arbitrum Monad MegaETH,7648,defillama-protocols.json.gz,2026-10-01T04:37:38Z,
47,0,julswap,JulSwap,Dexs,,408833.98086687,408833.98086687,Binance,2333,defillama-protocols.json.gz,2026-10-01T04:37:38Z,
48,0,kipseli,Kipseli,Dexs,,402217.2706552503,1377597.4976279277,Base Binance Robinhood Chain,7984,defillama-protocols.json.gz,2026-10-01T04:37:38Z,
49,0,definix,Definix,Dexs,,329580.887197597,391981.79040553357,Binance Klaytn,915,defillama-protocols.json.gz,2026-10-01T04:37:38Z,
50,0,sushiswap,SushiSwap,Dexs,parent#sushi,326397.6969446974,41506058.96647163,Ethereum Polygon Arbitrum Base Boba xDai Binance Celo Arbitrum Nova Avalanche Fantom Fuse Scroll Optimism Katana OKExChain Filecoin Linea CORE Palm RSK Hemi Blast Bittorrent Telos Europa ZetaChain Sonic Metis Arc Kava HAQQ Moonriver Harmony Heco Boba_Bnb Moonbeam Polygon zkEVM ThunderCore,119,defillama-protocols.json.gz,2026-10-01T04:37:38Z,
51,0,squadswap-dynamo,SquadSwap Dynamo,Dexs,parent#squadswap,307408.01879550307,307408.01879550307,Binance,5921,defillama-protocols.json.gz,2026-10-01T04:37:38Z,
52,0,frax-swap,Frax Swap,Dexs,parent#frax-finance,303796.8700761139,10957054.990612376,Fraxtal Ethereum Binance Avalanche Polygon Optimism Arbitrum Fantom Dogechain Moonbeam,2121,defillama-protocols.json.gz,2026-10-01T04:37:38Z,
53,0,coinswap-space,Coinswap Space,Dexs,,297410.70546257816,297410.70546257816,Binance,575,defillama-protocols.json.gz,2026-10-01T04:37:38Z,
54,0,radioshack,RadioShack,Dexs,,295617.01800934103,624821.9405646916,Binance Polygon Avalanche Ethereum Cronos Optimism Fantom Dogechain,1616,defillama-protocols.json.gz,2026-10-01T04:37:38Z,
55,0,wardenswap,WardenSwap,Dexs,,293328.8930906904,293328.8930906904,Binance,392,defillama-protocols.json.gz,2026-10-01T04:37:38Z,
56,0,paraluni-dex,Paraluni Dex,Dexs,parent#paraluni,286058.53885632113,286058.53885632113,Binance,2429,defillama-protocols.json.gz,2026-10-01T04:37:38Z,
57,0,pantherswap,PantherSwap,Dexs,,283516.9539052231,283516.9539052231,Binance,391,defillama-protocols.json.gz,2026-10-01T04:37:38Z,
58,0,pureswap,PureSwap,Dexs,,263008.62944571045,263008.62944571045,Binance,815,defillama-protocols.json.gz,2026-10-01T04:37:38Z,
59,0,textile-fx,Textile FX,Dexs,,250786.4454118461,1834609.0907639149,Celo Ethereum Binance Base,8322,defillama-protocols.json.gz,2026-10-01T04:37:38Z,
60,0,hyperjump,HyperJump,Dexs,,221283.67867292598,256914.59059137225,Binance Fantom Metis,317,defillama-protocols.json.gz,2026-10-01T04:37:38Z,
61,0,orion-pools,Orion Pools,Dexs,parent#orion-protocol,213648.54130585352,306138.8084119486,Binance Ethereum Polygon Fantom,496,defillama-protocols.json.gz,2026-10-01T04:37:38Z,
62,0,jetswap,JetSwap,Dexs,,208531.4284454286,370558.2901440853,Binance Polygon Fantom,659,defillama-protocols.json.gz,2026-10-01T04:37:38Z,
63,0,alita-finance,Alita Finance,Dexs,,198573.50549100834,198573.50549100834,Binance,561,defillama-protocols.json.gz,2026-10-01T04:37:38Z,
64,0,burgerswap,BurgerSwap,Dexs,,196931.44441837398,196931.44441837398,Binance,1295,defillama-protocols.json.gz,2026-10-01T04:37:38Z,
65,0,squadswap-wow,SquadSwap WOW,Dexs,parent#squadswap,179951.41702254332,179951.41702254332,Binance,5922,defillama-protocols.json.gz,2026-10-01T04:37:38Z,
66,0,autoshark,AutoShark,Dexs,,164887.2226976391,164887.2226976391,Binance,1074,defillama-protocols.json.gz,2026-10-01T04:37:38Z,
67,0,blue-planet,Blue Planet,Dexs,parent#planet,163832.93757402725,163832.93757402725,Binance,2158,defillama-protocols.json.gz,2026-10-01T04:37:38Z,
68,0,smoothy,Smoothy,Dexs,,161454.4604886132,489065.2347871836,Ethereum Binance,211,defillama-protocols.json.gz,2026-10-01T04:37:38Z,
69,0,dexalot-dex,Dexalot DEX,Dexs,parent#dexalot,149033.11175891053,2655461.928950804,Dexalot Avalanche Arbitrum Binance Base,2589,defillama-protocols.json.gz,2026-10-01T04:37:38Z,
70,0,maverick-v1,Maverick V1,Dexs,parent#maverick-protocol,147727.5382307583,1072144.8357769968,zkSync Era Binance Ethereum Base,2644,defillama-protocols.json.gz,2026-10-01T04:37:38Z,
71,0,bunicorn,Bunicorn,Dexs,,139544.9681318418,139544.9681318418,Binance,422,defillama-protocols.json.gz,2026-10-01T04:37:38Z,
72,0,iziswap,iZiSwap,Dexs,parent#izumi-finance,133326.16626605095,1792808.9584485632,zkSync Era ZetaChain Scroll Manta Binance Base Linea Taiko BOB Mantle Hemi Zkfair X Layer Mode IoTeX Ultron zkLink Plume Mainnet Blast OntologyEVM Aurora Arbitrum CORE Morph Kava Polygon Monad Cronos Ethereum Kroma Gravity Meter,1883,defillama-protocols.json.gz,2026-10-01T04:37:38Z,
73,0,youswap,YouSwap,Dexs,,130217.74060865189,294299.22547175805,Ethereum Binance Heco,327,defillama-protocols.json.gz,2026-10-01T04:37:38Z,
74,0,melegaswap,Melegaswap,Dexs,,125807.2588048868,125807.2588048868,Binance,4333,defillama-protocols.json.gz,2026-10-01T04:37:38Z,
75,0,idex-classic,IDEX Classic,Dexs,parent#idex,123833.52366137812,1900994.0392208637,Ethereum Polygon Binance,230,defillama-protocols.json.gz,2026-10-01T04:37:38Z,
76,0,niob-finance,Niob Finance,Dexs,,123674.96606065422,123674.96606065422,Binance,1097,defillama-protocols.json.gz,2026-10-01T04:37:38Z,
77,0,pandaswap,PandaSwap,Dexs,parent#bao-finance,111927.70551825297,111927.70551825297,Binance,1031,defillama-protocols.json.gz,2026-10-01T04:37:38Z,
78,0,padswap,PadSwap,Dexs,,111327.2787767291,111327.2787767291,Binance Moonriver Moonbeam,644,defillama-protocols.json.gz,2026-10-01T04:37:38Z,
79,0,wineryswap,WinerySwap,Dexs,,96001.13788314,96001.13788314,Binance,2118,defillama-protocols.json.gz,2026-10-01T04:37:38Z,
80,0,tidaldex,TidalDex,Dexs,,95193.25468142574,95193.25468142574,Binance,6603,defillama-protocols.json.gz,2026-10-01T04:37:38Z,
81,0,openleverage,OpenLeverage,Dexs,,90519.25520795566,101996.30259445522,Binance Ethereum Kucoin Arbitrum,1208,defillama-protocols.json.gz,2026-10-01T04:37:38Z,
82,0,butterswap,ButterSwap,Dexs,,86105.70541137939,86105.70541137939,Binance Heco,924,defillama-protocols.json.gz,2026-10-01T04:37:38Z,
83,0,velo-finance,Velo Finance,Dexs,,84941.23876242487,84941.23876242487,Binance,4989,defillama-protocols.json.gz,2026-10-01T04:37:38Z,
84,0,w3swap,W3swap,Dexs,parent#w3-foundation,81198.94255182672,81198.94255182672,Binance Pego,2108,defillama-protocols.json.gz,2026-10-01T04:37:38Z,
85,0,joe-v2.1,Joe V2.1,Dexs,parent#trader-joe,73181.87283351751,3947333.3693347983,Avalanche Arbitrum Binance Ethereum,2906,defillama-protocols.json.gz,2026-10-01T04:37:38Z,
86,0,lunarbase,Lunarbase,Dexs,,64716.74794662344,130173.43924284546,Base Binance Monad,7601,defillama-protocols.json.gz,2026-10-01T04:37:38Z,
87,0,latteswap,LatteSwap,Dexs,,63651.55701512436,63651.55701512436,Binance,645,defillama-protocols.json.gz,2026-10-01T04:37:38Z,
88,0,pls2e,Pls2e,Dexs,,62239.25323687969,62239.25323687969,Binance,2119,defillama-protocols.json.gz,2026-10-01T04:37:38Z,
89,0,mochiswap,MochiSwap,Dexs,,59626.33245618389,59626.33245618389,Binance Harmony,325,defillama-protocols.json.gz,2026-10-01T04:37:38Z,
90,0,defibox,DefiBox,Dexs,,53427.72587552235,512632.34270257415,EOS Binance Wax,507,defillama-protocols.json.gz,2026-10-01T04:37:38Z,
91,0,dao-swap,DAO Swap,Dexs,parent#dao-maker,49934.52251999088,49934.52251999088,Binance,2167,defillama-protocols.json.gz,2026-10-01T04:37:38Z,
92,0,bridgers,Bridgers,Dexs,,49462.48073683575,158082.36666623605,Binance Base Ethereum Tron Arbitrum Optimism zkSync Era Linea Polygon Avalanche Sui Aptos TON Fantom OKExChain Solana,4790,defillama-protocols.json.gz,2026-10-01T04:37:38Z,
93,0,cobraswap,CobraSwap,Dexs,,47558.73979943079,47558.73979943079,Binance,445,defillama-protocols.json.gz,2026-10-01T04:37:38Z,
94,0,busta-exchange,Busta Exchange,Dexs,,47501.62058727674,47501.62058727674,Binance,4451,defillama-protocols.json.gz,2026-10-01T04:37:38Z,
95,0,sushiswap-v3,SushiSwap V3,Dexs,parent#sushi,46785.69056482539,45455677.45673784,Ethereum Katana Robinhood Chain Base Arbitrum Polygon RSK Hemi Filecoin Optimism Binance Avalanche Scroll xDai Europa Linea Arbitrum Nova Sonic Metis Arc CORE Blast Fantom ZetaChain Kava Fuse Bittorrent Moonbeam Moonriver Polygon zkEVM ThunderCore,2776,defillama-protocols.json.gz,2026-10-01T04:37:38Z,
96,0,anchorswap,AnchorSwap,Dexs,,46262.25855150646,46262.25855150646,Binance,729,defillama-protocols.json.gz,2026-10-01T04:37:38Z,
97,0,justmoney,JustMoney,Dexs,,45997.90861530012,442379.06375618733,Tron Binance Polygon Ethereum Bittorrent,1896,defillama-protocols.json.gz,2026-10-01T04:37:38Z,
98,0,shibanova,ShibaNova,Dexs,,45139.85011906856,45139.85011906856,Binance,4474,defillama-protocols.json.gz,2026-10-01T04:37:38Z,
99,0,pyreswap,PyreSwap,Dexs,,45044.12929258084,59250.02905952082,Binance Avalanche Fantom,4353,defillama-protocols.json.gz,2026-10-01T04:37:38Z,
100,0,metacoin-swap,MetaCoin Swap,Dexs,,43369.73637041129,43369.73637041129,Binance,2673,defillama-protocols.json.gz,2026-10-01T04:37:38Z,
101,0,kyberswap-classic,KyberSwap Classic,Dexs,parent#kyberswap,42999.99160061719,1063121.7845493632,Ethereum Polygon Avalanche Binance Optimism zkSync Era Bittorrent Scroll Linea Arbitrum Cronos Fantom Velas Oasis Aurora,127,defillama-protocols.json.gz,2026-10-01T04:37:38Z,
102,0,swaap-maker-v2,Swaap Maker V2,Dexs,parent#swaap,42168.06423110379,7175552.058725384,Ethereum Arbitrum Binance Base Polygon Optimism Mode Scroll Linea Mantle Monad,3218,defillama-protocols.json.gz,2026-10-01T04:37:38Z,
103,0,elk,Elk,Dexs,,41387.904385326496,191111.97087601013,Avalanche Binance Kucoin Polygon xDai Arbitrum Optimism Ethereum Fantom Cronos Bittorrent Fuse Base Elastos Linea RSK Q Protocol IoTeX Telos Kava Metis Wanchain Neon OKExChain Astar Velas Heco Harmony Moonriver Hoo Bitgert,420,defillama-protocols.json.gz,2026-10-01T04:37:38Z,
104,0,foodcourt,Foodcourt,Dexs,,39231.157480394824,39231.157480394824,Binance REIchain,1792,defillama-protocols.json.gz,2026-10-01T04:37:38Z,
105,0,qom-x,Qom X,Dexs,,37548.749501778715,37548.749501778715,Binance,8444,defillama-protocols.json.gz,2026-10-01T04:37:38Z,
106,0,wowswap,WOWswap,Dexs,,36694.601808088344,45527.35535247754,Binance Polygon Avalanche IoTeX Kava Heco Ethereum Metis,1367,defillama-protocols.json.gz,2026-10-01T04:37:38Z,
107,0,gravis-finance,Gravis Finance,Dexs,,31345.207363740094,39228.48343047058,Binance Polygon Heco,2195,defillama-protocols.json.gz,2026-10-01T04:37:38Z,
108,0,kyotoswap,KyotoSwap,Dexs,,30702.42763095619,30702.42763095619,Binance,2350,defillama-protocols.json.gz,2026-10-01T04:37:38Z,
109,0,sphynx,Sphynx,Dexs,,30481.14601049696,31992.955340218105,Binance Cronos Bitgert Loop,1992,defillama-protocols.json.gz,2026-10-01T04:37:38Z,
110,0,baryon-network,Baryon Network,Dexs,,29893.09654849928,30034.45715471772,Binance TomoChain Bitkub Ancient8,1950,defillama-protocols.json.gz,2026-10-01T04:37:38Z,
111,0,intercroneswap,Intercroneswap,Dexs,,28160.45757265279,216531.81215079996,Tron Binance Bittorrent,3006,defillama-protocols.json.gz,2026-10-01T04:37:38Z,
112,0,veplus,Veplus,Dexs,,27073.2643962618,27073.2643962618,Binance,3166,defillama-protocols.json.gz,2026-10-01T04:37:38Z,
113,0,pepeteam-dex,PepeTeam DEX,Dexs,parent#pepeteam,25599.35284481892,74916.20624667678,Binance Waves Ethereum Polygon,6086,defillama-protocols.json.gz,2026-10-01T04:37:38Z,
114,0,orbitalswap,OrbitalSwap,Dexs,,24871.266521727306,24871.266521727306,Binance,1845,defillama-protocols.json.gz,2026-10-01T04:37:38Z,
115,0,robiniaswap,RobiniaSwap,Dexs,,24534.602154920773,24534.602154920773,Binance,1152,defillama-protocols.json.gz,2026-10-01T04:37:38Z,
116,0,kokomoswap,KokomoSwap,Dexs,,22646.883455684423,22646.883455684423,Binance,371,defillama-protocols.json.gz,2026-10-01T04:37:38Z,
117,0,forest-v1,Forest V1,Dexs,parent#forest-protocol,22020.636395046306,22020.636395046306,Binance,7572,defillama-protocols.json.gz,2026-10-01T04:37:38Z,
118,0,cone,Cone,Dexs,,21556.47146834699,21556.47146834699,Binance,1970,defillama-protocols.json.gz,2026-10-01T04:37:38Z,
119,0,gas404swap,Gas404Swap,Dexs,,21526.279605540556,21526.279605540556,Binance,4231,defillama-protocols.json.gz,2026-10-01T04:37:38Z,
120,0,saitaswap,SaitaSwap,Dexs,,20644.056431110515,41434.38760854241,Ethereum Binance,2863,defillama-protocols.json.gz,2026-10-01T04:37:38Z,
121,0,macaronswap,MacaronSwap,Dexs,,19072.298454289074,21994.510033412145,Binance Polygon,566,defillama-protocols.json.gz,2026-10-01T04:37:38Z,
122,0,sashimiswap,SashimiSwap,Dexs,,18999.342353593696,19515.661627508165,Binance Ethereum Heco,580,defillama-protocols.json.gz,2026-10-01T04:37:38Z,
123,0,smardex-amm,SMARDEX AMM,Dexs,parent#smardex-ecosystem,18774.26747482404,151672.1988629536,Ethereum Arbitrum Binance Base Polygon,2695,defillama-protocols.json.gz,2026-10-01T04:37:38Z,
124,0,beglobal-finance,BeGlobal Finance,Dexs,,18714.692979888172,18714.692979888172,Binance,898,defillama-protocols.json.gz,2026-10-01T04:37:38Z,
125,0,ampleswap,AmpleSwap,Dexs,,18694.405845921938,18694.405845921938,Binance DSC ALV,2383,defillama-protocols.json.gz,2026-10-01T04:37:38Z,
126,0,alium-swap,Alium Swap,Dexs,,18663.3768282229,18663.3768282229,Binance,718,defillama-protocols.json.gz,2026-10-01T04:37:38Z,
127,0,yieldfields,YieldFields,Dexs,,17412.838888367103,17412.838888367103,Binance,1347,defillama-protocols.json.gz,2026-10-01T04:37:38Z,
128,0,cafeswap,CafeSwap,Dexs,,17087.29055802081,35120.5069600853,Polygon Binance,409,defillama-protocols.json.gz,2026-10-01T04:37:38Z,
129,0,picwe,PICWE,Dexs,,16736.294857988574,488877.56908417173,Binance Base Arbitrum,5953,defillama-protocols.json.gz,2026-10-01T04:37:38Z,
130,0,maverick-v2,Maverick V2,Dexs,parent#maverick-protocol,15612.309785441119,1280381.8279869666,Ethereum Base zkSync Era Arbitrum Binance Scroll,4752,defillama-protocols.json.gz,2026-10-01T04:37:38Z,
131,0,sakeperp,SakePerp,Dexs,,15602.510904990473,51243.545023129576,Ethereum Binance,477,defillama-protocols.json.gz,2026-10-01T04:37:38Z,
132,0,0.exchange,0.exchange,Dexs,,14946.541219100189,41067.370302785734,Avalanche Binance Polygon,287,defillama-protocols.json.gz,2026-10-01T04:37:38Z,
133,0,raindex,Raindex,Dexs,,14724.461003609116,177749.6261451954,Base Flare Binance Robinhood Chain Polygon Ethereum Arbitrum Linea Matchain,5221,defillama-protocols.json.gz,2026-10-01T04:37:38Z,
134,0,swipe,Swipe,Dexs,,11607.770059695811,19555.44515851093,Binance Ethereum,237,defillama-protocols.json.gz,2026-10-01T04:37:38Z,
135,0,burve-protocol,Burve Protocol,Dexs,,11323.06200375575,11480.828886940439,Binance Base Arbitrum,4393,defillama-protocols.json.gz,2026-10-01T04:37:38Z,
136,0,balanced-exchange,Balanced Exchange,Dexs,parent#balanceddao,10329.587478005802,2103444.0608290248,Avalanche Solana Icon Arbitrum Binance Archway Stellar Sui Base Injective Optimism,448,defillama-protocols.json.gz,2026-10-01T04:37:38Z,
137,0,bamboodefi,BambooDeFi,Dexs,,9890.810818047281,48706.06065782176,Ethereum Binance Velas Polygon,429,defillama-protocols.json.gz,2026-10-01T04:37:38Z,
138,0,mcdex,MCDEX,Dexs,,9861.698169329578,1506037.254102315,Ethereum Binance Arbitrum,232,defillama-protocols.json.gz,2026-10-01T04:37:38Z,
139,0,pandora,Pandora,Dexs,,9213.687977891821,9213.687977891821,Binance,1777,defillama-protocols.json.gz,2026-10-01T04:37:38Z,
140,0,spartan,Spartan,Dexs,,8852.429594569907,8852.429594569907,Binance,1246,defillama-protocols.json.gz,2026-10-01T04:37:38Z,
141,0,skate-amm,Skate AMM,Dexs,,8843.765331804323,88474.33187204854,Robinhood Chain Binance Solana Arbitrum Ethereum Sui Base Hyperliquid L1 Monad Eclipse Tempo MegaETH Mantle Plume Mainnet 0G,6246,defillama-protocols.json.gz,2026-10-01T04:37:38Z,
142,0,tifi,TiFi,Dexs,,8691.435319970138,8691.435319970138,Binance,2031,defillama-protocols.json.gz,2026-10-01T04:37:38Z,
143,0,goblins-amm,Goblins AMM,Dexs,parent#goblins-cash,8270.871241336776,10749.870763543237,Binance Base smartBCH,5531,defillama-protocols.json.gz,2026-10-01T04:37:38Z,
144,0,dddx,DDDX,Dexs,,8187.751640492657,8187.751640492657,Binance,1638,defillama-protocols.json.gz,2026-10-01T04:37:38Z,
145,0,rbx,RBX,Dexs,,7696.586466545472,7696.586466545472,Binance Ethereum,2347,defillama-protocols.json.gz,2026-10-01T04:37:38Z,
146,0,dino.exchange,Dino.Exchange,Dexs,,7551.76021414966,7551.76021414966,Binance,737,defillama-protocols.json.gz,2026-10-01T04:37:38Z,
147,0,shibance,Shibance,Dexs,,7349.8569260688555,11093.08624701033,Binance Kucoin,482,defillama-protocols.json.gz,2026-10-01T04:37:38Z,
148,0,crowdswap,CrowdSwap,Dexs,,6726.679741795762,17151.7871683093,Polygon Binance Arbitrum zkSync Era Ethereum,3049,defillama-protocols.json.gz,2026-10-01T04:37:38Z,
149,0,kwikswap,KwikSwap,Dexs,,6653.317162960733,51065.72517308382,Ethereum Binance Polygon Shiden,896,defillama-protocols.json.gz,2026-10-01T04:37:38Z,
150,0,swapfish,SwapFish,Dexs,,5512.612094026915,35185.01482379753,Arbitrum Binance,2331,defillama-protocols.json.gz,2026-10-01T04:37:38Z,
151,0,kaco-finance,KACO Finance,Dexs,,5051.180672636466,5051.183251345542,Binance Shiden,1089,defillama-protocols.json.gz,2026-10-01T04:37:38Z,
152,0,yoshi-exchange,Yoshi Exchange,Dexs,,4659.851652129331,6542.020011524757,Binance Fantom Ethereum,863,defillama-protocols.json.gz,2026-10-01T04:37:38Z,
153,0,joe-dex,Joe DEX,Dexs,parent#trader-joe,4583.516874903461,11773008.516302537,Avalanche Monad Arbitrum Binance,468,defillama-protocols.json.gz,2026-10-01T04:37:38Z,
154,0,squadswap-thanos,SquadSwap Thanos,Dexs,parent#squadswap,4342.9246399795575,4342.948682166179,Binance Base,8440,defillama-protocols.json.gz,2026-10-01T04:37:38Z,
155,0,woken-exchange,Woken Exchange,Dexs,,4146.9949442775915,33478.30804098072,Arbitrum Binance,3830,defillama-protocols.json.gz,2026-10-01T04:37:38Z,
156,0,orion-liquidity-nodes,Orion Liquidity Nodes,Dexs,parent#orion-protocol,4055.822540184683,6284.114011226165,Binance Polygon Ethereum Fantom,3976,defillama-protocols.json.gz,2026-10-01T04:37:38Z,
157,0,fndz,FNDZ,Dexs,,3885.486695117943,3885.486695117943,Binance,2060,defillama-protocols.json.gz,2026-10-01T04:37:38Z,
158,0,unifi,UniFi,Dexs,,3494.975988190905,4271.232482046793,Binance Ethereum Avalanche Polygon Tron IoTeX OntologyEVM Fantom Bittorrent Harmony,646,defillama-protocols.json.gz,2026-10-01T04:37:38Z,
159,0,native-swap,Native Swap,Dexs,parent#native,3193.3244541809777,3410.892324322679,Binance Ethereum Polygon Arbitrum Mantle Avalanche ZetaChain Manta zkLink,2803,defillama-protocols.json.gz,2026-10-01T04:37:38Z,
160,0,squadswap-v2,SquadSwap V2,Dexs,parent#squadswap,3182.8023972899146,13788.17928365032,Base Blast Binance Optimism Polygon Arbitrum,4009,defillama-protocols.json.gz,2026-10-01T04:37:38Z,
161,0,complus-network,Complus Network,Dexs,,2940.736249925254,77524.25668089549,Avalanche Binance Polygon Heco,471,defillama-protocols.json.gz,2026-10-01T04:37:38Z,
162,0,cryptoswap,CryptoSwap,Dexs,,2910.4547876784673,2910.4547876784673,Binance,1750,defillama-protocols.json.gz,2026-10-01T04:37:38Z,
163,0,omni-exchange-v3,Omni Exchange V3,Dexs,parent#omni-exchange,2779.8892760158215,8968.179261066303,Base Binance Plasma Sonic Avalanche Optimism Arbitrum,6506,defillama-protocols.json.gz,2026-10-01T04:37:38Z,
164,0,lif3-swap,Lif3 Swap,Dexs,parent#lif3.com,2776.816688124865,26478.956559664613,Polygon Binance Tombchain,2040,defillama-protocols.json.gz,2026-10-01T04:37:38Z,
165,0,smbswap-v2,SMBSwap V2,Dexs,parent#smbswap,2597.7744486074325,2597.7744486074325,Binance,1632,defillama-protocols.json.gz,2026-10-01T04:37:38Z,
166,0,leonicornswap,LeonicornSwap,Dexs,,2564.233512746667,2564.233512746667,Binance,923,defillama-protocols.json.gz,2026-10-01T04:37:38Z,
167,0,arenaswap,ArenaSwap,Dexs,,2274.427173224938,2274.427173224938,Binance,837,defillama-protocols.json.gz,2026-10-01T04:37:38Z,
168,0,corgiswap,CorgiSwap,Dexs,,2114.880724206956,2114.880724206956,Binance,884,defillama-protocols.json.gz,2026-10-01T04:37:38Z,
169,0,kyberswap-elastic,KyberSwap Elastic,Dexs,parent#kyberswap,1907.4449073680348,134084.3552779088,Linea Scroll Arbitrum Optimism Polygon Ethereum Binance Base Avalanche Fantom Cronos,2615,defillama-protocols.json.gz,2026-10-01T04:37:38Z,
170,0,tendieswap,TendieSwap,Dexs,,1668.7042378355125,1668.7042378355125,Binance,485,defillama-protocols.json.gz,2026-10-01T04:37:38Z,
171,0,bxh,BXH,Dexs,,1626.0595974516127,44794.594926126774,OKExChain Avalanche Binance Ethereum Heco,404,defillama-protocols.json.gz,2026-10-01T04:37:38Z,
172,0,diamondswap,Diamondswap,Dexs,,1620.9256267093865,4217.7672374914555,Ethereum Binance Base Avalanche Odyssey,5546,defillama-protocols.json.gz,2026-10-01T04:37:38Z,
173,0,bitblocks-finance,BitBlocks Finance,Dexs,,1603.067966560965,1603.067966560965,Binance,8224,defillama-protocols.json.gz,2026-10-01T04:37:38Z,
174,0,whaleswap,WhaleSwap,Dexs,,1514.7780785364491,1886.374101356244,Binance Avalanche Polygon Arbitrum Fantom Optimism Kava,1884,defillama-protocols.json.gz,2026-10-01T04:37:38Z,
175,0,pyeswap,PYEswap,Dexs,,1345.0942007333656,1345.0942007333656,Binance,2109,defillama-protocols.json.gz,2026-10-01T04:37:38Z,
176,0,pankuku,PanKUKU,Dexs,,1292.7628702880374,1292.7628702880374,Binance,1562,defillama-protocols.json.gz,2026-10-01T04:37:38Z,
177,0,bbbfi-swap-v2,BBBFi Swap V2,Dexs,parent#bbbfi,1274.6771023140057,1578.3983185355548,Binance XDC,8792,defillama-protocols.json.gz,2026-10-01T04:37:38Z,
178,0,octane-finance,Octane Finance,Dexs,,1161.3557337627751,1161.3557337627751,Binance,1926,defillama-protocols.json.gz,2026-10-01T04:37:38Z,
179,0,moonlift,MoonLift,Dexs,,1072.8676182818795,1072.8676182818795,Binance,2107,defillama-protocols.json.gz,2026-10-01T04:37:38Z,
180,0,litx,Litx,Dexs,,1021.6955568243944,1175.0860164781175,Binance Pulse,3159,defillama-protocols.json.gz,2026-10-01T04:37:38Z,
181,0,squadswap-v3,SquadSwap V3,Dexs,parent#squadswap,1001.9211015040812,1293.4965735758933,Binance Base Blast Arbitrum Optimism Polygon,4010,defillama-protocols.json.gz,2026-10-01T04:37:38Z,
182,0,benswap,BenSwap,Dexs,,930.799642788027,31741.396344596655,smartBCH Binance,749,defillama-protocols.json.gz,2026-10-01T04:37:38Z,
183,0,oni-exchange,Oni Exchange,Dexs,,929.9121920318091,929.9121920318091,Binance,1363,defillama-protocols.json.gz,2026-10-01T04:37:38Z,
184,0,joe-v2,Joe V2,Dexs,parent#trader-joe,857.5192801017769,199847.59103710816,Avalanche Arbitrum Binance,2393,defillama-protocols.json.gz,2026-10-01T04:37:38Z,
185,0,champagneswap,ChampagneSwap,Dexs,,834.0033571511882,834.0033571511882,Binance,1643,defillama-protocols.json.gz,2026-10-01T04:37:38Z,
186,0,coinhain,Coinhain,Dexs,,660.3187823262934,660.3187823262934,Binance,6878,defillama-protocols.json.gz,2026-10-01T04:37:38Z,
187,0,afraswap,AfraSwap,Dexs,,530.193740296586,530.193740296586,Binance,1092,defillama-protocols.json.gz,2026-10-01T04:37:38Z,
188,0,pattieswap,PattieSwap,Dexs,,528.1075600945005,528.1075600945005,Binance,3771,defillama-protocols.json.gz,2026-10-01T04:37:38Z,
189,0,oneswap,OneSwap,Dexs,,402.68517543089547,166962.68846146547,CSC Ethereum Binance Tron,1033,defillama-protocols.json.gz,2026-10-01T04:37:38Z,
190,0,comdex-exchange,COMDEX Exchange,Dexs,,394.81091541459955,394.81091541459955,Binance,7921,defillama-protocols.json.gz,2026-10-01T04:37:38Z,
191,0,magicfox-swap,MagicFox Swap,Dexs,parent#magicfox,373.14123398877393,425.43022828873757,Binance Arbitrum Polygon,3062,defillama-protocols.json.gz,2026-10-01T04:37:38Z,
192,0,kapinus,Kapinus,Dexs,,355.555538186358,355.555538186358,Binance,3118,defillama-protocols.json.gz,2026-10-01T04:37:38Z,
193,0,degendex,DegenDex,Dexs,,323.89119393780027,323.89119393780027,Binance Dogechain,4340,defillama-protocols.json.gz,2026-10-01T04:37:38Z,
194,0,marswap,MARSWAP,Dexs,,292.79759732956666,5947.085679148415,Cronos zkEVM Shibarium Binance Cronos Ethereum Base,3456,defillama-protocols.json.gz,2026-10-01T04:37:38Z,
195,0,bscstation,BSCStation,Dexs,,283.4598668233909,283.4598668233909,Binance,834,defillama-protocols.json.gz,2026-10-01T04:37:38Z,
196,0,solana-farm,Solana Farm,Dexs,,248.0611647323289,248.0611647323289,Binance,1042,defillama-protocols.json.gz,2026-10-01T04:37:38Z,
197,0,reddex,reddex,Dexs,,233.1024637798553,19169.97814444355,Redbelly Binance Ethereum,5369,defillama-protocols.json.gz,2026-10-01T04:37:38Z,
198,0,biokript,Biokript,Dexs,,193.35265836418844,193.35265836418844,Binance,4064,defillama-protocols.json.gz,2026-10-01T04:37:38Z,
199,0,archly-v1,Archly V1,Dexs,parent#archly-finance,144.47225878163587,3885.460650818695,Arbitrum Nova Telos Base Binance Polygon Arbitrum Optimism Fantom Kava,2317,defillama-protocols.json.gz,2026-10-01T04:37:38Z,
200,0,sunflower-finance,SunFlower Finance,Dexs,,137.7803646279943,137.7803646279943,Binance,1137,defillama-protocols.json.gz,2026-10-01T04:37:38Z,
201,0,polkaex,PolkaEx,Dexs,,90.9349454917167,10569.682204481038,Astar Binance Ethereum Shiden Polygon,1192,defillama-protocols.json.gz,2026-10-01T04:37:38Z,
202,0,swapsicle-v1,Swapsicle V1,Dexs,parent#swapsicle,67.22653081699481,21777.937543760516,Avalanche Telos Arbitrum Binance Polygon Optimism Fantom Ethereum,1824,defillama-protocols.json.gz,2026-10-01T04:37:38Z,
203,0,openbisea,OpenBiSea,Dexs,,59.020030791350564,146.21598717095617,Binance Aurora Kava DChain Polygon,1908,defillama-protocols.json.gz,2026-10-01T04:37:38Z,
204,0,derify-protocol,Derify Protocol,Dexs,,50.040087226351886,50.040087226351886,Binance,2392,defillama-protocols.json.gz,2026-10-01T04:37:38Z,
205,0,smbswap-v3,SMBSwap V3,Dexs,parent#smbswap,49.21876481570479,49.21876481570479,Binance,2895,defillama-protocols.json.gz,2026-10-01T04:37:38Z,
206,0,babydoge-algebra,BabyDoge Algebra,Dexs,parent#babydogecoin,40.10701156842884,40.10701156842884,Binance,6738,defillama-protocols.json.gz,2026-10-01T04:37:38Z,
207,0,brewswap,BrewSwap,Dexs,parent#brewlabs,39.47342186514773,98.11789190137537,Polygon Binance,3873,defillama-protocols.json.gz,2026-10-01T04:37:38Z,
208,0,jellybeanswap,JellyBeanSwap,Dexs,,38.98489731710273,38.98489731710273,Binance,4306,defillama-protocols.json.gz,2026-10-01T04:37:38Z,
209,0,archly-v2,Archly V2,Dexs,parent#archly-finance,37.176578204150424,1116.6011248055627,Telos Base Fantom Arbitrum Nova Arbitrum Binance Zora Optimism Polygon Ethereum Fraxtal Kava Cronos Metis Blast Sonic Mantle Neon Avalanche Mode Filecoin zkSync Era,3940,defillama-protocols.json.gz,2026-10-01T04:37:38Z,
210,0,boomswap,BoomSwap,Dexs,,34.24553242863336,34.24553242863336,Binance,5080,defillama-protocols.json.gz,2026-10-01T04:37:38Z,
211,0,produs,PRODUS,Dexs,,25.699923842752376,25.699923842752376,Binance,4280,defillama-protocols.json.gz,2026-10-01T04:37:38Z,
212,0,allinxswap,AllInXSwap,Dexs,,21.751916462891693,235.0441020395186,Op_Bnb Binance,3556,defillama-protocols.json.gz,2026-10-01T04:37:38Z,
213,0,metatdex,MetaTdex,Dexs,,20.488074245260776,27.012115841636025,Binance Polygon Heco,2253,defillama-protocols.json.gz,2026-10-01T04:37:38Z,
214,0,kewl-exchange,KEWL EXCHANGE,Dexs,,19.72146749172381,14124.58156204664,Chiliz Arbitrum Binance Avalanche Sonic Base,4175,defillama-protocols.json.gz,2026-10-01T04:37:38Z,
215,0,stronghands,Stronghands,Dexs,,17.02772667090711,684.3978009258341,Cronos Binance Polygon,1797,defillama-protocols.json.gz,2026-10-01T04:37:38Z,
216,0,lovely-swap,Lovely Swap,Dexs,,15.19610312366941,320.3745542389163,Base Polygon Binance,4785,defillama-protocols.json.gz,2026-10-01T04:37:38Z,
217,0,omni-exchange-v2,Omni Exchange V2,Dexs,parent#omni-exchange,5.744195140087743,1779.1260118153768,Base Arbitrum Sonic Avalanche Binance Optimism Plasma,6539,defillama-protocols.json.gz,2026-10-01T04:37:38Z,
218,0,akronswap,Akronswap,Dexs,,5.429661055348019,3028.583062887724,Arbitrum Ethereum Base Binance,4911,defillama-protocols.json.gz,2026-10-01T04:37:38Z,
219,0,omni-exchange-flux,Omni Exchange Flux,Dexs,parent#omni-exchange,5.064600349488737,651.6834900436519,Base Avalanche Sonic Optimism Arbitrum Binance Plasma,6540,defillama-protocols.json.gz,2026-10-01T04:37:38Z,
220,0,kolswap,KOLSwap,Dexs,,2.019077854819565,43.169635814131965,Robinhood Chain Binance,8326,defillama-protocols.json.gz,2026-10-01T04:37:38Z,
221,0,bunni-v2,Bunni V2,Dexs,parent#bunni,1.900294428964849,221112.84178015077,Ethereum Base Unichain Arbitrum Binance,5734,defillama-protocols.json.gz,2026-10-01T04:37:38Z,
222,0,zircon-gamma,Zircon Gamma,Dexs,,0.7680980754853318,2.54799199061806,Moonriver Binance,2143,defillama-protocols.json.gz,2026-10-01T04:37:38Z,
223,0,brownfi-v2,BrownFi V2,Dexs,parent#brownfi,0.4174340486085821,6980.552834922612,Berachain Linea Hyperliquid L1 Base Monad Arbitrum Binance,6616,defillama-protocols.json.gz,2026-10-01T04:37:38Z,
224,0,donaswap-v2,DONASWAP V2,Dexs,,0.39675854367861485,1.0180186883660742,Dogechain Binance Polygon Base CMP Heco CORE Ethereum Aurora Palm Fantom Conflux Avalanche Kardia Kava Polygon zkEVM Metis Fuse Linea Celo Flare Kucoin Arbitrum ThunderCore Astar Moonbeam Optimism Moonriver Fusion,4002,defillama-protocols.json.gz,2026-10-01T04:37:38Z,
225,0,kebab-finance,Kebab Finance,Dexs,,0.29356468746669884,0.29356468746669884,Binance,811,defillama-protocols.json.gz,2026-10-01T04:37:38Z,
226,0,bbbfi-swap-v3,BBBFi Swap V3,Dexs,parent#bbbfi,0.013762118386082914,28.377285292963844,XDC Binance,8793,defillama-protocols.json.gz,2026-10-01T04:37:38Z,
227,0,soy-finance,Soy Finance,Dexs,,0.012427382689946576,120.22198625628236,EthereumClassic Bittorrent Binance Callisto,1008,defillama-protocols.json.gz,2026-10-01T04:37:38Z,
228,0,agus,Agus,Dexs,,1.929238889819097e-7,0.013187497266655867,CORE Binance,3972,defillama-protocols.json.gz,2026-10-01T04:37:38Z,
229,0,bepswap,Bepswap,Dexs,,0,0,Binance,137,defillama-protocols.json.gz,2026-10-01T04:37:38Z,
230,0,bogged-finance,Bogged Finance,Dexs,,0,0,Binance,617,defillama-protocols.json.gz,2026-10-01T04:37:38Z,
231,0,bunnypark,BunnyPark,Dexs,,0,0,Binance,840,defillama-protocols.json.gz,2026-10-01T04:37:38Z,
232,0,component,Component,Dexs,,0,0,Ethereum xDai Binance,838,defillama-protocols.json.gz,2026-10-01T04:37:38Z,
233,0,forest-v2,Forest V2,Dexs,parent#forest-protocol,0,0,Binance,7573,defillama-protocols.json.gz,2026-10-01T04:37:38Z,
234,0,incognito,Incognito,Dexs,,0,126.29868234858438,Avalanche Fantom Ethereum Polygon Binance,4390,defillama-protocols.json.gz,2026-10-01T04:37:38Z,
235,0,marginswap,MarginSwap,Dexs,,0,0,Binance Ethereum Avalanche Polygon,1185,defillama-protocols.json.gz,2026-10-01T04:37:38Z,
236,0,polyo-exchange,Polyo Exchange,Dexs,,0,0,Binance,2072,defillama-protocols.json.gz,2026-10-01T04:37:38Z,
237,0,position-exchange,Position Exchange,Dexs,,0,0,Binance,886,defillama-protocols.json.gz,2026-10-01T04:37:38Z,
238,0,ring-swap,Ring Swap,Dexs,parent#ring-protocol,0,173.00890479610678,Base Hyperliquid L1 Ethereum Arbitrum Blast Binance,4222,defillama-protocols.json.gz,2026-10-01T04:37:38Z,
239,0,shiroswap,ShiroSwap,Dexs,,0,0,Binance,1335,defillama-protocols.json.gz,2026-10-01T04:37:38Z,
240,0,snowflake-exchange,Snowflake Exchange,Dexs,,0,106477.92158373598,Polygon Binance,2263,defillama-protocols.json.gz,2026-10-01T04:37:38Z,
241,0,sushi-trident,Sushi Trident,Dexs,parent#sushi,0,0,Polygon Optimism Metis Bittorrent Arbitrum Binance Avalanche,2152,defillama-protocols.json.gz,2026-10-01T04:37:38Z,
242,0,sushiswap-v4,SushiSwap V4,Dexs,parent#sushi,0,2819.863772193897,Robinhood Chain Arbitrum Base Ethereum Polygon Arc Binance Unichain World Chain,8668,defillama-protocols.json.gz,2026-10-01T04:37:38Z,
243,0,wswap,Wswap,Dexs,,0,146794.62082775592,W Chain Ethereum Binance,7501,defillama-protocols.json.gz,2026-10-01T04:37:38Z,
244,0,yogi-finance,Yogi Finance,Dexs,,0,0,Binance Polygon,322,defillama-protocols.json.gz,2026-10-01T04:37:38Z,
245,0,zeroswap,ZeroSwap,Dexs,,0,0,Ethereum Binance Polygon Avalanche,1830,defillama-protocols.json.gz,2026-10-01T04:37:38Z,
246,0,zkex,ZKEX,Dexs,,0,2.0462788730924015,Linea Avalanche Arbitrum Binance Base Optimism zkSync Era Polygon Op_Bnb,4298,defillama-protocols.json.gz,2026-10-01T04:37:38Z,
247,0,zootopia-finance,Zootopia Finance,Dexs,,0,0,Binance,2155,defillama-protocols.json.gz,2026-10-01T04:37:38Z,
,0,brokoli-network,Brokoli Network,Dexs,,,0,Ethereum Binance,1066,defillama-protocols.json.gz,2026-10-01T04:37:38Z,
,0,demodyfi,Demodyfi,Dexs,,,0,Moonbeam Ethereum Binance,1490,defillama-protocols.json.gz,2026-10-01T04:37:38Z,
