signature,protocol,source_url,match_rule,match_addresses,chains
"Swap(address,uint256,uint256,uint256,uint256,address)","Uniswap V2 pair and V2-interface forks (SushiSwap V2, PancakeSwap V2, Camelot V2, QuickSwap V2, Solidly V1 / Velodrome V1 / Ramses legacy)",https://github.com/Uniswap/v2-core/blob/master/contracts/interfaces/IUniswapV2Pair.sol,topic0,,all
"Swap(address,address,int256,int256,uint160,uint128,int24)","Uniswap V3 pool and V3-interface forks (SushiSwap V3, Velodrome/Aerodrome Slipstream CLPool, Algebra V1/V1.9 e.g. Camelot V3 and QuickSwap V3, Ramses CL, Kyber Elastic)",https://github.com/Uniswap/v3-core/blob/main/contracts/interfaces/pool/IUniswapV3PoolEvents.sol ; https://github.com/velodrome-finance/slipstream/blob/main/contracts/core/interfaces/pool/ICLPoolEvents.sol ; https://github.com/cryptoalgebra/AlgebraV1.9/blob/main/src/core/contracts/interfaces/pool/IAlgebraPoolEvents.sol,topic0,,all
"Swap(address,address,int256,int256,uint160,uint128,int24,uint128,uint128)",PancakeSwap V3 pool,https://github.com/pancakeswap/pancake-v3-contracts/blob/main/projects/v3-core/contracts/interfaces/pool/IPancakeV3PoolEvents.sol,topic0,,all
"Swap(address,address,int256,int256,uint160,uint128,int24,uint24,uint24)",Algebra Integral pool (overrideFee/pluginFee variant),https://github.com/cryptoalgebra/Algebra/blob/master/src/core/contracts/interfaces/pool/IAlgebraPoolEvents.sol,topic0,,all
"Swap(address,address,uint256,uint256,uint256,uint256)",Velodrome V2 / Aerodrome / Solidly-V2-style pool,https://github.com/velodrome-finance/contracts/blob/main/contracts/interfaces/IPool.sol,topic0,,all
"Swap(bytes32,address,int128,int128,uint160,uint128,int24,uint24)",Uniswap V4 PoolManager,https://github.com/Uniswap/v4-core/blob/main/src/interfaces/IPoolManager.sol,topic0,,all
"Swap(bytes32,address,int128,int128,uint160,uint128,int24,uint24,uint16)",PancakeSwap Infinity CLPoolManager,https://github.com/pancakeswap/infinity-core/blob/main/src/pool-cl/interfaces/ICLPoolManager.sol,topic0,,all
"Swap(bytes32,address,int128,int128,uint24,uint24,uint16)",PancakeSwap Infinity BinPoolManager,https://github.com/pancakeswap/infinity-core/blob/main/src/pool-bin/interfaces/IBinPoolManager.sol,topic0,,all
"Swap(bytes32,address,address,uint256,uint256)",Balancer V2 Vault (incl. Beethoven X),https://github.com/balancer/balancer-v2-monorepo/blob/master/pkg/interfaces/contracts/vault/IVault.sol,topic0,,all
"Swap(address,address,address,uint256,uint256,uint256,uint256)","Balancer V3 Vault; GMX V1 Vault (identical canonical signature, therefore identical topic0)",https://github.com/balancer/balancer-v3-monorepo/blob/main/pkg/interfaces/contracts/vault/IVaultEvents.sol ; https://github.com/gmx-io/gmx-contracts/blob/master/contracts/core/Vault.sol,topic0,,all
"TokenExchange(address,int128,uint256,int128,uint256)",Curve StableSwap (classic and stableswap-ng),https://github.com/curvefi/curve-contract/blob/master/contracts/pools/3pool/StableSwap3Pool.vy ; https://github.com/curvefi/stableswap-ng/blob/main/contracts/main/CurveStableSwapNG.vy,topic0,,all
"TokenExchangeUnderlying(address,int128,uint256,int128,uint256)",Curve StableSwap metapool / lending pool underlying exchange,https://github.com/curvefi/stableswap-ng/blob/main/contracts/main/CurveStableSwapNG.vy,topic0,,all
"TokenExchange(address,uint256,uint256,uint256,uint256)","Curve CryptoSwap v2 (crypto pools, tricrypto v1) and crvUSD LLAMMA",https://github.com/curvefi/curve-crypto-contract/blob/master/contracts/tricrypto/CurveCryptoSwap.vy,topic0,,all
"TokenExchange(address,uint256,uint256,uint256,uint256,uint256,uint256)",Curve twocrypto-ng / tricrypto-ng,https://github.com/curvefi/tricrypto-ng/blob/main/contracts/main/CurveTricryptoOptimizedWETH.vy ; https://github.com/curvefi/twocrypto-ng/blob/main/contracts/main/Twocrypto.vy,topic0,,all
"Swap(address,address,uint24,bytes32,bytes32,uint24,bytes32,bytes32)",Trader Joe / LFJ Liquidity Book v2.1/v2.2 pair,https://github.com/traderjoe-xyz/joe-v2/blob/main/src/interfaces/ILBPair.sol,topic0,,all
"PoolSwap(address,address,(uint256,bool,bool,int32),uint256,uint256)",Maverick V2 pool,https://github.com/maverickprotocol/v2-common/blob/main/contracts/interfaces/IMaverickV2Pool.sol,topic0,,all
"Swap(bool,uint256,uint256,address)",Fluid DEX T1 pool,https://github.com/Instadapp/fluid-contracts-public/blob/main/contracts/protocols/dex/poolT1/coreModule/events.sol,topic0,,all
"WooSwap(address,address,uint256,uint256,address,address,address,uint256,uint256)",WOOFi WooPPV2,https://github.com/woonetwork/WooPoolV2/blob/main/contracts/interfaces/IWooPPV2.sol,topic0,,all
"DODOSwap(address,address,uint256,uint256,address,address)",DODO V2 (DVM/DSP/DPP),https://github.com/DODOEX/contractV2/blob/main/contracts/DODOVendingMachine/impl/DVMTrader.sol,topic0,,all
"Swap(address,address,address,uint256,uint256)",SushiSwap Trident pool,https://github.com/sushiswap/trident/blob/master/contracts/interfaces/IPool.sol,topic0,,all
"Swap(address,address,address,uint256,uint256,address)",Wombat pool,https://github.com/wombat-exchange/v1-core/blob/master/contracts/wombat-core/pool/PoolV2.sol,topic0,,all
"(anonymous log0, 116-byte data: locker, poolId, balanceUpdate, stateAfter)",Ekubo Core V3 swap (emitted with log0: no topics; matched by emitting address + zero topics),https://github.com/EkuboProtocol/evm-contracts/blob/main/src/Core.sol ; https://docs.ekubo.org/integration-guides/reference/evm-contracts-v3,log0_address,0x00000000000014aa86c5d3c41765bb24e11bd701,all
"(anonymous log0, 116-byte data: locker, poolId, balanceUpdate, stateAfter)",Ekubo Core V2 swap (emitted with log0: no topics; matched by emitting address + zero topics),https://github.com/EkuboProtocol/evm-contracts/blob/v2.0.0/src/Core.sol ; https://docs.ekubo.org/integration-guides/reference/evm-contracts-v2,log0_address,0xe0e0e08a6a4b9dc7bd67bcb7aade5cf48157d444,ethereum
