state_at_end_of_block,contract,call_signature,calldata,raw_return_hex,derived_decoded_words_base10
51998754,0x11e26bbd1a5547895a50fc39a2d4c0025dec0bda,slot0(),0x3850c7bd,0x00000000000000000000000000000000000004e60266971ce7352e8ee17b07750000000000000000000000000000000000000000000000000000000000022d610000000000000000000000000000000000000000000000000000000000000006000000000000000000000000000000000000000000000000000000000000000a000000000000000000000000000000000000000000000000000000000000000a00000000000000000000000000000000000000000000000000000000000000660000000000000000000000000000000000000000000000000000000000000001,99352858786951230745585408214901 142689 6 10 10 102 1
51998754,0x11e26bbd1a5547895a50fc39a2d4c0025dec0bda,liquidity(),0x1a686502,0x000000000000000000000000000000000000000000002cf7e2cb23fa63e55fa5,212356813227701817401253
51998754,0x11e26bbd1a5547895a50fc39a2d4c0025dec0bda,fee(),0xddca3f43,0x0000000000000000000000000000000000000000000000000000000000002710,10000
51998754,0x11e26bbd1a5547895a50fc39a2d4c0025dec0bda,token0(),0x0dfe1681,0x0000000000000000000000004200000000000000000000000000000000000006,376793390874373408599387495934666716005045108742
51998754,0x11e26bbd1a5547895a50fc39a2d4c0025dec0bda,token1(),0xd21220a7,0x000000000000000000000000ab36452dbac151be02b16ca17d8919826072f64a,977447688360273193631813815263309890159364994634
51998754,0x11e26bbd1a5547895a50fc39a2d4c0025dec0bda,tickSpacing(),0xd0c93a7c,0x00000000000000000000000000000000000000000000000000000000000000c8,200
51998754,0xd204058452f57464e0e5ab8c3cc9cbcb6b41d4ee,getReserves(),0x0902f1ac,0x00000000000000000000000000000000000000000000000039e895dc13b69cec0000000000000000000000000000000000000000000568b62eee76da51d5c4aa000000000000000000000000000000000000000000000000000000006abcedab,4172749827214843116 6539115901484054363882666 1790766507
51998754,0xd204058452f57464e0e5ab8c3cc9cbcb6b41d4ee,token0(),0x0dfe1681,0x0000000000000000000000004200000000000000000000000000000000000006,376793390874373408599387495934666716005045108742
51998754,0xd204058452f57464e0e5ab8c3cc9cbcb6b41d4ee,token1(),0xd21220a7,0x000000000000000000000000ab36452dbac151be02b16ca17d8919826072f64a,977447688360273193631813815263309890159364994634
51998754,0xd204058452f57464e0e5ab8c3cc9cbcb6b41d4ee,stable(),0x22be3de1,0x0000000000000000000000000000000000000000000000000000000000000000,0
51998754,0xd204058452f57464e0e5ab8c3cc9cbcb6b41d4ee,factory(),0xc45a0155,0x000000000000000000000000420dd381b31aef6683db6b902084cb0ffece40da,377101725388782907495129179655627394857833480410
51998755,0x11e26bbd1a5547895a50fc39a2d4c0025dec0bda,slot0(),0x3850c7bd,0x00000000000000000000000000000000000004e60266971ce7352e8ee17b07750000000000000000000000000000000000000000000000000000000000022d610000000000000000000000000000000000000000000000000000000000000006000000000000000000000000000000000000000000000000000000000000000a000000000000000000000000000000000000000000000000000000000000000a00000000000000000000000000000000000000000000000000000000000000660000000000000000000000000000000000000000000000000000000000000001,99352858786951230745585408214901 142689 6 10 10 102 1
51998755,0x11e26bbd1a5547895a50fc39a2d4c0025dec0bda,liquidity(),0x1a686502,0x000000000000000000000000000000000000000000002cf7e2cb23fa63e55fa5,212356813227701817401253
51998755,0x11e26bbd1a5547895a50fc39a2d4c0025dec0bda,fee(),0xddca3f43,0x0000000000000000000000000000000000000000000000000000000000002710,10000
51998755,0x11e26bbd1a5547895a50fc39a2d4c0025dec0bda,token0(),0x0dfe1681,0x0000000000000000000000004200000000000000000000000000000000000006,376793390874373408599387495934666716005045108742
51998755,0x11e26bbd1a5547895a50fc39a2d4c0025dec0bda,token1(),0xd21220a7,0x000000000000000000000000ab36452dbac151be02b16ca17d8919826072f64a,977447688360273193631813815263309890159364994634
51998755,0x11e26bbd1a5547895a50fc39a2d4c0025dec0bda,tickSpacing(),0xd0c93a7c,0x00000000000000000000000000000000000000000000000000000000000000c8,200
51998755,0xd204058452f57464e0e5ab8c3cc9cbcb6b41d4ee,getReserves(),0x0902f1ac,0x00000000000000000000000000000000000000000000000039e895dc13b69cec0000000000000000000000000000000000000000000568b62eee76da51d5c4aa000000000000000000000000000000000000000000000000000000006abcedab,4172749827214843116 6539115901484054363882666 1790766507
51998755,0xd204058452f57464e0e5ab8c3cc9cbcb6b41d4ee,token0(),0x0dfe1681,0x0000000000000000000000004200000000000000000000000000000000000006,376793390874373408599387495934666716005045108742
51998755,0xd204058452f57464e0e5ab8c3cc9cbcb6b41d4ee,token1(),0xd21220a7,0x000000000000000000000000ab36452dbac151be02b16ca17d8919826072f64a,977447688360273193631813815263309890159364994634
51998755,0xd204058452f57464e0e5ab8c3cc9cbcb6b41d4ee,stable(),0x22be3de1,0x0000000000000000000000000000000000000000000000000000000000000000,0
51998755,0xd204058452f57464e0e5ab8c3cc9cbcb6b41d4ee,factory(),0xc45a0155,0x000000000000000000000000420dd381b31aef6683db6b902084cb0ffece40da,377101725388782907495129179655627394857833480410
51998756,0x11e26bbd1a5547895a50fc39a2d4c0025dec0bda,slot0(),0x3850c7bd,0x00000000000000000000000000000000000004e2b85c51642f10dd2e6084861d0000000000000000000000000000000000000000000000000000000000022d2c0000000000000000000000000000000000000000000000000000000000000007000000000000000000000000000000000000000000000000000000000000000a000000000000000000000000000000000000000000000000000000000000000a00000000000000000000000000000000000000000000000000000000000000660000000000000000000000000000000000000000000000000000000000000001,99092259990172705003982255588893 142636 7 10 10 102 1
51998756,0x11e26bbd1a5547895a50fc39a2d4c0025dec0bda,liquidity(),0x1a686502,0x000000000000000000000000000000000000000000002cf7e2cb23fa63e55fa5,212356813227701817401253
51998756,0x11e26bbd1a5547895a50fc39a2d4c0025dec0bda,fee(),0xddca3f43,0x0000000000000000000000000000000000000000000000000000000000002710,10000
51998756,0x11e26bbd1a5547895a50fc39a2d4c0025dec0bda,token0(),0x0dfe1681,0x0000000000000000000000004200000000000000000000000000000000000006,376793390874373408599387495934666716005045108742
51998756,0x11e26bbd1a5547895a50fc39a2d4c0025dec0bda,token1(),0xd21220a7,0x000000000000000000000000ab36452dbac151be02b16ca17d8919826072f64a,977447688360273193631813815263309890159364994634
51998756,0x11e26bbd1a5547895a50fc39a2d4c0025dec0bda,tickSpacing(),0xd0c93a7c,0x00000000000000000000000000000000000000000000000000000000000000c8,200
51998756,0xd204058452f57464e0e5ab8c3cc9cbcb6b41d4ee,getReserves(),0x0902f1ac,0x0000000000000000000000000000000000000000000000003c6253f11afa02c3000000000000000000000000000000000000000000052ff15f3a5859643164d3000000000000000000000000000000000000000000000000000000006abd3d2b,4351132484998136515 6271032849983906409178323 1790786859
51998756,0xd204058452f57464e0e5ab8c3cc9cbcb6b41d4ee,token0(),0x0dfe1681,0x0000000000000000000000004200000000000000000000000000000000000006,376793390874373408599387495934666716005045108742
51998756,0xd204058452f57464e0e5ab8c3cc9cbcb6b41d4ee,token1(),0xd21220a7,0x000000000000000000000000ab36452dbac151be02b16ca17d8919826072f64a,977447688360273193631813815263309890159364994634
51998756,0xd204058452f57464e0e5ab8c3cc9cbcb6b41d4ee,stable(),0x22be3de1,0x0000000000000000000000000000000000000000000000000000000000000000,0
51998756,0xd204058452f57464e0e5ab8c3cc9cbcb6b41d4ee,factory(),0xc45a0155,0x000000000000000000000000420dd381b31aef6683db6b902084cb0ffece40da,377101725388782907495129179655627394857833480410
51998757,0x11e26bbd1a5547895a50fc39a2d4c0025dec0bda,slot0(),0x3850c7bd,0x00000000000000000000000000000000000004e1b5077b90aed71b6ccc38717b0000000000000000000000000000000000000000000000000000000000022d1c0000000000000000000000000000000000000000000000000000000000000008000000000000000000000000000000000000000000000000000000000000000a000000000000000000000000000000000000000000000000000000000000000a00000000000000000000000000000000000000000000000000000000000000660000000000000000000000000000000000000000000000000000000000000001,99012000813094565522397027922299 142620 8 10 10 102 1
51998757,0x11e26bbd1a5547895a50fc39a2d4c0025dec0bda,liquidity(),0x1a686502,0x000000000000000000000000000000000000000000002cf7e2cb23fa63e55fa5,212356813227701817401253
51998757,0x11e26bbd1a5547895a50fc39a2d4c0025dec0bda,fee(),0xddca3f43,0x0000000000000000000000000000000000000000000000000000000000002710,10000
51998757,0x11e26bbd1a5547895a50fc39a2d4c0025dec0bda,token0(),0x0dfe1681,0x0000000000000000000000004200000000000000000000000000000000000006,376793390874373408599387495934666716005045108742
51998757,0x11e26bbd1a5547895a50fc39a2d4c0025dec0bda,token1(),0xd21220a7,0x000000000000000000000000ab36452dbac151be02b16ca17d8919826072f64a,977447688360273193631813815263309890159364994634
51998757,0x11e26bbd1a5547895a50fc39a2d4c0025dec0bda,tickSpacing(),0xd0c93a7c,0x00000000000000000000000000000000000000000000000000000000000000c8,200
51998757,0xd204058452f57464e0e5ab8c3cc9cbcb6b41d4ee,getReserves(),0x0902f1ac,0x0000000000000000000000000000000000000000000000003a4984b20d01350c000000000000000000000000000000000000000000055fb76012f1a9b164317e000000000000000000000000000000000000000000000000000000006abd3d2d,4200034027756926220 6496636590972539366551934 1790786861
51998757,0xd204058452f57464e0e5ab8c3cc9cbcb6b41d4ee,token0(),0x0dfe1681,0x0000000000000000000000004200000000000000000000000000000000000006,376793390874373408599387495934666716005045108742
51998757,0xd204058452f57464e0e5ab8c3cc9cbcb6b41d4ee,token1(),0xd21220a7,0x000000000000000000000000ab36452dbac151be02b16ca17d8919826072f64a,977447688360273193631813815263309890159364994634
51998757,0xd204058452f57464e0e5ab8c3cc9cbcb6b41d4ee,stable(),0x22be3de1,0x0000000000000000000000000000000000000000000000000000000000000000,0
51998757,0xd204058452f57464e0e5ab8c3cc9cbcb6b41d4ee,factory(),0xc45a0155,0x000000000000000000000000420dd381b31aef6683db6b902084cb0ffece40da,377101725388782907495129179655627394857833480410
51998758,0x11e26bbd1a5547895a50fc39a2d4c0025dec0bda,slot0(),0x3850c7bd,0x00000000000000000000000000000000000004e1b5077b90aed71b6ccc38717b0000000000000000000000000000000000000000000000000000000000022d1c0000000000000000000000000000000000000000000000000000000000000008000000000000000000000000000000000000000000000000000000000000000a000000000000000000000000000000000000000000000000000000000000000a00000000000000000000000000000000000000000000000000000000000000660000000000000000000000000000000000000000000000000000000000000001,99012000813094565522397027922299 142620 8 10 10 102 1
51998758,0x11e26bbd1a5547895a50fc39a2d4c0025dec0bda,liquidity(),0x1a686502,0x000000000000000000000000000000000000000000002cf7e2cb23fa63e55fa5,212356813227701817401253
51998758,0x11e26bbd1a5547895a50fc39a2d4c0025dec0bda,fee(),0xddca3f43,0x0000000000000000000000000000000000000000000000000000000000002710,10000
51998758,0x11e26bbd1a5547895a50fc39a2d4c0025dec0bda,token0(),0x0dfe1681,0x0000000000000000000000004200000000000000000000000000000000000006,376793390874373408599387495934666716005045108742
51998758,0x11e26bbd1a5547895a50fc39a2d4c0025dec0bda,token1(),0xd21220a7,0x000000000000000000000000ab36452dbac151be02b16ca17d8919826072f64a,977447688360273193631813815263309890159364994634
51998758,0x11e26bbd1a5547895a50fc39a2d4c0025dec0bda,tickSpacing(),0xd0c93a7c,0x00000000000000000000000000000000000000000000000000000000000000c8,200
51998758,0xd204058452f57464e0e5ab8c3cc9cbcb6b41d4ee,getReserves(),0x0902f1ac,0x0000000000000000000000000000000000000000000000003a4984b20d01350c000000000000000000000000000000000000000000055fb76012f1a9b164317e000000000000000000000000000000000000000000000000000000006abd3d2d,4200034027756926220 6496636590972539366551934 1790786861
51998758,0xd204058452f57464e0e5ab8c3cc9cbcb6b41d4ee,token0(),0x0dfe1681,0x0000000000000000000000004200000000000000000000000000000000000006,376793390874373408599387495934666716005045108742
51998758,0xd204058452f57464e0e5ab8c3cc9cbcb6b41d4ee,token1(),0xd21220a7,0x000000000000000000000000ab36452dbac151be02b16ca17d8919826072f64a,977447688360273193631813815263309890159364994634
51998758,0xd204058452f57464e0e5ab8c3cc9cbcb6b41d4ee,stable(),0x22be3de1,0x0000000000000000000000000000000000000000000000000000000000000000,0
51998758,0xd204058452f57464e0e5ab8c3cc9cbcb6b41d4ee,factory(),0xc45a0155,0x000000000000000000000000420dd381b31aef6683db6b902084cb0ffece40da,377101725388782907495129179655627394857833480410
51998754,0x420dd381b31aef6683db6b902084cb0ffece40da,"getFee(address,bool) [pool=0xd204058452f57464e0e5ab8c3cc9cbcb6b41d4ee]",0xcc56b2c5000000000000000000000000d204058452f57464e0e5ab8c3cc9cbcb6b41d4ee0000000000000000000000000000000000000000000000000000000000000000,0x000000000000000000000000000000000000000000000000000000000000001e,30
51998755,0x420dd381b31aef6683db6b902084cb0ffece40da,"getFee(address,bool) [pool=0xd204058452f57464e0e5ab8c3cc9cbcb6b41d4ee]",0xcc56b2c5000000000000000000000000d204058452f57464e0e5ab8c3cc9cbcb6b41d4ee0000000000000000000000000000000000000000000000000000000000000000,0x000000000000000000000000000000000000000000000000000000000000001e,30
51998756,0x420dd381b31aef6683db6b902084cb0ffece40da,"getFee(address,bool) [pool=0xd204058452f57464e0e5ab8c3cc9cbcb6b41d4ee]",0xcc56b2c5000000000000000000000000d204058452f57464e0e5ab8c3cc9cbcb6b41d4ee0000000000000000000000000000000000000000000000000000000000000000,0x000000000000000000000000000000000000000000000000000000000000001e,30
51998757,0x420dd381b31aef6683db6b902084cb0ffece40da,"getFee(address,bool) [pool=0xd204058452f57464e0e5ab8c3cc9cbcb6b41d4ee]",0xcc56b2c5000000000000000000000000d204058452f57464e0e5ab8c3cc9cbcb6b41d4ee0000000000000000000000000000000000000000000000000000000000000000,0x000000000000000000000000000000000000000000000000000000000000001e,30
51998758,0x420dd381b31aef6683db6b902084cb0ffece40da,"getFee(address,bool) [pool=0xd204058452f57464e0e5ab8c3cc9cbcb6b41d4ee]",0xcc56b2c5000000000000000000000000d204058452f57464e0e5ab8c3cc9cbcb6b41d4ee0000000000000000000000000000000000000000000000000000000000000000,0x000000000000000000000000000000000000000000000000000000000000001e,30
