block_number,tx_hash,log_index,event,hook,tag,version
34512951,0x7b5f063c0743b1721297abbe673e64fccf26fcd8e3f5d65f9087e391ff5e8ea4,454,ZoraHookRegistered,0xa1ebdd5ca6470bbd67114331387f2dda7bfad040,CONTENT,
34512951,0x7b5f063c0743b1721297abbe673e64fccf26fcd8e3f5d65f9087e391ff5e8ea4,455,ZoraHookRegistered,0xb030fd8c2f8576f8ab05cfbbe659285e7d7a1040,CONTENT,
34512951,0x7b5f063c0743b1721297abbe673e64fccf26fcd8e3f5d65f9087e391ff5e8ea4,456,ZoraHookRegistered,0xe61bdf0c9e665f02df20fede6dcef379cb751040,CONTENT,
34512951,0x7b5f063c0743b1721297abbe673e64fccf26fcd8e3f5d65f9087e391ff5e8ea4,457,ZoraHookRegistered,0x81542dc43aff247eff4a0ecefc286a2973ae1040,CONTENT,1.1.1
34512951,0x7b5f063c0743b1721297abbe673e64fccf26fcd8e3f5d65f9087e391ff5e8ea4,458,ZoraHookRegistered,0x5bf219b3cc11e3f6dd8dc8fc89d7d1deb0431040,CONTENT,1.1.1
34512951,0x7b5f063c0743b1721297abbe673e64fccf26fcd8e3f5d65f9087e391ff5e8ea4,459,ZoraHookRegistered,0x9ea932730a7787000042e34390b8e435dd839040,CONTENT,1.1.2
34512951,0x7b5f063c0743b1721297abbe673e64fccf26fcd8e3f5d65f9087e391ff5e8ea4,460,ZoraHookRegistered,0xfbce3d80c659c765bc6c55e29e87d839c7609040,CREATOR,
34512951,0x7b5f063c0743b1721297abbe673e64fccf26fcd8e3f5d65f9087e391ff5e8ea4,461,ZoraHookRegistered,0x854f820475b229b7805a386f758cfb285023d040,CREATOR,
34512951,0x7b5f063c0743b1721297abbe673e64fccf26fcd8e3f5d65f9087e391ff5e8ea4,462,ZoraHookRegistered,0x9301690be9ac901de52c5ebff883862bbfc99040,CREATOR,1.1.1
34512951,0x7b5f063c0743b1721297abbe673e64fccf26fcd8e3f5d65f9087e391ff5e8ea4,463,ZoraHookRegistered,0x5e5d19d22c85a4aef7c1fdf25fb22a5a38f71040,CREATOR,1.1.1
34512951,0x7b5f063c0743b1721297abbe673e64fccf26fcd8e3f5d65f9087e391ff5e8ea4,464,ZoraHookRegistered,0xd61a675f8a0c67a73dc3b54fb7318b4d91409040,CREATOR,1.1.2
35754098,0x0a135d96f8a7af7587a197a0b6e5c50fc021df93c2afb06f8a89be94f7499acd,304,ZoraHookRegistered,0xff74be9d3596ea7a33bb4983dd7906fb34135040,ContentCoinHook,2.2.0
35754098,0x0a135d96f8a7af7587a197a0b6e5c50fc021df93c2afb06f8a89be94f7499acd,305,ZoraHookRegistered,0x8218fa8d7922e22aed3556a09d5a715f16ad5040,CreatorCoinHook,2.2.0
35754098,0x0a135d96f8a7af7587a197a0b6e5c50fc021df93c2afb06f8a89be94f7499acd,306,ZoraHookRegistered,0x2b15a16b3ef024005ba899bb51764fcd58cf9040,ContentCoinHook,2.2.1
35754098,0x0a135d96f8a7af7587a197a0b6e5c50fc021df93c2afb06f8a89be94f7499acd,307,ZoraHookRegistered,0x1258e5f3c71ca9dce95ce734ba5759532e46d040,CreatorCoinHook,2.2.1
36530245,0x9d9ce1b33c5a7c0e3e5bf5e5cb392f605a056e2324ba86149df27f3501807091,315,ZoraHookRegistered,0xc8d077444625eb300a427a6dfb2b1dbf9b159040,ContentCoinHook,2.3.0
