url,http_status,fetched_at_utc,file,sha256,note
https://docs.raydium.io/reference/program-addresses,200,2026-09-30T21:34:45Z,docs.raydium.io_reference_program-addresses.body.gz,ec2fc18dcaca18a3f11660394add5f23987e056332ac6227367290d1ff4ac61c,
https://docs.raydium.io/products/amm-v4,200,2026-09-30T21:34:46Z,docs.raydium.io_products_amm-v4.body.gz,51639adb4968f19de5de4b3e0a19b85b4d8ebba131ab1a93d4aa0dce9728ce66,
https://docs.raydium.io/products/cpmm,200,2026-09-30T21:34:46Z,docs.raydium.io_products_cpmm.body.gz,e4cd49eebfc6db7231f9fc069a31e50b48c1e4c09e2aec84289c9885917b9a02,
https://docs.raydium.io/products/clmm,200,2026-09-30T21:34:47Z,docs.raydium.io_products_clmm.body.gz,61a16f1582c23f9620eee3a414f61967650df71fedbc5d986952fbb81329dc71,
https://docs.raydium.io/products/launchlab,200,2026-09-30T21:34:47Z,docs.raydium.io_products_launchlab.body.gz,71f90d4191de66160eb46d7de43e744acddee9e7b59e8db03682c3f3a65f37fa,
https://raw.githubusercontent.com/orca-so/whirlpools/main/programs/whirlpool/src/lib.rs,200,2026-09-30T21:34:48Z,raw.githubusercontent.com_orca-so_whirlpools_main_programs_whirlpool_src_lib.rs.body.gz,1a9be028bb3d5c0699278dd3fe50aea4b20e91e975280fb69b7f2dcf14418ea0,
https://raw.githubusercontent.com/orca-so/whirlpools/main/README.md,200,2026-09-30T21:34:48Z,raw.githubusercontent.com_orca-so_whirlpools_main_README.md.body.gz,d9414e3ebe98df6953613dd954ba8839839cd1c2ce54474090598a4cbb9ed1c7,
https://raw.githubusercontent.com/MeteoraAg/dlmm-sdk/main/programs/lb_clmm/src/lib.rs,404,2026-09-30T21:34:49Z,,,
https://raw.githubusercontent.com/MeteoraAg/dlmm-sdk/main/README.md,200,2026-09-30T21:34:49Z,raw.githubusercontent.com_MeteoraAg_dlmm-sdk_main_README.md.body.gz,2ba1b18775c7e6eaf6ad4eaa4f78bb475f39c8168d8dc272279eda4e1116acc9,
https://raw.githubusercontent.com/MeteoraAg/damm-v1-sdk/main/README.md,200,2026-09-30T21:34:50Z,raw.githubusercontent.com_MeteoraAg_damm-v1-sdk_main_README.md.body.gz,840852a8a9c5014f0166bf1d5dd34a3b835ff317c2bcdeb692a8b95f63a775f6,
https://raw.githubusercontent.com/MeteoraAg/damm-v1-sdk/main/programs/dynamic-amm/src/lib.rs,200,2026-09-30T21:34:50Z,raw.githubusercontent.com_MeteoraAg_damm-v1-sdk_main_programs_dynamic-amm_src_lib.rs.body.gz,46ce44bbb75e5dacec4e1a98d417321dd9e39ecd2613cffdab1dff1fac3354b4,
https://raw.githubusercontent.com/MeteoraAg/dynamic-amm-sdk/main/README.md,200,2026-09-30T21:34:50Z,raw.githubusercontent.com_MeteoraAg_dynamic-amm-sdk_main_README.md.body.gz,840852a8a9c5014f0166bf1d5dd34a3b835ff317c2bcdeb692a8b95f63a775f6,
https://raw.githubusercontent.com/MeteoraAg/dynamic-amm-sdk/main/programs/dynamic-amm/src/lib.rs,200,2026-09-30T21:34:51Z,raw.githubusercontent.com_MeteoraAg_dynamic-amm-sdk_main_programs_dynamic-amm_src_lib.rs.body.gz,46ce44bbb75e5dacec4e1a98d417321dd9e39ecd2613cffdab1dff1fac3354b4,
https://raw.githubusercontent.com/MeteoraAg/damm-v2/main/programs/cp-amm/src/lib.rs,200,2026-09-30T21:34:51Z,raw.githubusercontent.com_MeteoraAg_damm-v2_main_programs_cp-amm_src_lib.rs.body.gz,df7ae103d5d2f7cbe77de0d2b0d1c3b10b5e811c8117a6d90bbb3b2121922be8,
https://raw.githubusercontent.com/MeteoraAg/damm-v2/main/README.md,200,2026-09-30T21:34:52Z,raw.githubusercontent.com_MeteoraAg_damm-v2_main_README.md.body.gz,b423fff8132d3e729a9d518d4b7cfe14ccd1cacc37b691f3220970c61fec7fe6,
https://docs.meteora.ag/developer-guides/dbc,200,2026-09-30T21:34:52Z,docs.meteora.ag_developer-guides_dbc.body.gz,3df741cf740caefe52a25296b91c7d0bcbb105a4bafe3a1fd7fc2aef935752f9,
https://raw.githubusercontent.com/MeteoraAg/dynamic-bonding-curve/main/programs/dynamic-bonding-curve/src/lib.rs,200,2026-09-30T21:34:53Z,raw.githubusercontent.com_MeteoraAg_dynamic-bonding-curve_main_programs_dynamic-bonding-curve_src_lib.rs.body.gz,1275566d51509245a461c966bf6f2256ba1b1b1358423a63735928888e39ecf9,
https://raw.githubusercontent.com/Ellipsis-Labs/phoenix-v1/master/README.md,200,2026-09-30T21:34:53Z,raw.githubusercontent.com_Ellipsis-Labs_phoenix-v1_master_README.md.body.gz,9b7ef1329b9a9d95c06048783e7ebe7107099ece2b282478213357fdcbf7eb4c,
https://raw.githubusercontent.com/Ellipsis-Labs/phoenix-v1/master/src/lib.rs,200,2026-09-30T21:34:53Z,raw.githubusercontent.com_Ellipsis-Labs_phoenix-v1_master_src_lib.rs.body.gz,fc8a64180b02c863a0a578fd6309058a0fdfd7f47b12d840e626a3de345a6d5c,
https://raw.githubusercontent.com/openbook-dex/openbook-v2/master/README.md,200,2026-09-30T21:34:54Z,raw.githubusercontent.com_openbook-dex_openbook-v2_master_README.md.body.gz,87cecdecb9bca6ce9b5c39b886c2fc2b72a2b8f2a50d5723e0b875f878ed3a59,
https://raw.githubusercontent.com/openbook-dex/openbook-v2/master/programs/openbook-v2/src/lib.rs,200,2026-09-30T21:34:54Z,raw.githubusercontent.com_openbook-dex_openbook-v2_master_programs_openbook-v2_src_lib.rs.body.gz,50676216b9a53f196b9bf681a2f61cbe79c5fbb8bbe2be547b77bf635b0084dc,
https://raw.githubusercontent.com/openbook-dex/program/master/README.md,200,2026-09-30T21:34:54Z,raw.githubusercontent.com_openbook-dex_program_master_README.md.body.gz,3b9478104947a38c7c2fd61ff8ca825b3825849e9e3ff6d61acd60818023d53b,
https://unpkg.com/@lifinity/sdk-v2@2.0.3/lib/network.js,200,2026-09-30T21:34:55Z,unpkg.com_lifinity_sdk-v2_2.0.3_lib_network.js.body.gz,ed5c32bdd863ce8cebf0aa99775f703b47ebfa6e9d52da6c55e92d7e03b095fb,
https://unpkg.com/@lifinity/sdk@0.2.25/lib/network.js,200,2026-09-30T21:34:55Z,unpkg.com_lifinity_sdk_0.2.25_lib_network.js.body.gz,96cdc5bcc55406481f9d3fdfa84732456edb08c5fb31f345cafde495e14918fe,
https://raw.githubusercontent.com/pump-fun/pump-public-docs/main/idl/pump_amm.json,200,2026-09-30T21:34:56Z,raw.githubusercontent.com_pump-fun_pump-public-docs_main_idl_pump_amm.json.body.gz,2091433899b07d003d98118ae6cd3c628960fd393b40710b6e15bce6d0e7f2d1,
https://raw.githubusercontent.com/pump-fun/pump-public-docs/main/README.md,200,2026-09-30T21:34:56Z,raw.githubusercontent.com_pump-fun_pump-public-docs_main_README.md.body.gz,c669969c14b159eae6d1f5472a04311b586a15e346aa8c63d49095a83b6aa721,
https://raw.githubusercontent.com/pump-fun/pump-public-docs/main/idl/pump.json,200,2026-09-30T21:34:56Z,raw.githubusercontent.com_pump-fun_pump-public-docs_main_idl_pump.json.body.gz,ffe966c42f1af41652ee753fe2f1e3f7cd4077d7e6f49faf3138959c8b56064b,
https://raw.githubusercontent.com/jup-ag/instruction-parser/main/README.md,200,2026-09-30T21:34:57Z,raw.githubusercontent.com_jup-ag_instruction-parser_main_README.md.body.gz,dd008ab8b169cb62506941def964573fca2b115f387fb07c692e540fe52faa23,
https://raw.githubusercontent.com/jup-ag/jupiter-cpi/main/src/lib.rs,200,2026-09-30T21:34:57Z,raw.githubusercontent.com_jup-ag_jupiter-cpi_main_src_lib.rs.body.gz,ecf6c058177e3777aedb0c2cccd1aac07fa94dcc9bab134702ab768f7492591a,
https://raw.githubusercontent.com/jup-ag/jupiter-cpi/main/README.md,200,2026-09-30T21:34:57Z,raw.githubusercontent.com_jup-ag_jupiter-cpi_main_README.md.body.gz,3f0157024597e2d692a5edd68167a59fa02da3c9680b4e25c08bae64343359ee,
https://dev.jup.ag/docs/,200,2026-09-30T21:34:58Z,dev.jup.ag_docs.body.gz,e2210cfad5a4d296cd83f3498dfa7849a514b805cbfeb73c2692ccc144d49aba,
https://unpkg.com/@jup-ag/limit-order-sdk@0.1.10/dist/index.js,200,2026-09-30T21:34:59Z,unpkg.com_jup-ag_limit-order-sdk_0.1.10_dist_index.js.body.gz,83172fdda3fad979c2b2bb1acfdc8ab879c00d66cc7d81a1ee5c0af618667ad5,
https://unpkg.com/@jup-ag/dca-sdk@3.0.1/dist/index.js,200,2026-09-30T21:35:01Z,unpkg.com_jup-ag_dca-sdk_3.0.1_dist_index.js.body.gz,61188daa7626aebc2ae299cff7c27a43701a225e112ebbcb447273c7604419cf,
https://raw.githubusercontent.com/okxlabs/Web3-DEX-Router-Solana-V1/main/README.md,200,2026-09-30T21:35:01Z,raw.githubusercontent.com_okxlabs_Web3-DEX-Router-Solana-V1_main_README.md.body.gz,f2ec9290ad48f3210605dc647226ebaf4044182f85395faebd1fbefbf06523b9,
https://github.com/okxlabs/Web3-DEX-Router-Solana-V1,403,2026-09-30T21:35:01Z,,,
https://docs.dflow.net/docs/introduction,,2026-09-30T21:35:02Z,,,"HTTPSConnectionPool(host='docs.dflow.net', port=443): Max retries exceeded with url: /docs/introduction (Caused by ProxyError('Unable to connect to proxy', OSError('Tunnel connection failed: 502 Bad G"
https://pond.dflow.net/introduction,200,2026-09-30T21:35:20Z,pond.dflow.net_introduction.body.gz,75225a1cd6273b173aff7e4b15370793708ea2d6ff0390562547e9a1894f5bad,
https://raw.githubusercontent.com/saber-hq/stable-swap/master/README.md,200,2026-09-30T21:35:21Z,raw.githubusercontent.com_saber-hq_stable-swap_master_README.md.body.gz,be1f482f40b480b1568eee674ef353886c2b3ae709db8a119754ba88acc31c2c,
https://raw.githubusercontent.com/CKS-Systems/manifest/main/README.md,200,2026-09-30T21:35:21Z,raw.githubusercontent.com_CKS-Systems_manifest_main_README.md.body.gz,63596154816e5ad1fea3174a8fe14ef01b9d1a2852c953d162f6ade0dc9ffdb4,
https://raw.githubusercontent.com/igneous-labs/S/master/README.md,200,2026-09-30T21:35:22Z,raw.githubusercontent.com_igneous-labs_S_master_README.md.body.gz,48205a02d518f44046f7da645180786883579ef51bdcc8212453416bcf061ce2,
https://lite-api.jup.ag/swap/v1/program-id-to-label,200,2026-09-30T21:35:22Z,lite-api.jup.ag_swap_v1_program-id-to-label.body.gz,e1ba4e702ec23335a2f7207dfc19576a3ea0432e2bf9ecfe3c5dd45ec962d783,
https://api.jup.ag/swap/v1/program-id-to-label,200,2026-09-30T21:35:22Z,api.jup.ag_swap_v1_program-id-to-label.body.gz,f73cbf0500b4b30e26ea1a908930ec7e5632366f0c5ad9dde310e6fa2fa4566a,
https://docs.jito.wtf/lowlatencytxnsend/,200,2026-09-30T21:35:23Z,docs.jito.wtf_lowlatencytxnsend.body.gz,1696d445c53bd34fddc1ccdf53a70564850b75425c9c1c2822d9f84724571def,
https://raw.githubusercontent.com/jito-labs/jito-docs/main/docs/source/lowlatencytxnsend.md,200,2026-09-30T21:35:23Z,raw.githubusercontent.com_jito-labs_jito-docs_main_docs_source_lowlatencytxnsend.md.body.gz,78aff595a413abf51ccd5c3e1f670a9dc74d5c86014220f0d7e9827c6492bfe0,
