url,final_url,http_status,fetched_at_utc,file_stem,note
https://docs.arbitrum.io/how-arbitrum-works/timeboost/gentle-introduction,https://docs.arbitrum.io/how-arbitrum-works/timeboost/gentle-introduction,200,2026-09-30T21:11:16Z,docs.arbitrum.io_how-arbitrum-works_timeboost_gentle-introduction,
https://docs.arbitrum.io/how-arbitrum-works/timeboost/gentle-introduction.md,https://docs.arbitrum.io/how-arbitrum-works/timeboost/gentle-introduction.md,200,2026-09-30T21:11:16Z,docs.arbitrum.io_how-arbitrum-works_timeboost_gentle-introduction.md,
https://docs.arbitrum.io/how-arbitrum-works/timeboost/how-to-use-timeboost,https://docs.arbitrum.io/how-arbitrum-works/timeboost/how-to-use-timeboost,200,2026-09-30T21:11:17Z,docs.arbitrum.io_how-arbitrum-works_timeboost_how-to-use-timeboost,
https://docs.arbitrum.io/how-arbitrum-works/timeboost/how-to-use-timeboost.md,https://docs.arbitrum.io/how-arbitrum-works/timeboost/how-to-use-timeboost.md,200,2026-09-30T21:11:17Z,docs.arbitrum.io_how-arbitrum-works_timeboost_how-to-use-timeboost.md,
https://docs.arbitrum.io/how-arbitrum-works/timeboost/timeboost-faq.md,https://docs.arbitrum.io/how-arbitrum-works/timeboost/timeboost-faq.md,200,2026-09-30T21:11:18Z,docs.arbitrum.io_how-arbitrum-works_timeboost_timeboost-faq.md,
https://docs.arbitrum.io/how-arbitrum-works/deep-dives/sequencer.md,https://docs.arbitrum.io/how-arbitrum-works/deep-dives/sequencer.md,200,2026-09-30T21:11:18Z,docs.arbitrum.io_how-arbitrum-works_deep-dives_sequencer.md,
https://docs.arbitrum.io/how-arbitrum-works/deep-dives/sequencer-transaction-flow.md,https://docs.arbitrum.io/how-arbitrum-works/deep-dives/sequencer-transaction-flow.md,200,2026-09-30T21:11:19Z,docs.arbitrum.io_how-arbitrum-works_deep-dives_sequencer-transaction-flow.md,
https://docs.arbitrum.io/how-arbitrum-works/priority-gas-auction/pga,https://docs.arbitrum.io/how-arbitrum-works/priority-gas-auction/pga,200,2026-09-30T21:11:19Z,docs.arbitrum.io_how-arbitrum-works_priority-gas-auction_pga,
https://docs.arbitrum.io/how-arbitrum-works/priority-gas-auction/pga.md,https://docs.arbitrum.io/how-arbitrum-works/priority-gas-auction/pga.md,200,2026-09-30T21:11:20Z,docs.arbitrum.io_how-arbitrum-works_priority-gas-auction_pga.md,
https://docs.arbitrum.io/how-arbitrum-works/priority-gas-auction/fast-feed.md,https://docs.arbitrum.io/how-arbitrum-works/priority-gas-auction/fast-feed.md,200,2026-09-30T21:11:20Z,docs.arbitrum.io_how-arbitrum-works_priority-gas-auction_fast-feed.md,
https://docs.arbitrum.io/how-arbitrum-works/priority-gas-auction/use-fast-feed.md,https://docs.arbitrum.io/how-arbitrum-works/priority-gas-auction/use-fast-feed.md,200,2026-09-30T21:11:21Z,docs.arbitrum.io_how-arbitrum-works_priority-gas-auction_use-fast-feed.md,
https://docs.arbitrum.io/launch-arbitrum-chain/chain-config/sequencer/pga.md,https://docs.arbitrum.io/launch-arbitrum-chain/chain-config/sequencer/pga.md,200,2026-09-30T21:11:21Z,docs.arbitrum.io_launch-arbitrum-chain_chain-config_sequencer_pga.md,
https://docs.arbitrum.io/launch-arbitrum-chain/chain-config/sequencer/timeboost.md,https://docs.arbitrum.io/launch-arbitrum-chain/chain-config/sequencer/timeboost.md,200,2026-09-30T21:11:22Z,docs.arbitrum.io_launch-arbitrum-chain_chain-config_sequencer_timeboost.md,
https://docs.arbitrum.io/launch-arbitrum-chain/chain-config/costs/priority-fees.md,https://docs.arbitrum.io/launch-arbitrum-chain/chain-config/costs/priority-fees.md,200,2026-09-30T21:11:23Z,docs.arbitrum.io_launch-arbitrum-chain_chain-config_costs_priority-fees.md,
