group,url,method,params,fetched_at_utc,http_status,file,note
defillama,https://api.llama.fi/overview/dexs/solana,GET,,2026-09-30T21:40:53Z,200,defillama__api.llama.fi_overview_dexs_solana.json.gz,
defillama,https://api.llama.fi/overview/dexs/solana?excludeTotalDataChart=false&excludeTotalDataChartBreakdown=false&dataType=dailyVolume,GET,,2026-09-30T21:40:55Z,200,defillama__api.llama.fi_overview_dexs_solana_excludeTotalDataChart_false_excludeTotalDataChartBreakdown_false_dataType_dailyVolume.json.gz,
defillama,https://api.llama.fi/overview/aggregators/solana,GET,,2026-09-30T21:40:57Z,200,defillama__api.llama.fi_overview_aggregators_solana.json.gz,
defillama,https://api.llama.fi/overview/fees/solana?excludeTotalDataChart=false&excludeTotalDataChartBreakdown=true,GET,,2026-09-30T21:40:59Z,200,defillama__api.llama.fi_overview_fees_solana_excludeTotalDataChart_false_excludeTotalDataChartBreakdown_true.json.gz,
defillama,https://api.llama.fi/summary/fees/jito-mev-tips?dataType=dailyFees,GET,,2026-09-30T21:41:00Z,200,defillama__api.llama.fi_summary_fees_jito-mev-tips_dataType_dailyFees.json.gz,
defillama,https://api.llama.fi/summary/fees/jito?dataType=dailyFees,GET,,2026-09-30T21:41:02Z,200,defillama__api.llama.fi_summary_fees_jito_dataType_dailyFees.json.gz,
defillama,https://api.llama.fi/overview/dexs?excludeTotalDataChart=true&excludeTotalDataChartBreakdown=true,GET,,2026-09-30T21:41:03Z,200,defillama__api.llama.fi_overview_dexs_excludeTotalDataChart_true_excludeTotalDataChartBreakdown_true.json.gz,
jito,https://kobe.mainnet.jito.network/api/v1/mev_rewards,GET,,2026-09-30T21:41:05Z,200,jito__kobe.mainnet.jito.network_api_v1_mev_rewards.json.gz,
jito,https://kobe.mainnet.jito.network/api/v1/daily_mev_rewards,GET,,2026-09-30T21:41:06Z,200,jito__kobe.mainnet.jito.network_api_v1_daily_mev_rewards.json.gz,
jito,https://kobe.mainnet.jito.network/api/v1/validators,GET,,2026-09-30T21:41:08Z,200,jito__kobe.mainnet.jito.network_api_v1_validators.json.gz,
jito,https://kobe.mainnet.jito.network/api/v1/jitosol_validators,GET,,2026-09-30T21:41:10Z,200,jito__kobe.mainnet.jito.network_api_v1_jitosol_validators.json.gz,
jito,https://kobe.mainnet.jito.network/api/v1/stake_pool_stats,GET,,2026-09-30T21:41:12Z,200,jito__kobe.mainnet.jito.network_api_v1_stake_pool_stats.json.gz,
jito,https://bundles.jito.wtf/api/v1/bundles/tip_floor,GET,,2026-09-30T21:41:13Z,200,jito__bundles.jito.wtf_api_v1_bundles_tip_floor.json.gz,
jito,https://bundles.jito.wtf/api/v1/bundles/recent?limit=1000&sort=Time&asc=false,GET,,2026-09-30T21:41:15Z,200,jito__bundles.jito.wtf_api_v1_bundles_recent_limit_1000_sort_Time_asc_false.json.gz,
jito,https://bundles.jito.wtf/api/v1/bundles/recent?limit=1000&sort=Tip&asc=false&timeframe=Day,GET,,2026-09-30T21:41:17Z,200,jito__bundles.jito.wtf_api_v1_bundles_recent_limit_1000_sort_Tip_asc_false_timeframe_Day.json.gz,
jito,https://bundles.jito.wtf/api/v1/bundles/recent?limit=1000&sort=Tip&asc=false&timeframe=Week,GET,,2026-09-30T21:41:20Z,200,jito__bundles.jito.wtf_api_v1_bundles_recent_limit_1000_sort_Tip_asc_false_timeframe_Week.json.gz,
rpc,https://api.mainnet-beta.solana.com,getEpochInfo,"[{""commitment"": ""finalized""}]",2026-09-30T21:41:21Z,200,rpc__getEpochInfo.json.gz,
rpc,https://api.mainnet-beta.solana.com,getVoteAccounts,"[{""commitment"": ""finalized""}]",2026-09-30T21:41:24Z,200,rpc__getVoteAccounts.json.gz,
rpc,https://api.mainnet-beta.solana.com,getClusterNodes,[],2026-09-30T21:41:26Z,200,rpc__getClusterNodes.json.gz,
rpc,https://api.mainnet-beta.solana.com,getRecentPerformanceSamples,[60],2026-09-30T21:41:29Z,200,rpc__getRecentPerformanceSamples.json.gz,
rpc,https://api.mainnet-beta.solana.com,getRecentPrioritizationFees,[],2026-09-30T21:41:31Z,200,rpc__getRecentPrioritizationFees.json.gz,
rpc,https://api.mainnet-beta.solana.com,getVersion,[],2026-09-30T21:41:34Z,200,rpc__getVersion.json.gz,
