selection_order,selected,slug,name,category,parentProtocol,chainTvls_Base,tvl,chains,id,source_file,source_fetched_at_utc,protocol_file
1,1,uniswap-v3,Uniswap V3,Dexs,parent#uniswap,331590801.86468345,1671626434.129383,Ethereum Base Arbitrum Robinhood Chain Binance X Layer Polygon Arc Optimism Plasma Unichain Ink xDai Avalanche Celo Monad RSK World Chain 0G Filecoin Etherlink Boba zkSync Era Mantle Goat Sei XDC Nibiru Telos BOB Lens Hemi Sonic Redbelly Scroll Linea Blast Taiko Lisk MegaETH Tempo Manta LightLink Saga,2198,defillama-protocols.json.gz,2026-10-01T04:37:38Z,protocols-base-dex-uniswap-v3.json.gz
2,1,aerodrome-slipstream,Aerodrome Slipstream,Dexs,parent#aerodrome,228092499.71298695,230419318.08331963,Base Arc,4524,defillama-protocols.json.gz,2026-10-01T04:37:38Z,protocols-base-dex-aerodrome-slipstream.json.gz
3,1,aerodrome-v1,Aerodrome V1,Dexs,parent#aerodrome,147001811.5293888,147001811.5293888,Base,3450,defillama-protocols.json.gz,2026-10-01T04:37:38Z,protocols-base-dex-aerodrome-v1.json.gz
4,1,uniswap-v2,Uniswap V2,Dexs,parent#uniswap,104303801.2986475,1052916445.4565493,Ethereum Base Polygon Robinhood Chain Arbitrum Binance X Layer Arc Monad Optimism Avalanche Tempo Unichain Zora Ink Celo,2197,defillama-protocols.json.gz,2026-10-01T04:37:38Z,protocols-base-dex-uniswap-v2.json.gz
5,1,uniswap-v4,Uniswap V4,Dexs,parent#uniswap,61270455.74696793,1151508664.107791,Ethereum Robinhood Chain Binance Base Arbitrum Monad Polygon Unichain Tempo Arc Soneium Optimism Avalanche Ink X Layer World Chain Blast MegaETH Zora,5690,defillama-protocols.json.gz,2026-10-01T04:37:38Z,protocols-base-dex-uniswap-v4.json.gz
6,1,pancakeswap-amm-v3,PancakeSwap AMM V3,Dexs,parent#pancakeswap,23079318.783395566,343047917.722427,Binance Ethereum Base Arbitrum Solana Robinhood Chain Monad zkSync Era Linea Op_Bnb Polygon zkEVM,2769,defillama-protocols.json.gz,2026-10-01T04:37:38Z,protocols-base-dex-pancakeswap-amm-v3.json.gz
7,1,curve-dex,Curve DEX,Dexs,parent#curve-finance,9795910.818244714,1301916971.5913773,Ethereum Fraxtal Base Arbitrum Etherlink Monad Polygon Plasma Avalanche xDai Optimism Fantom Unichain Binance Robinhood Chain X Layer Celo Sonic Hyperliquid L1 Kava XDC Aurora Plume Mainnet TAC Taiko Ink Stable Moonbeam Corn Harmony Arc Mantle,3,defillama-protocols.json.gz,2026-10-01T04:37:38Z,protocols-base-dex-curve-dex.json.gz
8,1,fluid-dex,Fluid DEX,Dexs,parent#fluid,6874871.10427477,330741859.4065109,Ethereum Plasma Arbitrum Base Polygon,5317,defillama-protocols.json.gz,2026-10-01T04:37:38Z,protocols-base-dex-fluid-dex.json.gz
9,1,hydrex-integral,Hydrex Integral,Dexs,parent#hydrex,5866801.332583518,5866801.332583518,Base,6365,defillama-protocols.json.gz,2026-10-01T04:37:38Z,protocols-base-dex-hydrex-integral.json.gz
10,1,quickswap-v4,Quickswap V4,Dexs,parent#quickswap,3062800.3545032726,5032448.210184511,Base Soneium Mantra Somnia Polygon X Layer,6576,defillama-protocols.json.gz,2026-10-01T04:37:38Z,protocols-base-dex-quickswap-v4.json.gz
11,1,sushiswap-v3,SushiSwap V3,Dexs,parent#sushi,1936568.2330518507,45455677.45673784,Ethereum Katana Robinhood Chain Base Arbitrum Polygon RSK Hemi Filecoin Optimism Binance Avalanche Scroll xDai Europa Linea Arbitrum Nova Sonic Metis Arc CORE Blast Fantom ZetaChain Kava Fuse Bittorrent Moonbeam Moonriver Polygon zkEVM ThunderCore,2776,defillama-protocols.json.gz,2026-10-01T04:37:38Z,protocols-base-dex-sushiswap-v3.json.gz
12,1,sushiswap,SushiSwap,Dexs,parent#sushi,1787639.767424203,41506058.96647163,Ethereum Polygon Arbitrum Base Boba xDai Binance Celo Arbitrum Nova Avalanche Fantom Fuse Scroll Optimism Katana OKExChain Filecoin Linea CORE Palm RSK Hemi Blast Bittorrent Telos Europa ZetaChain Sonic Metis Arc Kava HAQQ Moonriver Harmony Heco Boba_Bnb Moonbeam Polygon zkEVM ThunderCore,119,defillama-protocols.json.gz,2026-10-01T04:37:38Z,protocols-base-dex-sushiswap.json.gz
13,1,elfomofi,ElfomoFi,Dexs,,1234126.206540951,1759731.2454941145,Base Binance,7260,defillama-protocols.json.gz,2026-10-01T04:37:38Z,protocols-base-dex-elfomofi.json.gz
14,1,alien-base-v3,Alien Base V3,Dexs,parent#alien-base,1096676.3629382856,1096676.3629382856,Base,3888,defillama-protocols.json.gz,2026-10-01T04:37:38Z,protocols-base-dex-alien-base-v3.json.gz
15,1,balancer-v3,Balancer V3,Dexs,parent#balancer,929267.578167861,22377686.079364974,Ethereum Monad Arbitrum Base Hyperliquid L1 Optimism xDai Avalanche Plasma,5491,defillama-protocols.json.gz,2026-10-01T04:37:38Z,protocols-base-dex-balancer-v3.json.gz
16,0,hydrex-omni,Hydrex Omni,Dexs,parent#hydrex,851351.9065093177,851351.9065093177,Base,6366,defillama-protocols.json.gz,2026-10-01T04:37:38Z,
17,0,pancakeswap-amm,PancakeSwap AMM,Dexs,parent#pancakeswap,825005.5491210874,1883191548.791004,Binance Ethereum Aptos Base Arbitrum zkSync Era Op_Bnb Robinhood Chain Linea Monad Polygon zkEVM,194,defillama-protocols.json.gz,2026-10-01T04:37:38Z,
18,0,baseswap-v2,BaseSwap V2,Dexs,parent#baseswap,693608.7167369268,693608.7167369268,Base,3333,defillama-protocols.json.gz,2026-10-01T04:37:38Z,
19,0,kipseli,Kipseli,Dexs,,659787.9004397385,1377597.4976279277,Base Binance Robinhood Chain,7984,defillama-protocols.json.gz,2026-10-01T04:37:38Z,
20,0,rocketswap-base,RocketSwap Base,Dexs,,567967.6628868058,567967.6628868058,Base,3314,defillama-protocols.json.gz,2026-10-01T04:37:38Z,
21,0,ryze-protocol,Ryze Protocol,Dexs,,524393.9688086247,524393.9688086247,Base,7945,defillama-protocols.json.gz,2026-10-01T04:37:38Z,
22,0,dodo-amm,DODO AMM,Dexs,parent#dodo,510513.6087919633,13304691.124187842,Binance Ethereum Polygon Avalanche Arbitrum Base Aurora Manta Zircuit Scroll Optimism Linea Hemi HashKey Chain Mantle,146,defillama-protocols.json.gz,2026-10-01T04:37:38Z,
23,0,hanji-protocol,Hanji Protocol,Dexs,,469444.30951746774,1107301.3695208677,Etherlink Base Monad,5919,defillama-protocols.json.gz,2026-10-01T04:37:38Z,
24,0,maverick-v2,Maverick V2,Dexs,parent#maverick-protocol,419283.41119792877,1280381.8279869666,Ethereum Base zkSync Era Arbitrum Binance Scroll,4752,defillama-protocols.json.gz,2026-10-01T04:37:38Z,
25,0,balancer-v2,Balancer V2,Dexs,parent#balancer,395092.7461183862,29664356.829595108,Ethereum Polygon Arbitrum Base xDai Avalanche Mode Fraxtal Polygon zkEVM,2611,defillama-protocols.json.gz,2026-10-01T04:37:38Z,
26,0,alien-base-v2,Alien Base V2,Dexs,parent#alien-base,380507.7611545789,380507.7611545789,Base,3361,defillama-protocols.json.gz,2026-10-01T04:37:38Z,
27,0,pancakeswap-infinity,PancakeSwap Infinity,Dexs,parent#pancakeswap,325757.48469856125,77119981.90453681,Binance Base,6133,defillama-protocols.json.gz,2026-10-01T04:37:38Z,
28,0,treble-v2,Treble V2,Dexs,parent#treble,325363.05283197225,325363.05283197225,Base,7587,defillama-protocols.json.gz,2026-10-01T04:37:38Z,
29,0,woofi-swap,WOOFi Swap,Dexs,parent#woofi,323503.39473872574,3527779.0159280524,Arbitrum Avalanche Optimism Binance Polygon Base Hyperliquid L1 Monad zkSync Era Linea Sonic Mantle Berachain Ethereum Polygon zkEVM Fantom,1461,defillama-protocols.json.gz,2026-10-01T04:37:38Z,
30,0,metric-v2,Metric V2,Dexs,parent#metric,309230.3867132661,2216432.0012166854,Binance Polygon Ethereum Base Avalanche Hyperliquid L1 Arbitrum Monad MegaETH,7648,defillama-protocols.json.gz,2026-10-01T04:37:38Z,
31,0,scale,Scale,Dexs,,256834.844716741,256834.844716741,Base,3575,defillama-protocols.json.gz,2026-10-01T04:37:38Z,
32,0,bass-exchange,Bass Exchange,Dexs,,245251.51653191366,245251.51653191366,Base,3568,defillama-protocols.json.gz,2026-10-01T04:37:38Z,
33,0,umbrae,Umbrae,Dexs,,173612.33622164984,173612.33622164984,Base,8582,defillama-protocols.json.gz,2026-10-01T04:37:38Z,
34,0,sharkswap-dex,SharkSwap DEX,Dexs,,152336.9594303575,152336.9594303575,Base,3714,defillama-protocols.json.gz,2026-10-01T04:37:38Z,
35,0,otsea,OTSea,Dexs,,133565.50738811196,637711.535231587,Ethereum Base Blast,4783,defillama-protocols.json.gz,2026-10-01T04:37:38Z,
36,0,iziswap,iZiSwap,Dexs,parent#izumi-finance,127894.65856052544,1792808.9584485632,zkSync Era ZetaChain Scroll Manta Binance Base Linea Taiko BOB Mantle Hemi Zkfair X Layer Mode IoTeX Ultron zkLink Plume Mainnet Blast OntologyEVM Aurora Arbitrum CORE Morph Kava Polygon Monad Cronos Ethereum Kroma Gravity Meter,1883,defillama-protocols.json.gz,2026-10-01T04:37:38Z,
37,0,raindex,Raindex,Dexs,,123004.59149632171,177749.6261451954,Base Flare Binance Robinhood Chain Polygon Ethereum Arbitrum Linea Matchain,5221,defillama-protocols.json.gz,2026-10-01T04:37:38Z,
38,0,rubicon,Rubicon,Dexs,,122186.12339484428,282673.5993431325,Optimism Base Ethereum Arbitrum,799,defillama-protocols.json.gz,2026-10-01T04:37:38Z,
39,0,clipper,Clipper,Dexs,,108526.36771427194,817985.3635549401,Ethereum Base Optimism Arbitrum Polygon Mantle Moonbeam Polygon zkEVM,622,defillama-protocols.json.gz,2026-10-01T04:37:38Z,
40,0,treble-spot,Treble Spot,Dexs,parent#treble,107970.18237754486,107970.18237754486,Base,5659,defillama-protocols.json.gz,2026-10-01T04:37:38Z,
41,0,bunnyswap,BunnySwap,Dexs,,95635.17650083773,95635.17650083773,Base,4562,defillama-protocols.json.gz,2026-10-01T04:37:38Z,
42,0,infusion,Infusion,Dexs,,91408.0838817498,91408.0838817498,Base,4294,defillama-protocols.json.gz,2026-10-01T04:37:38Z,
43,0,dlmm-king-pools,DLMM KING Pools,Dexs,parent#sectorone,91041.49488465575,240758.7514906695,Robinhood Chain Base MegaETH Ethereum,7304,defillama-protocols.json.gz,2026-10-01T04:37:38Z,
44,0,swapbased-amm,SwapBased AMM,Dexs,parent#swapbased,88943.97475590944,88943.97475590944,Base,3328,defillama-protocols.json.gz,2026-10-01T04:37:38Z,
45,0,thorchain-dex,THORChain DEX,Dexs,,83941.92321658382,73432150.51178852,Thorchain Bitcoin Ethereum Binance Bitcoincash Avalanche Doge Ripple Litecoin Tron Cosmos Base Solana,412,defillama-protocols.json.gz,2026-10-01T04:37:38Z,
46,0,9mm-v3,9mm V3,Dexs,parent#9mm,83037.63449981144,3027027.3048843215,Pulse Base Sonic,5417,defillama-protocols.json.gz,2026-10-01T04:37:38Z,
47,0,leetswap,LeetSwap,Dexs,,82211.93212453094,186939.3547517386,Base Op_Bnb Manta Linea Shibarium Scroll Polygon zkEVM Canto,2745,defillama-protocols.json.gz,2026-10-01T04:37:38Z,
48,0,lunarbase,Lunarbase,Dexs,,64783.82205845623,130173.43924284546,Base Binance Monad,7601,defillama-protocols.json.gz,2026-10-01T04:37:38Z,
49,0,autorange,AutoRange,Dexs,,60155.47658614043,476632.70337394736,Arbitrum Ethereum Celo Base Robinhood Chain,8269,defillama-protocols.json.gz,2026-10-01T04:37:38Z,
50,0,swapbased-concentrated-liquidity,SwapBased Concentrated Liquidity,Dexs,parent#swapbased,57242.37759285917,57242.37759285917,Base,3409,defillama-protocols.json.gz,2026-10-01T04:37:38Z,
51,0,andromeada,Andromeada,Dexs,,53106.03438821898,53106.03438821898,Base,3470,defillama-protocols.json.gz,2026-10-01T04:37:38Z,
52,0,deltaswap,DeltaSwap,Dexs,parent#gammaswaplabs,51684.69110843835,200556.02264464676,Arbitrum Base Ethereum,4062,defillama-protocols.json.gz,2026-10-01T04:37:38Z,
53,0,maverick-v1,Maverick V1,Dexs,parent#maverick-protocol,50851.569840738906,1072144.8357769968,zkSync Era Binance Ethereum Base,2644,defillama-protocols.json.gz,2026-10-01T04:37:38Z,
54,0,sobal,Sobal,Dexs,,48744.62000120672,48984.3310151237,Base Neon,3246,defillama-protocols.json.gz,2026-10-01T04:37:38Z,
55,0,virtus-protocol-cl,Virtus Protocol CL,Dexs,parent#virtus-protocol,48504.100650165834,48504.100650165834,Base,7575,defillama-protocols.json.gz,2026-10-01T04:37:38Z,
56,0,dexalot-dex,Dexalot DEX,Dexs,parent#dexalot,47605.336280518524,2655461.928950804,Dexalot Avalanche Arbitrum Binance Base,2589,defillama-protocols.json.gz,2026-10-01T04:37:38Z,
57,0,bridgers,Bridgers,Dexs,,47272.36689934405,158082.36666623605,Binance Base Ethereum Tron Arbitrum Optimism zkSync Era Linea Polygon Avalanche Sui Aptos TON Fantom OKExChain Solana,4790,defillama-protocols.json.gz,2026-10-01T04:37:38Z,
58,0,e3,E3,Dexs,parent#guru-network-dao,45998.12647214314,48183.84601007335,Base Fantom Arbitrum,2926,defillama-protocols.json.gz,2026-10-01T04:37:38Z,
59,0,ixs,IXS,Dexs,,44515.385174789495,153796.95560472764,Ethereum Base Polygon,4364,defillama-protocols.json.gz,2026-10-01T04:37:38Z,
60,0,swaap-maker-v2,Swaap Maker V2,Dexs,parent#swaap,41387.0637459254,7175552.058725384,Ethereum Arbitrum Binance Base Polygon Optimism Mode Scroll Linea Mantle Monad,3218,defillama-protocols.json.gz,2026-10-01T04:37:38Z,
61,0,basex,BaseX,Dexs,parent#baseswap,39072.73758323131,39072.73758323131,Base,3507,defillama-protocols.json.gz,2026-10-01T04:37:38Z,
62,0,poolside,Poolside,Dexs,,38111.67957259095,39382.7374342414,Base Ethereum Avalanche Arbitrum,3661,defillama-protocols.json.gz,2026-10-01T04:37:38Z,
63,0,solidly-v3,Solidly V3,Dexs,parent#solidly-labs,37817.22074041765,128131.97652985412,Optimism Base Arbitrum Sonic Ethereum Fantom,3481,defillama-protocols.json.gz,2026-10-01T04:37:38Z,
64,0,dackieswap-v3,DackieSwap V3,Dexs,parent#dackieswap,30162.519099774257,31011.703543964573,Base X Layer Arbitrum Mode World Chain Optimism Blast Linea inEVM Ethereum Unichain,3345,defillama-protocols.json.gz,2026-10-01T04:37:38Z,
65,0,dackieswap-v2,DackieSwap V2,Dexs,parent#dackieswap,29493.152597865683,29517.206681348747,Base X Layer Blast Optimism Mode Arbitrum World Chain Linea Unichain inEVM Ethereum,3515,defillama-protocols.json.gz,2026-10-01T04:37:38Z,
66,0,velocimeter-v2,Velocimeter V2,Dexs,parent#velocimeter,28512.242098896313,29548.543994116517,Base Pulse Mantle Canto,2668,defillama-protocols.json.gz,2026-10-01T04:37:38Z,
67,0,thirdfy,Thirdfy,Dexs,,23539.244118686936,23539.244118686936,Base,6620,defillama-protocols.json.gz,2026-10-01T04:37:38Z,
68,0,throne-v3,Throne V3,Dexs,parent#throne,21971.950576254465,21971.950576254465,Base,3382,defillama-protocols.json.gz,2026-10-01T04:37:38Z,
69,0,alien-base-area51,Alien Base Area51,Dexs,parent#alien-base,21918.13538200353,21918.13538200353,Base,3697,defillama-protocols.json.gz,2026-10-01T04:37:38Z,
70,0,quickswap-dex,Quickswap Dex,Dexs,parent#quickswap,19367.42775218538,123753058.8201011,Polygon Base,306,defillama-protocols.json.gz,2026-10-01T04:37:38Z,
71,0,thick,Thick,Dexs,parent#guru-network-dao,17482.892000295873,25284.80495443729,Base Fantom Arbitrum Sonic,3878,defillama-protocols.json.gz,2026-10-01T04:37:38Z,
72,0,2thick,2THICK,Dexs,parent#guru-network-dao,16875.504132160346,169576.4958704069,Sonic Base Fantom,5603,defillama-protocols.json.gz,2026-10-01T04:37:38Z,
73,0,gyroscope-protocol,Gyroscope Protocol,Dexs,,16814.139633189116,432597.593624619,Sonic Optimism Polygon xDai Arbitrum Base Ethereum Avalanche Sei Polygon zkEVM,2397,defillama-protocols.json.gz,2026-10-01T04:37:38Z,
74,0,synthswap-v2,Synthswap V2,Dexs,parent#synthswap,15240.208824015683,15240.208824015683,Base,3322,defillama-protocols.json.gz,2026-10-01T04:37:38Z,
75,0,smardex-amm,SMARDEX AMM,Dexs,parent#smardex-ecosystem,14967.771200757685,151672.1988629536,Ethereum Arbitrum Binance Base Polygon,2695,defillama-protocols.json.gz,2026-10-01T04:37:38Z,
76,0,horizondex,HorizonDEX,Dexs,,12094.094943564307,72950.21462351648,Linea Base,3255,defillama-protocols.json.gz,2026-10-01T04:37:38Z,
77,0,fwx-dex,FWX DEX,Dexs,parent#fwx,11743.173862724396,12046.838221522727,Base Avalanche,4962,defillama-protocols.json.gz,2026-10-01T04:37:38Z,
78,0,clober-liquidity-vault,Clober Liquidity Vault,Dexs,parent#clober,11727.696020230522,56138.59004101207,Monad Base,5315,defillama-protocols.json.gz,2026-10-01T04:37:38Z,
79,0,deli-swap,Deli Swap,Dexs,parent#bmx,11609.868376354227,11609.868376354227,Base,7246,defillama-protocols.json.gz,2026-10-01T04:37:38Z,
80,0,nabla-finance,Nabla Finance,Dexs,,9838.225495336623,49271.66566213053,Arbitrum Base Berachain Monad Hyperliquid L1,5309,defillama-protocols.json.gz,2026-10-01T04:37:38Z,
81,0,textile-fx,Textile FX,Dexs,,9492.365923190991,1834609.0907639149,Celo Ethereum Binance Base,8322,defillama-protocols.json.gz,2026-10-01T04:37:38Z,
82,0,wombat-exchange,Wombat Exchange,Dexs,,9219.146441058056,1059297.0534714996,Binance Arbitrum Avalanche Optimism Base Ethereum Scroll Monad Hyperliquid L1 Polygon,1700,defillama-protocols.json.gz,2026-10-01T04:37:38Z,
83,0,soswap,Soswap,Dexs,,8551.036765923784,8551.036765923784,Base,3348,defillama-protocols.json.gz,2026-10-01T04:37:38Z,
84,0,clober-v2,Clober V2,Dexs,parent#clober,7576.62333446587,12187.345363960965,Base Monad zkSync Era,4764,defillama-protocols.json.gz,2026-10-01T04:37:38Z,
85,0,bunni-v2,Bunni V2,Dexs,parent#bunni,7405.041406787596,221112.84178015077,Ethereum Base Unichain Arbitrum Binance,5734,defillama-protocols.json.gz,2026-10-01T04:37:38Z,
86,0,picwe,PICWE,Dexs,,7100.464600751102,488877.56908417173,Binance Base Arbitrum,5953,defillama-protocols.json.gz,2026-10-01T04:37:38Z,
87,0,stablebase,StableBase,Dexs,,6152.992402797252,6152.992402797252,Base,3471,defillama-protocols.json.gz,2026-10-01T04:37:38Z,
88,0,squadswap-v2,SquadSwap V2,Dexs,parent#squadswap,5955.486892560315,13788.17928365032,Base Blast Binance Optimism Polygon Arbitrum,4009,defillama-protocols.json.gz,2026-10-01T04:37:38Z,
89,0,feefree,FeeFree,Dexs,,5856.91468009199,17945.714230453497,Zora Scroll Base,4530,defillama-protocols.json.gz,2026-10-01T04:37:38Z,
90,0,alphix,Alphix,Dexs,,5813.804109450628,7025.184504232011,Base Arbitrum,7436,defillama-protocols.json.gz,2026-10-01T04:37:38Z,
91,0,balancer-cow-amm,Balancer CoW AMM,Dexs,parent#balancer,5758.147396014621,59575.74874381686,Ethereum xDai Arbitrum Base,4951,defillama-protocols.json.gz,2026-10-01T04:37:38Z,
92,0,omni-exchange-v3,Omni Exchange V3,Dexs,parent#omni-exchange,5640.235458396268,8968.179261066303,Base Binance Plasma Sonic Avalanche Optimism Arbitrum,6506,defillama-protocols.json.gz,2026-10-01T04:37:38Z,
93,0,stabull-finance,Stabull Finance,Dexs,,5597.898570473489,17848.467962365004,Polygon Base Ethereum,7077,defillama-protocols.json.gz,2026-10-01T04:37:38Z,
94,0,synthswap-v3,Synthswap V3,Dexs,parent#synthswap,5549.856178764383,5549.856178764383,Base,3385,defillama-protocols.json.gz,2026-10-01T04:37:38Z,
95,0,citadelswap,CitadelSwap,Dexs,,5014.962569213558,5014.962569213558,Base,3829,defillama-protocols.json.gz,2026-10-01T04:37:38Z,
96,0,wind-swap,Wind Swap,Dexs,,4794.6326532483745,4804.486820136595,Base Sei,7185,defillama-protocols.json.gz,2026-10-01T04:37:38Z,
97,0,9mm-v2,9mm V2,Dexs,parent#9mm,4032.6342518273873,65384.382377700575,Pulse Base Sonic,5416,defillama-protocols.json.gz,2026-10-01T04:37:38Z,
98,0,oasisswap,OasisSwap,Dexs,,3247.3854583400084,4167.795460498471,Base Arbitrum,2618,defillama-protocols.json.gz,2026-10-01T04:37:38Z,
99,0,graphene-by-velocimeter,Graphene by Velocimeter,Dexs,parent#velocimeter,2707.2675852280904,2849.0154297503177,Base Fantom Mantle IOTA EVM,4251,defillama-protocols.json.gz,2026-10-01T04:37:38Z,
100,0,elk,Elk,Dexs,,2341.647353510922,191111.97087601013,Avalanche Binance Kucoin Polygon xDai Arbitrum Optimism Ethereum Fantom Cronos Bittorrent Fuse Base Elastos Linea RSK Q Protocol IoTeX Telos Kava Metis Wanchain Neon OKExChain Astar Velas Heco Harmony Moonriver Hoo Bitgert,420,defillama-protocols.json.gz,2026-10-01T04:37:38Z,
101,0,baso-finance,Baso Finance,Dexs,,2213.4037913036154,2213.4037913036154,Base,3380,defillama-protocols.json.gz,2026-10-01T04:37:38Z,
102,0,goblins-amm,Goblins AMM,Dexs,parent#goblins-cash,2207.521954769909,10749.870763543237,Binance Base smartBCH,5531,defillama-protocols.json.gz,2026-10-01T04:37:38Z,
103,0,derpdex,DerpDEX,Dexs,,2150.900712773061,24473.109292078487,zkSync Era Op_Bnb Base,3234,defillama-protocols.json.gz,2026-10-01T04:37:38Z,
104,0,basex-finance,BaseX Finance,Dexs,,1997.8930633264658,1997.8930633264658,Base,4068,defillama-protocols.json.gz,2026-10-01T04:37:38Z,
105,0,alien-base-stableswap,Alien Base StableSwap,Dexs,parent#alien-base,1915.4711074787347,1915.4711074787347,Base,3446,defillama-protocols.json.gz,2026-10-01T04:37:38Z,
106,0,kim-exchange-v3,KIM Exchange V3,Dexs,parent#kim-exchange,1893.0727656463955,142458.42422830442,Mode Base,4299,defillama-protocols.json.gz,2026-10-01T04:37:38Z,
107,0,balanced-exchange,Balanced Exchange,Dexs,parent#balanceddao,1792.4927486596237,2103444.0608290248,Avalanche Solana Icon Arbitrum Binance Archway Stellar Sui Base Injective Optimism,448,defillama-protocols.json.gz,2026-10-01T04:37:38Z,
108,0,kokonut-swap,Kokonut Swap,Dexs,,1454.4527126779674,80115.29514080001,Klaytn Base Polygon zkEVM,1790,defillama-protocols.json.gz,2026-10-01T04:37:38Z,
109,0,energon-dex,Energon DEX,Dexs,,1113.430751648754,1113.430751648754,Base,3420,defillama-protocols.json.gz,2026-10-01T04:37:38Z,
110,0,omni-exchange-v2,Omni Exchange V2,Dexs,parent#omni-exchange,887.5750147877495,1779.1260118153768,Base Arbitrum Sonic Avalanche Binance Optimism Plasma,6539,defillama-protocols.json.gz,2026-10-01T04:37:38Z,
111,0,brownfi-v2,BrownFi V2,Dexs,parent#brownfi,829.3509361741285,6980.552834922612,Berachain Linea Hyperliquid L1 Base Monad Arbitrum Binance,6616,defillama-protocols.json.gz,2026-10-01T04:37:38Z,
112,0,machima,Machima,Dexs,,809.1798206232806,809.1798206232806,Base,8182,defillama-protocols.json.gz,2026-10-01T04:37:38Z,
113,0,nano-swap,Nano Swap,Dexs,,764.3114149551142,764.3114149551142,Base,3625,defillama-protocols.json.gz,2026-10-01T04:37:38Z,
114,0,wagmi,WAGMI,Dexs,,721.8946853487342,275149.91079484124,Sonic Metis Kava zkSync Era IOTA EVM Ethereum Base zkLink Fantom,2837,defillama-protocols.json.gz,2026-10-01T04:37:38Z,
115,0,bwswap,BWSWAP,Dexs,,602.0379946053596,602.0379946053596,Base,3725,defillama-protocols.json.gz,2026-10-01T04:37:38Z,
116,0,omni-exchange-flux,Omni Exchange Flux,Dexs,parent#omni-exchange,601.1169423383072,651.6834900436519,Base Avalanche Sonic Optimism Arbitrum Binance Plasma,6540,defillama-protocols.json.gz,2026-10-01T04:37:38Z,
117,0,hydrometer-finance,Hydrometer Finance,Dexs,,597.9764900485409,597.9764900485409,Base,5423,defillama-protocols.json.gz,2026-10-01T04:37:38Z,
118,0,satori-spots,Satori Spots,Dexs,parent#satori-finance,532.5395317292628,2964.8933860667375,Linea Base X Layer,4172,defillama-protocols.json.gz,2026-10-01T04:37:38Z,
119,0,kyberswap-elastic,KyberSwap Elastic,Dexs,parent#kyberswap,499.53337340892347,134084.3552779088,Linea Scroll Arbitrum Optimism Polygon Ethereum Binance Base Avalanche Fantom Cronos,2615,defillama-protocols.json.gz,2026-10-01T04:37:38Z,
120,0,moonbase,MoonBase,Dexs,,473.7673742309569,473.7673742309569,Base,3540,defillama-protocols.json.gz,2026-10-01T04:37:38Z,
121,0,swapline-v2,Swapline V2,Dexs,parent#swapline,447.385542842673,447.385542842673,Base,5099,defillama-protocols.json.gz,2026-10-01T04:37:38Z,
122,0,autotronic,Autotronic,Dexs,,429.19989446469765,429.19989446469765,Base,3441,defillama-protocols.json.gz,2026-10-01T04:37:38Z,
123,0,bagelswap,Bagelswap,Dexs,,401.29598314477454,401.29598314477454,Base,3433,defillama-protocols.json.gz,2026-10-01T04:37:38Z,
124,0,gridex,Gridex,Dexs,,357.05620763946996,75626.60404629096,Arbitrum Linea Polygon Base Optimism,2856,defillama-protocols.json.gz,2026-10-01T04:37:38Z,
125,0,archly-v2,Archly V2,Dexs,parent#archly-finance,356.02804221308395,1116.6011248055627,Telos Base Fantom Arbitrum Nova Arbitrum Binance Zora Optimism Polygon Ethereum Fraxtal Kava Cronos Metis Blast Sonic Mantle Neon Avalanche Mode Filecoin zkSync Era,3940,defillama-protocols.json.gz,2026-10-01T04:37:38Z,
126,0,basefinance,BaseFinance,Dexs,,327.31929053387984,327.31929053387984,Base,5939,defillama-protocols.json.gz,2026-10-01T04:37:38Z,
127,0,topaz-cl,Topaz CL,Dexs,parent#topaz,315.76678851535996,954230.9835211921,Binance Robinhood Chain Arc Ethereum Base,7882,defillama-protocols.json.gz,2026-10-01T04:37:38Z,
128,0,iceswap,IceSwap,Dexs,,300.40312196112257,300.40312196112257,Base,3372,defillama-protocols.json.gz,2026-10-01T04:37:38Z,
129,0,henjin-dex,Henjin DEX,Dexs,,296.9539594948472,1504.62414317774,Taiko Base,4686,defillama-protocols.json.gz,2026-10-01T04:37:38Z,
130,0,icecreamswap-v2,IcecreamSwap V2,Dexs,parent#icecreamswap,286.19796583837984,26384.348769070333,CORE BOB Blast XDC Bitgert Base ShimmerEVM Scroll Telos Neon LightLink Taiko Fuse Dogechain,1990,defillama-protocols.json.gz,2026-10-01T04:37:38Z,
131,0,spooky-base,Spooky Base,Dexs,,283.84289837853083,283.84289837853083,Base,3720,defillama-protocols.json.gz,2026-10-01T04:37:38Z,
132,0,xbased,XBased,Dexs,,246.81448943290175,246.81448943290175,Base,3523,defillama-protocols.json.gz,2026-10-01T04:37:38Z,
133,0,squadswap-v3,SquadSwap V3,Dexs,parent#squadswap,235.10354781981016,1293.4965735758933,Binance Base Blast Arbitrum Optimism Polygon,4010,defillama-protocols.json.gz,2026-10-01T04:37:38Z,
134,0,lovely-swap,Lovely Swap,Dexs,,192.3749932135545,320.3745542389163,Base Polygon Binance,4785,defillama-protocols.json.gz,2026-10-01T04:37:38Z,
135,0,archly-v1,Archly V1,Dexs,parent#archly-finance,188.4649014209711,3885.460650818695,Arbitrum Nova Telos Base Binance Polygon Arbitrum Optimism Fantom Kava,2317,defillama-protocols.json.gz,2026-10-01T04:37:38Z,
136,0,ring-swap,Ring Swap,Dexs,parent#ring-protocol,173.00890479610678,173.00890479610678,Base Hyperliquid L1 Ethereum Arbitrum Blast Binance,4222,defillama-protocols.json.gz,2026-10-01T04:37:38Z,
137,0,throne-v2,Throne V2,Dexs,parent#throne,167.39536964343966,167.39536964343966,Base,3383,defillama-protocols.json.gz,2026-10-01T04:37:38Z,
138,0,apex-defi,Apex DeFi,Dexs,,145.22246916689838,13315.913950207298,Avalanche Base Ethereum,5065,defillama-protocols.json.gz,2026-10-01T04:37:38Z,
139,0,burve-protocol,Burve Protocol,Dexs,,137.67808078240805,11480.828886940439,Binance Base Arbitrum,4393,defillama-protocols.json.gz,2026-10-01T04:37:38Z,
140,0,crescentswap,CrescentSwap,Dexs,,100.56832135790873,966.491187533764,Arbitrum Base,3315,defillama-protocols.json.gz,2026-10-01T04:37:38Z,
141,0,torus,Torus,Dexs,,86.95205959521819,86.95205959521819,Base,3741,defillama-protocols.json.gz,2026-10-01T04:37:38Z,
142,0,swapline-v1,Swapline V1,Dexs,parent#swapline,81.0056199768311,2388.70613992985,ShimmerEVM Optimism Fantom Base Arbitrum Polygon zkEVM,2731,defillama-protocols.json.gz,2026-10-01T04:37:38Z,
143,0,clamm,CLAMM,Dexs,,78.77473290261455,78.77473290261455,Base,5911,defillama-protocols.json.gz,2026-10-01T04:37:38Z,
144,0,akronswap,Akronswap,Dexs,,78.5086000668065,3028.583062887724,Arbitrum Ethereum Base Binance,4911,defillama-protocols.json.gz,2026-10-01T04:37:38Z,
145,0,biswap-v3,Biswap V3,Dexs,parent#biswap,72.50116805923001,420682.2447017374,Binance Base Arbitrum Ethereum,3188,defillama-protocols.json.gz,2026-10-01T04:37:38Z,
146,0,sedge,sedge,Dexs,parent#dfx-finance,66.3032185340087,66.3032185340087,Base,5930,defillama-protocols.json.gz,2026-10-01T04:37:38Z,
147,0,fluxusfi,FluxusFi,Dexs,,63.52972740914163,63.52972740914163,Base,5339,defillama-protocols.json.gz,2026-10-01T04:37:38Z,
148,0,voltswap-v2,VoltSwap V2,Dexs,parent#volt-finance,57.13113867641113,64629.07027075134,Meter Base,2133,defillama-protocols.json.gz,2026-10-01T04:37:38Z,
149,0,diamondswap,Diamondswap,Dexs,,56.997612462909295,4217.7672374914555,Ethereum Binance Base Avalanche Odyssey,5546,defillama-protocols.json.gz,2026-10-01T04:37:38Z,
150,0,virtus-protocol-amm,Virtus Protocol AMM,Dexs,parent#virtus-protocol,39.99259187201469,39.99259187201469,Base,7574,defillama-protocols.json.gz,2026-10-01T04:37:38Z,
151,0,kinetix-amm-v2,Kinetix AMM V2,Dexs,parent#kinetix,31.50607515788167,133.0582488518342,Kava Base,3533,defillama-protocols.json.gz,2026-10-01T04:37:38Z,
152,0,plantbaseswap,PlantBaseSwap,Dexs,,29.054408761034693,29.054408761034693,Base,3508,defillama-protocols.json.gz,2026-10-01T04:37:38Z,
153,0,kinetix-amm-v3,Kinetix AMM V3,Dexs,parent#kinetix,25.815753855984187,181592.57672284258,Kava Base,3534,defillama-protocols.json.gz,2026-10-01T04:37:38Z,
154,0,pixelswap,PixelSwap,Dexs,,21.711388144966513,885.6071040673605,Op_Bnb Base Scroll zkSync Era Arbitrum Linea,3411,defillama-protocols.json.gz,2026-10-01T04:37:38Z,
155,0,flashliquidity,FlashLiquidity,Dexs,,13.474397925128866,92.42614478422789,Polygon Base Arbitrum Avalanche Polygon zkEVM,3000,defillama-protocols.json.gz,2026-10-01T04:37:38Z,
156,0,ohmycrypt,OhMyCrypt,Dexs,,10.313699980131268,10.313699980131268,Base,3588,defillama-protocols.json.gz,2026-10-01T04:37:38Z,
157,0,skate-amm,Skate AMM,Dexs,,10.090208468359576,88474.33187204854,Robinhood Chain Binance Solana Arbitrum Ethereum Sui Base Hyperliquid L1 Monad Eclipse Tempo MegaETH Mantle Plume Mainnet 0G,6246,defillama-protocols.json.gz,2026-10-01T04:37:38Z,
158,0,velox-dex,Velox DEX,Dexs,,6.55721782855346,6.55721782855346,Base,7526,defillama-protocols.json.gz,2026-10-01T04:37:38Z,
159,0,base3d,Base3D,Dexs,,2.605501996501756,2.605501996501756,Base,3475,defillama-protocols.json.gz,2026-10-01T04:37:38Z,
160,0,loopring,Loopring,Dexs,,0.6314243460074441,33945.65606161502,Ethereum Taiko Base,126,defillama-protocols.json.gz,2026-10-01T04:37:38Z,
161,0,kim-exchange-v2,KIM Exchange V2,Dexs,parent#kim-exchange,0.4380138701355366,92830.94524538542,Mode Base,4038,defillama-protocols.json.gz,2026-10-01T04:37:38Z,
162,0,kewl-exchange,KEWL EXCHANGE,Dexs,,0.09471559251262204,14124.58156204664,Chiliz Arbitrum Binance Avalanche Sonic Base,4175,defillama-protocols.json.gz,2026-10-01T04:37:38Z,
163,0,cookiebase-dex,CookieBase Dex,Dexs,parent#cookiebase,0.07772425335096952,0.07772425335096952,Base,3346,defillama-protocols.json.gz,2026-10-01T04:37:38Z,
164,0,renegade,Renegade,Dexs,,0.025365298337343044,0.025365298337343044,Base Arbitrum,5103,defillama-protocols.json.gz,2026-10-01T04:37:38Z,
165,0,squadswap-thanos,SquadSwap Thanos,Dexs,parent#squadswap,0.024042186621554648,4342.948682166179,Binance Base,8440,defillama-protocols.json.gz,2026-10-01T04:37:38Z,
166,0,onionswap,OnionSwap,Dexs,,0.0000010407562756232491,0.0000010407562756232491,Base,6609,defillama-protocols.json.gz,2026-10-01T04:37:38Z,
167,0,donaswap-v2,DONASWAP V2,Dexs,,2.53982664e-12,1.0180186883660742,Dogechain Binance Polygon Base CMP Heco CORE Ethereum Aurora Palm Fantom Conflux Avalanche Kardia Kava Polygon zkEVM Metis Fuse Linea Celo Flare Kucoin Arbitrum ThunderCore Astar Moonbeam Optimism Moonriver Fusion,4002,defillama-protocols.json.gz,2026-10-01T04:37:38Z,
168,0,dexilla,Dexilla,Dexs,,0,123.37612920931267,zkSync Era Mode Optimism Arbitrum Base,3035,defillama-protocols.json.gz,2026-10-01T04:37:38Z,
169,0,marswap,MARSWAP,Dexs,,0,5947.085679148415,Cronos zkEVM Shibarium Binance Cronos Ethereum Base,3456,defillama-protocols.json.gz,2026-10-01T04:37:38Z,
170,0,skydex,SkyDex,Dexs,,0,0,zkSync Era Base,3237,defillama-protocols.json.gz,2026-10-01T04:37:38Z,
171,0,sushiswap-v4,SushiSwap V4,Dexs,parent#sushi,0,2819.863772193897,Robinhood Chain Arbitrum Base Ethereum Polygon Arc Binance Unichain World Chain,8668,defillama-protocols.json.gz,2026-10-01T04:37:38Z,
172,0,zkex,ZKEX,Dexs,,0,2.0462788730924015,Linea Avalanche Arbitrum Binance Base Optimism zkSync Era Polygon Op_Bnb,4298,defillama-protocols.json.gz,2026-10-01T04:37:38Z,
