id,url,title,publisher,date_stated,fetched_at,http_status,question_lines,text_file,raw_file,raw_bytes,raw_sha256,note
bnbdocs-mev-overview,https://docs.bnbchain.org/bnb-smart-chain/validator/mev/overview/,BSC MEV Overview,BNB Chain docs,,2026-09-30T21:11:43Z,200,Q6,bnbdocs-mev-overview.txt,raw/bnbdocs-mev-overview.html.gz,62542,461f1394240628c93d6525719d0ae39983a049a5a784dbe9ddeca306ae197b32,
bnbdocs-mev-user-guide,https://docs.bnbchain.org/bnb-smart-chain/validator/mev/user-guide/,User Guide - BSC MEV,BNB Chain docs,,2026-09-30T21:11:44Z,200,Q6,bnbdocs-mev-user-guide.txt,raw/bnbdocs-mev-user-guide.html.gz,65864,9197e88f6ee5cbf0342238366b2a6217131745c804844cb2b1f35d231ef274b0,
bnbdocs-mev-validator-integration,https://docs.bnbchain.org/bnb-smart-chain/validator/mev/validator-integration/,Integration Guide for Validator - BSC MEV,BNB Chain docs,,2026-09-30T21:11:46Z,200,Q6,bnbdocs-mev-validator-integration.txt,raw/bnbdocs-mev-validator-integration.html.gz,66249,070bc1a61495149fd47a689adb467037ab48189f2c7198a163ef12d070cabd1d,
bnbdocs-mev-builder-integration,https://docs.bnbchain.org/bnb-smart-chain/validator/mev/builder-integration/,Integration Guide for Builder - BSC MEV,BNB Chain docs,,2026-09-30T21:11:48Z,200,Q6,bnbdocs-mev-builder-integration.txt,raw/bnbdocs-mev-builder-integration.html.gz,62017,8d8447251c0412d01f8a6ddabdf280d1ee5cd8807eb71efa77baded81bfc42cf,
bnbdocs-mev-faqs,https://docs.bnbchain.org/bnb-smart-chain/validator/mev/faqs/,FAQs - BSC MEV,BNB Chain docs,,2026-09-30T21:11:49Z,200,Q6,bnbdocs-mev-faqs.txt,raw/bnbdocs-mev-faqs.html.gz,63772,f8053b8ee884fa6cd3416734f27413266e670a53e2db492501870cd71b065527,
bnbdocs-evn-overview,https://docs.bnbchain.org/bnb-smart-chain/validator/evn/overview/,Enhanced Validator Network overview,BNB Chain docs,,2026-09-30T21:11:51Z,200,Q6,bnbdocs-evn-overview.txt,raw/bnbdocs-evn-overview.html.gz,61642,5298447a261c14bb23bd88f96df88a257870236aeda77d8a180d79bddc8f6288,
bnbdocs-evn-faqs,https://docs.bnbchain.org/bnb-smart-chain/validator/evn/faqs/,EVN FAQs,BNB Chain docs,,2026-09-30T21:11:53Z,200,Q6,bnbdocs-evn-faqs.txt,raw/bnbdocs-evn-faqs.html.gz,59913,bc1fac233ec528546da55e195a2c2045319ca7020f712a945995bc9e7b8d552d,
bnbdocs-faq-lorentz,https://docs.bnbchain.org/bnb-smart-chain/faq/lorentz-hard-fork-upgrade/,Lorentz hard fork upgrade FAQ,BNB Chain docs,,2026-09-30T21:11:54Z,200,Q4;Q6,bnbdocs-faq-lorentz.txt,raw/bnbdocs-faq-lorentz.html.gz,44629,8c8637688b0f84e30f5b76eea9f1539f5ba3a8001578da214015187e34ff15de,
bnbdocs-bsc-overview,https://docs.bnbchain.org/bnb-smart-chain/overview/,BNB Smart Chain overview,BNB Chain docs,,2026-09-30T21:11:56Z,200,Q4,bnbdocs-bsc-overview.txt,raw/bnbdocs-bsc-overview.html.gz,58211,2dfd70bc35806e1d9fb400b66f064f3b15fe591ca84451e38a362518bb6b6aaf,
bnbdocs-bsc-introduction,https://docs.bnbchain.org/bnb-smart-chain/introduction/,BNB Smart Chain introduction,BNB Chain docs,,2026-09-30T21:11:57Z,200,Q4,bnbdocs-bsc-introduction.txt,raw/bnbdocs-bsc-introduction.html.gz,66299,e259701bd546a0a18f67dbcc341544fe5fe15cf4d428871329b1b7a01cb0b41b,
bep-067,https://raw.githubusercontent.com/bnb-chain/BEPs/master/BEPs/BEP67.md,BEP-67: Price-based Order,bnb-chain/BEPs,,2026-09-30T21:11:59Z,200,Q5;Q6,bep-067.txt,raw/bep-067.md,2000,c15234840a36d952196a739b7258b00352a102192c0b25deda1b77b761dca221,
bep-126,https://raw.githubusercontent.com/bnb-chain/BEPs/master/BEPs/BEP126.md,BEP-126: Introduce Fast Finality Mechanism,bnb-chain/BEPs,2021-12-20,2026-09-30T21:12:01Z,200,Q6,bep-126.txt,raw/bep-126.md,10646,bb41c568f2bb781b6cc518c602aceb4986c640f757d4d982683902b843119c13,
bep-322,https://raw.githubusercontent.com/bnb-chain/BEPs/master/BEPs/BEP322.md,BEP-322: Builder API Specification for BNB Smart Chain,bnb-chain/BEPs,2023-11-15,2026-09-30T21:12:02Z,200,Q6,bep-322.txt,raw/bep-322.md,18852,a736fd904de1809fd60511e216b2f11d48ea3c5c4fd5797a495f894f60b212ad,
bep-341,https://raw.githubusercontent.com/bnb-chain/BEPs/master/BEPs/BEP-341.md,BEP-341: Validators can produce consecutive blocks,bnb-chain/BEPs,2023-09-27,2026-09-30T21:12:04Z,200,Q6,bep-341.txt,raw/bep-341.md,8614,b77be3885e9557b995ce61ad201440a7151bf28d7bfa10c57d3132475fcee4e2,
bep-520,https://raw.githubusercontent.com/bnb-chain/BEPs/master/BEPs/BEP-520.md,BEP-520: Short Block Interval Phase One: 1.5 seconds,bnb-chain/BEPs,2025-02-10,2026-09-30T21:12:05Z,200,Q4;Q6,bep-520.txt,raw/bep-520.md,11263,479dfeb7f6c16012abf646bc8f6fa65f72135895b783f8c8090b6693ff0a822d,
bep-524,https://raw.githubusercontent.com/bnb-chain/BEPs/master/BEPs/BEP-524.md,BEP-524: Short Block Interval Phase Two: 0.75 seconds,bnb-chain/BEPs,2025-02-18,2026-09-30T21:12:07Z,200,Q4;Q6,bep-524.txt,raw/bep-524.md,6787,a92f5c95009e4ea1f97a5bab9698029655f9f1fb408f2824569893ad4b9d8c7b,
bep-563,https://raw.githubusercontent.com/bnb-chain/BEPs/master/BEPs/BEP-563.md,BEP-563: Enhanced Validator Network,bnb-chain/BEPs,2025-04-16,2026-09-30T21:12:08Z,200,Q6,bep-563.txt,raw/bep-563.md,6549,3dbe79ce2a579e95476d643e4daa2231d1bc69ae2ccddf404c595232e4847d3c,
bep-564,https://raw.githubusercontent.com/bnb-chain/BEPs/master/BEPs/BEP-564.md,BEP-564: bsc/2 - New Block Fetching Messages,bnb-chain/BEPs,2025-04-16,2026-09-30T21:12:10Z,200,Q6,bep-564.txt,raw/bep-564.md,4501,bd693f0529d24ad863c6b04c6c72ad3f4855b2a7d62c09579db493b2344582a5,
bep-590,https://raw.githubusercontent.com/bnb-chain/BEPs/master/BEPs/BEP-590.md,BEP-590: Extended Voting Rules for Fast Finality Stability,bnb-chain/BEPs,2025-06-25,2026-09-30T21:12:12Z,200,Q6,bep-590.txt,raw/bep-590.md,4486,0504e44500fe675bbb9ec21f9e0752364766def9ac3de399e7c60ad21ae4e053,
bep-619,https://raw.githubusercontent.com/bnb-chain/BEPs/master/BEPs/BEP-619.md,BEP-619: Short Block Interval Phase Three: 0.45 Seconds,bnb-chain/BEPs,2025-09-11,2026-09-30T21:12:13Z,200,Q4;Q6,bep-619.txt,raw/bep-619.md,6097,02d9bd32b0c9b73978823d3ba50ae98e40b798a7804ac3bcf40aa96c9b52041c,
bep-648,https://raw.githubusercontent.com/bnb-chain/BEPs/master/BEPs/BEP-648.md,BEP-648: Enhanced Fast Finality via In-Memory Voting Pool,bnb-chain/BEPs,2026-01-12,2026-09-30T21:12:15Z,200,Q6,bep-648.txt,raw/bep-648.md,4179,de32f7d660df272c1098cf76d13de24685225e135ca689d076a26b271b3b924a,
bep-658,https://raw.githubusercontent.com/bnb-chain/BEPs/master/BEPs/BEP-658.md,BEP-658: Hardfork Meta-Osaka/Mendel,bnb-chain/BEPs,2026-01-22,2026-09-30T21:12:16Z,200,Q4;Q6,bep-658.txt,raw/bep-658.md,4404,e5d3a727461adec6af0dc38735abea3c0fbc0c8bdab302e83a0db8cfd6ce9b5f,
bep-673,https://raw.githubusercontent.com/bnb-chain/BEPs/master/BEPs/BEP-673.md,BEP-673: Hardfork Meta-Pasteur,bnb-chain/BEPs,2026-03-06,2026-09-30T21:12:18Z,200,Q4;Q6,bep-673.txt,raw/bep-673.md,1523,53874d30067be9e0abbdefaf1e2516b372a50cf7c2b74713ccbaa5c8f49fde1c,
bep-675,https://raw.githubusercontent.com/bnb-chain/BEPs/master/BEPs/BEP-675.md,BEP-675: Builder-Proposed Block with Validator Blind Signing (Draft),bnb-chain/BEPs,2026-04-10,2026-09-30T21:12:19Z,200,Q6,bep-675.txt,raw/bep-675.md,15942,1523cd76c85817453bac19041445b30d37991115135dcc984c1391dfb90255fb,
bep-718,https://raw.githubusercontent.com/bnb-chain/BEPs/master/BEPs/BEP-718.md,BEP-718: Hardfork Meta-Jenner (Draft),bnb-chain/BEPs,2026-09-20,2026-09-30T21:12:21Z,200,Q4;Q6,bep-718.txt,raw/bep-718.md,1504,a437cc715cad8d71db45dff1608c327741b330690c3c79ca2603ece1e08faed0,
beps-readme,https://raw.githubusercontent.com/bnb-chain/BEPs/master/README.md,BEPs index (README),bnb-chain/BEPs,,2026-09-30T21:12:23Z,200,Q6,beps-readme.txt,raw/beps-readme.md,13536,c5db9afae31d1de9ec030d7211f841535ae632a494e31291295ce650d72f0f6e,
bsc-changelog,https://raw.githubusercontent.com/bnb-chain/bsc/master/CHANGELOG.md,bsc CHANGELOG.md,bnb-chain/bsc,,2026-09-30T21:12:24Z,200,Q4;Q6,bsc-changelog.txt,raw/bsc-changelog.md,135302,e49b26bcf69cf0f27c92c42f85c83ee4347886919d7d169901c33d2ac7e7e8b5,
bsc-params-config-go,https://raw.githubusercontent.com/bnb-chain/bsc/master/params/config.go,bsc params/config.go (hard-fork activation times),bnb-chain/bsc,,2026-09-30T21:12:26Z,200,Q4;Q6,bsc-params-config-go.txt,raw/bsc-params-config-go.go,89674,016aeda246f200c3076567566aca34374cd8c6bef81de2caee4db8dd98421863,
bsc-builder-readme,https://raw.githubusercontent.com/bnb-chain/bsc-builder/master/README.md,bsc-builder README,bnb-chain/bsc-builder,,2026-09-30T21:12:27Z,200,Q6,bsc-builder-readme.txt,raw/bsc-builder-readme.md,8868,c1707881d644377f8d24abb9e3cdb3fc2e0b1040223f145f7e27810603c06a10,
blog-key-changes-mev-strategy,https://www.bnbchain.org/en/blog/key-changes-in-bnb-smart-chains-mev-strategy,Key Changes In BNB Smart Chain's MEV Strategy,BNB Chain Blog,2024-07-03T07:22:21.000+00:00,2026-09-30T21:12:29Z,200,Q6,blog-key-changes-mev-strategy.txt,raw/blog-key-changes-mev-strategy.html.gz,347909,d2bd9a71c29f45a7a017e5e1c96333ec78abcf0f0f6f19c77f68cc1ad600ad23,
blog-mev-faqs,https://www.bnbchain.org/en/blog/bnb-chain-mev-faqs,BNB Chain MEV FAQs,BNB Chain Blog,2024-10-01T09:14:04.000+00:00,2026-09-30T21:12:32Z,200,Q6,blog-mev-faqs.txt,raw/blog-mev-faqs.html.gz,366418,aee1ba4224e8520f38c48c2ad93f67b1e272c64302e184bfb05ad3da3074f4a0,
blog-exploring-mev-landscape,https://www.bnbchain.org/en/blog/exploring-bnb-chains-maximal-extractable-value-mev-landscape-solutions,Exploring BNB Chain's MEV Landscape & Solutions,BNB Chain Blog,2024-04-03T08:56:00.000+00:00,2026-09-30T21:12:34Z,200,Q6,blog-exploring-mev-landscape.txt,raw/blog-exploring-mev-landscape.html.gz,347302,663c41bde744d8986e41d43dc7e4bbffed3a23ff5c6c91b7a25ec7862e4b5a0e,
blog-unlocking-mev-guide,https://www.bnbchain.org/en/blog/unlocking-the-potential-of-mev-on-bnb-chain-a-guide-for-builders-and-validators,Unlocking the Potential of MEV on BNB Chain,BNB Chain Blog,2024-06-04T13:37:46.000+00:00,2026-09-30T21:12:37Z,200,Q6,blog-unlocking-mev-guide.txt,raw/blog-unlocking-mev-guide.html.gz,360345,1abbd6208bf74d4d22dfbcd82f00ece47eaceb7fa6b8ea11042039fd72519155,
blog-good-will-alliance,https://www.bnbchain.org/en/blog/bnb-good-will-alliance,BNB Good Will Alliance,BNB Chain Blog,2025-03-18T07:19:26.000+00:00,2026-09-30T21:12:39Z,200,Q6,blog-good-will-alliance.txt,raw/blog-good-will-alliance.html.gz,341007,d5244e135f21b1416a9318d68295fb7417e6ff9a366cf24411038da75a4f4dce,
blog-infrastructure-levelled-up,https://www.bnbchain.org/en/blog/bnb-chains-infrastructure-just-levelled-up-heres-what-changed,"BNB Chain's Infrastructure Just Levelled Up, Here's What Changed",BNB Chain Blog,2025-07-21T13:03:53.000+00:00,2026-09-30T21:12:41Z,200,Q6,blog-infrastructure-levelled-up.txt,raw/blog-infrastructure-levelled-up.html.gz,356779,b4966880e0d23c93d49ec85d5a57fb8edfc04e397ed56eacf393069afba7200b,
blog-maxwell,https://www.bnbchain.org/en/blog/bnb-chain-announces-maxwell-hardfork-bsc-moves-to-0-75-second-block-times,BNB Chain Announces Maxwell Hardfork: BSC Moves to 0.75-Second Block Times,BNB Chain Blog,2025-05-22T14:01:34.000+00:00,2026-09-30T21:12:43Z,200,Q4;Q6,blog-maxwell.txt,raw/blog-maxwell.html.gz,353779,20608ae6169bbdf6d1cf370e7f17a94a8d53bad670bc3a19d3eb71f6192b3d79,
blog-fermi,https://www.bnbchain.org/en/blog/fermi-hard-fork-accelerates-bsc-to-0-45-second-block-times,Fermi Hard Fork Accelerates BSC to 0.45-Second Block Times,BNB Chain Blog,2026-01-07T13:01:12.000+00:00,2026-09-30T21:12:46Z,200,Q4;Q6,blog-fermi.txt,raw/blog-fermi.html.gz,353045,7e76e5bc32f9c8527f258f474a339ccc4d9e42a6a900069d202756bb48ad9b26,
blog-osaka-mendel,https://www.bnbchain.org/en/blog/osaka-mendel-hard-fork-strengthening-bnb-chain-after-sub-second-speed-gains,Osaka/Mendel Hard Fork,BNB Chain Blog,2026-04-16T12:09:06.000+00:00,2026-09-30T21:12:48Z,200,Q4;Q6,blog-osaka-mendel.txt,raw/blog-osaka-mendel.html.gz,349031,3f3fc70bf479eee1ad2e41dd787f35c38c794f7c200c52f70960352cdcc45242,
48club-docs-faq,https://docs.48.club/,48 Club docs F.A.Q.,48 Club,,2026-09-30T21:12:49Z,200,Q6,48club-docs-faq.txt,raw/48club-docs-faq.html.gz,423183,4b42c613abbd325c249215db05d39bef7ed4154606ca20fcd4a950de8fb68e65,
48club-puissant-builder,https://docs.48.club/puissant-builder,Puissant Builder,48 Club,,2026-09-30T21:12:51Z,200,Q6,48club-puissant-builder.txt,raw/48club-puissant-builder.html.gz,399473,41fab46caed8563fab1a59347d383c15faf507093312497fda707bf1de5438e6,
48club-puissant-send-bundle,https://docs.48.club/puissant-builder/send-bundle,Puissant Builder: Send Bundle,48 Club,,2026-09-30T21:12:53Z,200,Q5;Q6,48club-puissant-send-bundle.txt,raw/48club-puissant-send-bundle.html.gz,531772,be13a52aee1dfc1c4ced54e31b9b346d82b932c5c9962cfb3ad33fcd0f107f16,
48club-puissant-auction-feed,https://docs.48.club/puissant-builder/auction-transaction-feed,Puissant Builder: Auction Transaction Feed,48 Club,,2026-09-30T21:12:54Z,200,Q6,48club-puissant-auction-feed.txt,raw/48club-puissant-auction-feed.html.gz,567576,48b2f09a5f4b0af6c710fa37834a606bb2601e27e6d949a86718a59ec6c8acc6,
blockrazor-bsc-block-builder,https://blockrazor.gitbook.io/blockrazor/bsc/block-builder,BlockRazor: BSC Block Builder,BlockRazor,,2026-09-30T21:12:56Z,200,Q6,blockrazor-bsc-block-builder.txt,raw/blockrazor-bsc-block-builder.html.gz,558396,140c445bea8570955c29a4255a0c90f31d95095ebcf988495a60103483263cea,
blockrazor-send-bundle,https://blockrazor.gitbook.io/blockrazor/block-builder/block-builder/send-bundle,BlockRazor: Send Bundle,BlockRazor,,2026-09-30T21:12:59Z,200,Q5;Q6,blockrazor-send-bundle.txt,raw/blockrazor-send-bundle.html.gz,608845,cfe7ceb77c6755d47ccd0d0bc0a29c98b15dec9895d48c5cff17a2b45884b833,
blockrazor-call-bundle,https://blockrazor.gitbook.io/blockrazor/builder/bsc/call-bundle,BlockRazor: Call Bundle,BlockRazor,,2026-09-30T21:13:03Z,200,Q6,blockrazor-call-bundle.txt,raw/blockrazor-call-bundle.html.gz,626013,25e0c128f82a3c26dc5903729735cd59596f7b809bdf63a6fd890d0dfcc6f245,
bloxroute-bsc-overview,https://docs.bloxroute.com/bsc/overview,bloXroute BSC Overview,bloXroute,,2026-09-30T21:13:05Z,200,Q6,bloxroute-bsc-overview.txt,raw/bloxroute-bsc-overview.html.gz,533529,07c8a91efdf2309338c79f124b4b6d0a43ce4a7d6cc69ebe6b651909f5ea61ee,
bloxroute-bsc-bundle-submission,https://docs.bloxroute.com/bsc/submit-bundles/bsc-bundle-submission,bloXroute BSC Bundle Submission,bloXroute,,2026-09-30T21:13:07Z,200,Q5;Q6,bloxroute-bsc-bundle-submission.txt,raw/bloxroute-bsc-bundle-submission.html.gz,618264,0a91405516b1b1be8e81a69ae0ebe70488e75f306bf380dba9fe0999efb67e64,
blocksmith-docs,https://docs.blocksmith.org/,Blocksmith docs (General),Blocksmith,,2026-09-30T21:15:46Z,,Q6,blocksmith-docs.txt,raw/blocksmith-docs.txt,227,d73d278d2eaf89040f480f03d46c3e31f5a9c838de37cfaddd0d1641bb18a78e,HTTP None: page not retrieved (see raw file for error body)
blocksmith-send-bundle,https://docs.blocksmith.org/bsc-builder/api/eth_sendbundle,Blocksmith eth_sendBundle,Blocksmith,,2026-09-30T21:18:24Z,,Q6,blocksmith-send-bundle.txt,raw/blocksmith-send-bundle.txt,257,d7b61dec985ebaea5a2ac89501167997bec28cbe34b7fa644405457e37dbf503,HTTP None: page not retrieved (see raw file for error body)
nodereal-builder,https://docs.nodereal.io/docs/nodereal-builder,NodeReal Builder,NodeReal,2025-09-18T22:18:11.000Z,2026-09-30T21:18:26Z,200,Q6,nodereal-builder.txt,raw/nodereal-builder.html.gz,222945,ef177aec8286518891f8465d445a2dcb9bb27d4c5c1ea736ec1402a8c90633ea,
nodereal-bundle-api-marketplace,https://nodereal.io/api-marketplace/bsc-bundle-service-api,NodeReal BSC MEV (Bundle Service) API,NodeReal,,2026-09-30T21:18:28Z,200,Q6,nodereal-bundle-api-marketplace.txt,raw/nodereal-bundle-api-marketplace.html.gz,717777,a48564c0dea8a0e2782c926a19a8b9df6b897eeb50256eb735cfd70d855a94f1,
jetbldr-home,https://jetbldr.xyz/,Jetbldr website,Jetbldr,,2026-09-30T21:18:30Z,200,Q6,jetbldr-home.txt,raw/jetbldr-home.html.gz,21013,d7967a602d0236de86ac760f56b97143935b1ed2cb01b393dad29456f03365cf,
flashblock-home,https://www.flashblock.trade,Flashblock website,Flashblock,,2026-09-30T21:18:32Z,200,Q6,flashblock-home.txt,raw/flashblock-home.html.gz,43870,9b2d447582db466bfffc43a52f10c6f8fa4ae234a43b79dbc5742dda43ce5dac,
defillama-overview-dexs-bsc,https://api.llama.fi/overview/dexs/bsc,"DefiLlama DEX overview, chain=bsc (raw JSON)",DefiLlama,,2026-09-30T21:18:33Z,200,Q4,defillama-overview-dexs-bsc.txt,raw/defillama-overview-dexs-bsc.json.gz,2624745,35c9cdffff95ca3e2d6926fae519c83d323cf3827a8bf1439b27b133d012a204,
pancakeswap-v2-addresses,https://developer.pancakeswap.finance/contracts/v2/addresses,PancakeSwap v2 addresses,PancakeSwap developer docs,,2026-09-30T21:18:35Z,200,Q4,pancakeswap-v2-addresses.txt,raw/pancakeswap-v2-addresses.html.gz,38568,da6d046aa18287da2329e1e065489ec1831bda56d02c4a23f9c0440a8bc1ad40,
pancakeswap-v3-addresses,https://developer.pancakeswap.finance/contracts/v3/addresses,PancakeSwap v3 addresses,PancakeSwap developer docs,,2026-09-30T21:18:37Z,200,Q4,pancakeswap-v3-addresses.txt,raw/pancakeswap-v3-addresses.html.gz,43119,751f9a15cc2b4888960630c068c66c35bf8ee978eb20f8d8648fefae1064e0f2,
pancakeswap-infinity-addresses,https://developer.pancakeswap.finance/contracts/infinity/resources/addresses,PancakeSwap Infinity addresses,PancakeSwap developer docs,,2026-09-30T21:18:38Z,200,Q4;Q1,pancakeswap-infinity-addresses.txt,raw/pancakeswap-infinity-addresses.html.gz,39247,6387dd1ba4c716af3e027e8553ce72c73d98e4632015915bf93491c71ca57ea8,
pancakeswap-infinity-overview,https://developer.pancakeswap.finance/contracts/infinity/overview,PancakeSwap Infinity overview,PancakeSwap developer docs,,2026-09-30T21:18:40Z,200,Q4;Q1,pancakeswap-infinity-overview.txt,raw/pancakeswap-infinity-overview.html.gz,36190,660f000ee7ce35f386d39cbe9810b39fb99190561f0597e95a2e815483c19edf,
uniswap-v4-deployments,https://docs.uniswap.org/contracts/v4/deployments,Uniswap v4 deployments,Uniswap docs,,2026-09-30T21:21:15Z,429,Q1;Q4,uniswap-v4-deployments.txt,raw/uniswap-v4-deployments.html.gz,7187,3a8f85cc3519e0f8618ff2f7421ee293b77a8384213629f482a54d835a00a7dd,HTTP 429: page not retrieved (see raw file for error body)
uniswap-v3-bnb-deployments,https://docs.uniswap.org/contracts/v3/reference/deployments/bnb-deployments,Uniswap v3 BNB deployments,Uniswap docs,,2026-09-30T21:23:49Z,429,Q4,uniswap-v3-bnb-deployments.txt,raw/uniswap-v3-bnb-deployments.html.gz,7187,527780dac6a0e3068cb38ce175eb5c759aab71df2a84f98fb9d14959562c1664,HTTP 429: page not retrieved (see raw file for error body)
fourmeme-protocol-integration,https://four-meme.gitbook.io/four.meme/protocol-integration,Four.meme Protocol Integration,Four.meme,,2026-09-30T21:23:51Z,200,Q5;Q4,fourmeme-protocol-integration.txt,raw/fourmeme-protocol-integration.html.gz,341563,ef51410bec013927d6e459dda58f2a39b706aea1fdf4fc9b73dfac325045ed49,
flap-docs-home,https://docs.flap.sh/,Flap docs,Flap,,2026-09-30T21:23:53Z,200,Q5;Q4,flap-docs-home.txt,raw/flap-docs-home.html.gz,379542,12b55362b05ecf707ee067811b412c0d4a18d32c7ddd46cb08cf920274946474,
gwa-builder-list-toml,https://github.com/bnb-chain/good-will-alliance/blob/de8501ff6e7fe9a9b9047859c746894733ec178e/mev-info/bsc-mainnet/builder-list.toml,Good Will Alliance BSC mainnet builder list,bnb-chain/good-will-alliance,repo HEAD commit date 2025-12-10T18:48:11+08:00,2026-09-30T21:23:54Z,git,Q6,gwa-builder-list-toml.txt,raw/gwa-builder-list-toml.toml,8578,f3a81677a03feb7a84d77908f44e3ed9008ce0f6fee717b0860ac4d2c26638f7,
gwa-readme,https://github.com/bnb-chain/good-will-alliance/blob/de8501ff6e7fe9a9b9047859c746894733ec178e/README.md,Good Will Alliance README,bnb-chain/good-will-alliance,repo HEAD commit date 2025-12-10T18:48:11+08:00,2026-09-30T21:23:54Z,git,Q6,gwa-readme.txt,raw/gwa-readme.md,26,143d63c670c1773e1383e2ae8ac9b923bc5deee97bd3565f877173602284faea,
bsc-mev-info-builder-list-toml,https://github.com/bnb-chain/bsc-mev-info/blob/c6ceebbd4ae3c9b33ce139af5005a73857ae67e3/mainnet/builder-list.toml,bsc-mev-info BSC mainnet builder list (header says deprecated),bnb-chain/bsc-mev-info,repo HEAD commit date 2026-09-17T17:55:59+08:00,2026-09-30T21:23:54Z,git,Q6,bsc-mev-info-builder-list-toml.txt,raw/bsc-mev-info-builder-list-toml.toml,12476,81fd1593ad91ebd3e7d89fbb909dc8771d81eaeec67b7f8019cc80b6ff2a389f,
bsc-mev-info-validator-list-toml,https://github.com/bnb-chain/bsc-mev-info/blob/c6ceebbd4ae3c9b33ce139af5005a73857ae67e3/mainnet/validator-list.toml,bsc-mev-info BSC mainnet validator list,bnb-chain/bsc-mev-info,repo HEAD commit date 2026-09-17T17:55:59+08:00,2026-09-30T21:23:54Z,git,Q6,bsc-mev-info-validator-list-toml.txt,raw/bsc-mev-info-validator-list-toml.toml,7908,7cebb4797fc6e57b37ee136e72e7675a322420428e82f3ecd33afc77396ced2b,
bsc-mev-info-readme,https://github.com/bnb-chain/bsc-mev-info/blob/c6ceebbd4ae3c9b33ce139af5005a73857ae67e3/README.md,bsc-mev-info README,bnb-chain/bsc-mev-info,repo HEAD commit date 2026-09-17T17:55:59+08:00,2026-09-30T21:23:54Z,git,Q6,bsc-mev-info-readme.txt,raw/bsc-mev-info-readme.md,644,c441b86abfde86498dee0354f4fa4efea64fc1133c63a5d143e2dc981f3d783b,
bnbdocs-src-validator-mev-overview,https://github.com/bnb-chain/bnb-chain.github.io/blob/001ecbc1a8e42bcc97c6578b32c237a12784fb2f/docs/bnb-smart-chain/validator/mev/overview.md,BNB Chain docs markdown source: validator/mev/overview.md,bnb-chain/bnb-chain.github.io,repo HEAD commit date 2026-09-20T19:07:47+08:00,2026-09-30T21:23:54Z,git,Q6,bnbdocs-src-validator-mev-overview.txt,raw/bnbdocs-src-validator-mev-overview.md,4509,b7c2e0a3e52500583d50d590ebc51730ea5b30c4a40f32e039cd950ac870256f,
bnbdocs-src-validator-mev-user-guide,https://github.com/bnb-chain/bnb-chain.github.io/blob/001ecbc1a8e42bcc97c6578b32c237a12784fb2f/docs/bnb-smart-chain/validator/mev/user-guide.md,BNB Chain docs markdown source: validator/mev/user-guide.md,bnb-chain/bnb-chain.github.io,repo HEAD commit date 2026-09-20T19:07:47+08:00,2026-09-30T21:23:54Z,git,Q6,bnbdocs-src-validator-mev-user-guide.txt,raw/bnbdocs-src-validator-mev-user-guide.md,7111,821f2930d8178b6ed121c8c3013d3f899c3f23dcd1ca647f36f0a57ca15ea92f,
bnbdocs-src-validator-mev-validator-integration,https://github.com/bnb-chain/bnb-chain.github.io/blob/001ecbc1a8e42bcc97c6578b32c237a12784fb2f/docs/bnb-smart-chain/validator/mev/validator-integration.md,BNB Chain docs markdown source: validator/mev/validator-integration.md,bnb-chain/bnb-chain.github.io,repo HEAD commit date 2026-09-20T19:07:47+08:00,2026-09-30T21:23:54Z,git,Q6,bnbdocs-src-validator-mev-validator-integration.txt,raw/bnbdocs-src-validator-mev-validator-integration.md,5328,281b3749a2fcaa01f1a045c98b59be45b171738545db6616386d33ef689f4fd5,
bnbdocs-src-validator-mev-builder-integration,https://github.com/bnb-chain/bnb-chain.github.io/blob/001ecbc1a8e42bcc97c6578b32c237a12784fb2f/docs/bnb-smart-chain/validator/mev/builder-integration.md,BNB Chain docs markdown source: validator/mev/builder-integration.md,bnb-chain/bnb-chain.github.io,repo HEAD commit date 2026-09-20T19:07:47+08:00,2026-09-30T21:23:54Z,git,Q6,bnbdocs-src-validator-mev-builder-integration.txt,raw/bnbdocs-src-validator-mev-builder-integration.md,3321,ec04a04bc1c01c27fd7006ab5bc4bad77378f3819eb278f915e41d9749564336,
bnbdocs-src-validator-mev-faqs,https://github.com/bnb-chain/bnb-chain.github.io/blob/001ecbc1a8e42bcc97c6578b32c237a12784fb2f/docs/bnb-smart-chain/validator/mev/faqs.md,BNB Chain docs markdown source: validator/mev/faqs.md,bnb-chain/bnb-chain.github.io,repo HEAD commit date 2026-09-20T19:07:47+08:00,2026-09-30T21:23:54Z,git,Q6,bnbdocs-src-validator-mev-faqs.txt,raw/bnbdocs-src-validator-mev-faqs.md,2534,749d2fc208e9e758bf240d2525d11d96d32216d09f6139ecf4b568737622a8ab,
bnbdocs-src-validator-evn-overview,https://github.com/bnb-chain/bnb-chain.github.io/blob/001ecbc1a8e42bcc97c6578b32c237a12784fb2f/docs/bnb-smart-chain/validator/evn/overview.md,BNB Chain docs markdown source: validator/evn/overview.md,bnb-chain/bnb-chain.github.io,repo HEAD commit date 2026-09-20T19:07:47+08:00,2026-09-30T21:23:54Z,git,Q6,bnbdocs-src-validator-evn-overview.txt,raw/bnbdocs-src-validator-evn-overview.md,2030,2cdeda1ba4cbda521880bd9997ea1048ae6e43415b503c7262f96fe831310f8c,
bnbdocs-src-validator-evn-faqs,https://github.com/bnb-chain/bnb-chain.github.io/blob/001ecbc1a8e42bcc97c6578b32c237a12784fb2f/docs/bnb-smart-chain/validator/evn/faqs.md,BNB Chain docs markdown source: validator/evn/faqs.md,bnb-chain/bnb-chain.github.io,repo HEAD commit date 2026-09-20T19:07:47+08:00,2026-09-30T21:23:54Z,git,Q6,bnbdocs-src-validator-evn-faqs.txt,raw/bnbdocs-src-validator-evn-faqs.md,1196,2d3d181d6a54c78377241de1880d8e728810ca336ef008b1b543d9335e8fa51b,
bnbdocs-src-validator-evn-best-practice,https://github.com/bnb-chain/bnb-chain.github.io/blob/001ecbc1a8e42bcc97c6578b32c237a12784fb2f/docs/bnb-smart-chain/validator/evn/best-practice.md,BNB Chain docs markdown source: validator/evn/best-practice.md,bnb-chain/bnb-chain.github.io,repo HEAD commit date 2026-09-20T19:07:47+08:00,2026-09-30T21:23:54Z,git,Q6,bnbdocs-src-validator-evn-best-practice.txt,raw/bnbdocs-src-validator-evn-best-practice.md,5501,4bdf12c4e6e583b8f93fe315ceae073991b3906395e4505036df89165c2e9c10,
bnbdocs-src-faq-lorentz-hard-fork-upgrade,https://github.com/bnb-chain/bnb-chain.github.io/blob/001ecbc1a8e42bcc97c6578b32c237a12784fb2f/docs/bnb-smart-chain/faq/lorentz-hard-fork-upgrade.md,BNB Chain docs markdown source: faq/lorentz-hard-fork-upgrade.md,bnb-chain/bnb-chain.github.io,repo HEAD commit date 2026-09-20T19:07:47+08:00,2026-09-30T21:23:54Z,git,Q6,bnbdocs-src-faq-lorentz-hard-fork-upgrade.txt,raw/bnbdocs-src-faq-lorentz-hard-fork-upgrade.md,3638,705091f55234b5773d34141c1301670e8cc6b11ce3d2ef6f358a0672c6b4fea1,
bnbdocs-src-overview,https://github.com/bnb-chain/bnb-chain.github.io/blob/001ecbc1a8e42bcc97c6578b32c237a12784fb2f/docs/bnb-smart-chain/overview.md,BNB Chain docs markdown source: overview.md,bnb-chain/bnb-chain.github.io,repo HEAD commit date 2026-09-20T19:07:47+08:00,2026-09-30T21:23:54Z,git,Q6,bnbdocs-src-overview.txt,raw/bnbdocs-src-overview.md,2928,3bc05b92ceb28fd4a477a70abdc2f217a5073e8e6e52449ffd5a82377e47754f,
bnbdocs-src-introduction,https://github.com/bnb-chain/bnb-chain.github.io/blob/001ecbc1a8e42bcc97c6578b32c237a12784fb2f/docs/bnb-smart-chain/introduction.md,BNB Chain docs markdown source: introduction.md,bnb-chain/bnb-chain.github.io,repo HEAD commit date 2026-09-20T19:07:47+08:00,2026-09-30T21:23:54Z,git,Q6,bnbdocs-src-introduction.txt,raw/bnbdocs-src-introduction.md,9355,17c76ed02d95a8bca5b38603988d7b930ca3bf6093245a97346ea5d3938b4c6f,
