slug,url,title,authors_or_org,publication_date_if_stated,fetched_at_utc,access_notes,question_lines,kind,text_files,raw_files,status
arxiv-2606.00720-wu-oz-to-wait-or-to-probe,https://arxiv.org/abs/2606.00720v2,To Wait or To Probe: Arbitrage Competition on High-Throughput Blockchains,"Wu, Fei; Öz, Burak","v1 2026/05/30; latest v2; history: Submission history From: Fei Wu [ view email ] [v1] Sat, 30 May 2026 13:07:24 UTC (1,302 KB) [v2] Tue, 4 Aug 2026 13:29:31 UTC (1,303 KB)",2026-09-30T21:55:12Z,html v2 ok; pdf v2 39 pages; required source (docs/ANALYSIS.md 4.1),Q7-CHAINWIDE-METHOD Q7-BASE-21M Q5-CONTEST Q4-OTHERCHAINS,arxiv,texts/arxiv-2606.00720-wu-oz-to-wait-or-to-probe.txt.gz texts/arxiv-2606.00720-wu-oz-to-wait-or-to-probe.pdf.txt.gz,raw/arxiv-2606.00720-wu-oz-to-wait-or-to-probe.abs.html.gz raw/arxiv-2606.00720-wu-oz-to-wait-or-to-probe.html-v2.html.gz raw/arxiv-2606.00720-wu-oz-to-wait-or-to-probe.pdf-v2.pdf.gz,ok
arxiv-2509.22143-messias-torres-timeboost,https://arxiv.org/abs/2509.22143v2,The Express Lane to Spam and Centralization: An Empirical Analysis of Arbitrum's Timeboost,"Messias, Johnnatan; Torres, Christof Ferreira","v1 2025/09/26; latest v2; history: Submission history From: Johnnatan Messias [ view email ] [v1] Fri, 26 Sep 2025 10:02:15 UTC (1,332 KB) [v2] Tue, 21 Jul 2026 09:37:26 UTC (2,784 KB)",2026-09-30T21:55:23Z,html v2 ok; pdf v2 23 pages; required source (docs/ANALYSIS.md 4.1),Q7-CHAINWIDE-METHOD Q7-ARB-4700 Q4-OTHERCHAINS,arxiv,texts/arxiv-2509.22143-messias-torres-timeboost.txt.gz texts/arxiv-2509.22143-messias-torres-timeboost.pdf.txt.gz,raw/arxiv-2509.22143-messias-torres-timeboost.abs.html.gz raw/arxiv-2509.22143-messias-torres-timeboost.html-v2.html.gz raw/arxiv-2509.22143-messias-torres-timeboost.pdf-v2.pdf.gz,ok
arxiv-2607.24172-pahari-messias-torres-there-will-be-spam,https://arxiv.org/abs/2607.24172v1,There Will Be Spam: Characterizing State-Invariant Transactions and Speculative MEV,"Pahari, Vabuk; Messias, Johnnatan; Torres, Christof Ferreira","v1 2026/07/27; latest v1; history: Submission history From: Johnnatan Messias [ view email ] [v1] Mon, 27 Jul 2026 08:54:55 UTC (656 KB)",2026-09-30T21:55:32Z,html v1 ok; pdf v1 22 pages; required source (docs/ANALYSIS.md 4.1),Q7-CHAINWIDE-METHOD Q7-PROFIT-28 Q4-OTHERCHAINS,arxiv,texts/arxiv-2607.24172-pahari-messias-torres-there-will-be-spam.txt.gz texts/arxiv-2607.24172-pahari-messias-torres-there-will-be-spam.pdf.txt.gz,raw/arxiv-2607.24172-pahari-messias-torres-there-will-be-spam.abs.html.gz raw/arxiv-2607.24172-pahari-messias-torres-there-will-be-spam.html-v1.html.gz raw/arxiv-2607.24172-pahari-messias-torres-there-will-be-spam.pdf-v1.pdf.gz,ok
arxiv-2504.13398-yang-qin-yaish-zhang-insecurity-through-obscurity,https://arxiv.org/abs/2504.13398v6,Insecurity Through Obscurity: Veiled Vulnerabilities in Closed-Source Contracts,"Yang, Sen; Qin, Kaihua; Yaish, Aviv; Zhang, Fan","v1 2025/04/18; latest v6; history: Submission history From: Sen Yang [ view email ] [v1] Fri, 18 Apr 2025 01:22:58 UTC (708 KB) [v2] Sun, 8 Jun 2025 23:23:25 UTC (522 KB) [v3] Sun, 7 Sep 2025 14:57:02 UTC (516 KB) [v4] Wed, 10 Jun 2026 17:59:28 UTC (727 KB) [v5] Tue, 4 Aug 2026 00:43:56 UTC (726 KB) [v6] Mon, 10 Aug 2026 00:49:13 UTC (726 KB)",2026-09-30T21:55:42Z,"html v6 ok; pdf v6 20 pages; required source (docs/ANALYSIS.md 4.1: attacks on MEV bots, fake tokens/pools)",Q3-SMALLPOOLS Q5-V4LAUNCH,arxiv,texts/arxiv-2504.13398-yang-qin-yaish-zhang-insecurity-through-obscurity.txt.gz texts/arxiv-2504.13398-yang-qin-yaish-zhang-insecurity-through-obscurity.pdf.txt.gz,raw/arxiv-2504.13398-yang-qin-yaish-zhang-insecurity-through-obscurity.abs.html.gz raw/arxiv-2504.13398-yang-qin-yaish-zhang-insecurity-through-obscurity.html-v6.html.gz raw/arxiv-2504.13398-yang-qin-yaish-zhang-insecurity-through-obscurity.pdf-v6.pdf.gz,ok
arbitrum-forum-aip-pga-transition-incl-entropy-advisors-post7,https://forum.arbitrum.foundation/t/constitutional-aip-transition-arbitrum-one-ordering-policy-to-priority-gas-auctions-pga/30942,[Constitutional] AIP: Transition Arbitrum One ordering policy to Priority Gas Auctions (PGA),"Offchain Labs (opening post); Entropy Advisors (post #7, 2026-06-16T19:47:18Z) and other forum participants",topic created 2026-06-03T16:58:02.829Z,2026-09-30T21:55:45Z,"30 posts; stream ids 30; Entropy Advisors figure (1.74% Arbitrum / 28.83% Ethereum / 7.34% Base) is in post #7 by user 'Entropy' (Entropy Advisors); located via search, see searches.csv",Q5-CONTEST Q7-CHAINWIDE-METHOD Q7-ARB-4700 Q4-OTHERCHAINS,discourse,texts/arbitrum-forum-aip-pga-transition-incl-entropy-advisors-post7.txt.gz,raw/arbitrum-forum-aip-pga-transition-incl-entropy-advisors-post7.topic.json.gz raw/arbitrum-forum-aip-pga-transition-incl-entropy-advisors-post7.raw.md.gz,ok
docs-base-llms-index,https://docs.base.org/llms.txt,,,,2026-09-30T21:55:46Z,"HTTP 200, 46605 bytes, saved unchanged; docs.base.org page index used to locate the Base docs pages below",Q5-CONTEST,text,texts/docs-base-llms-index.txt.gz,raw/docs-base-llms-index.body.txt.gz,ok
docs-base-transaction-ordering,https://docs.base.org/specifications/transactions/transaction-ordering,Transaction Ordering - Base Documentation,,,2026-09-30T21:55:47Z,"HTTP 200, 330295 bytes; the older URLs https://docs.base.org/base-chain/network-information/transaction-ordering and https://docs.base.org/base-chain/network-information/block-building both redirected here on 2026-09-30 (collect/fetch-log.jsonl)",Q5-CONTEST Q5-V4LAUNCH Q6-BSCORDER,html,texts/docs-base-transaction-ordering.txt.gz,raw/docs-base-transaction-ordering.page.html.gz,ok
docs-base-flashblocks,https://docs.base.org/specifications/flashblocks,Flashblocks - Base Documentation,,,2026-09-30T21:55:52Z,"HTTP 200, 408825 bytes; the older URL https://docs.base.org/base-chain/flashblocks/faq redirected here on 2026-09-30 (collect/fetch-log.jsonl)",Q5-CONTEST,html,texts/docs-base-flashblocks.txt.gz,raw/docs-base-flashblocks.page.html.gz,ok
docs-base-network-fees,https://docs.base.org/specifications/transactions/network-fees,Network Fees - Base Documentation,,,2026-09-30T21:55:56Z,"HTTP 200, 350128 bytes",Q5-CONTEST,html,texts/docs-base-network-fees.txt.gz,raw/docs-base-network-fees.page.html.gz,ok
docs-base-fees-ordering-lifecycle,https://docs.base.org/specifications/build-transaction/fees-ordering-and-lifecycle,"Fees, Ordering, and Lifecycle - Base Documentation",,,2026-09-30T21:55:58Z,"HTTP 200, 318613 bytes",Q5-CONTEST,html,texts/docs-base-fees-ordering-lifecycle.txt.gz,raw/docs-base-fees-ordering-lifecycle.page.html.gz,ok
docs-base-eth-maxpriorityfeepergas,https://docs.base.org/base-chain/api-reference/ethereum-json-rpc-api/eth_maxPriorityFeePerGas,eth_maxPriorityFeePerGas - Base Documentation,,,2026-09-30T21:55:59Z,"HTTP 200, 347753 bytes",Q5-CONTEST,html,texts/docs-base-eth-maxpriorityfeepergas.txt.gz,raw/docs-base-eth-maxpriorityfeepergas.page.html.gz,ok
docs-base-denim-overview,https://docs.base.org/upgrades/denim/overview,Overview - Base Documentation,,,2026-09-30T21:56:01Z,"HTTP 200, 325474 bytes",Q5-CONTEST Q8-V4MEASURE,html,texts/docs-base-denim-overview.txt.gz,raw/docs-base-denim-overview.page.html.gz,ok
docs-base-denim-200ms-blocks,https://docs.base.org/upgrades/denim/200ms-blocks,200ms Native Blocks - Base Documentation,,,2026-09-30T21:56:03Z,"HTTP 200, 422308 bytes",Q5-CONTEST Q8-V4MEASURE,html,texts/docs-base-denim-200ms-blocks.txt.gz,raw/docs-base-denim-200ms-blocks.page.html.gz,ok
docs-base-denim-migrate-from-flashblocks,https://docs.base.org/upgrades/denim/migrate-from-flashblocks,Migrate From Flashblocks - Base Documentation,,,2026-09-30T21:56:04Z,"HTTP 200, 329471 bytes",Q5-CONTEST,html,texts/docs-base-denim-migrate-from-flashblocks.txt.gz,raw/docs-base-denim-migrate-from-flashblocks.page.html.gz,ok
docs-base-jovian-exec-engine,https://docs.base.org/upgrades/jovian/exec-engine,Jovian: Execution Engine - Base Documentation,,,2026-09-30T21:56:06Z,"HTTP 200, 416628 bytes",Q5-CONTEST,html,texts/docs-base-jovian-exec-engine.txt.gz,raw/docs-base-jovian-exec-engine.page.html.gz,ok
blog-base-accelerating-base-with-flashblocks,https://blog.base.dev/accelerating-base-with-flashblocks,We’re making Base 10x faster with Flashblocks,Base Engineering Team,2025-05-15T16:49:07.978Z,2026-09-30T21:56:09Z,"HTTP 200, 240609 bytes",Q5-CONTEST,html,texts/blog-base-accelerating-base-with-flashblocks.txt.gz,raw/blog-base-accelerating-base-with-flashblocks.page.html.gz,ok
