topic0,signature,protocol,source_url
0xd78ad95fa46c994b6551d0da85fc275fe613ce37657fb8d5e3d130840159d822,"Swap(address,uint256,uint256,uint256,uint256,address)","Uniswap V2 and forks (SushiSwap V2, BaseSwap, SwapBased, Solidly V1-style)",https://github.com/Uniswap/v2-core/blob/master/contracts/interfaces/IUniswapV2Pair.sol
0xc42079f94a6350d7e6235f29174924f928cc2ac818eb64fed8004e115fbcca67,"Swap(address,address,int256,int256,uint160,uint128,int24)","Uniswap V3 / Aerodrome Slipstream / Sushi V3 / Algebra (v1, Integral 1.0) / Kyber Elastic",https://github.com/Uniswap/v3-core/blob/main/contracts/interfaces/pool/IUniswapV3PoolEvents.sol
0x19b47279256b2a23a1665c810c8d55a1758940ee09377d4f8d26497a3577dc83,"Swap(address,address,int256,int256,uint160,uint128,int24,uint128,uint128)",PancakeSwap V3,https://github.com/pancakeswap/pancake-v3-contracts/blob/main/projects/v3-core/contracts/interfaces/pool/IPancakeV3PoolEvents.sol
0xb3e2773606abfd36b5bd91394b3a54d1398336c65005baf7bf7a05efeffaf75b,"Swap(address,address,uint256,uint256,uint256,uint256)",Aerodrome / Velodrome V2 (Solidly V2-style),https://github.com/aerodrome-finance/contracts/blob/main/contracts/interfaces/IPool.sol
0x40e9cecb9f5f1f1c5b9c97dec2917b7ee92e57ba5563708daca94dd84ad7112f,"Swap(bytes32,address,int128,int128,uint160,uint128,int24,uint24)",Uniswap V4 PoolManager,https://github.com/Uniswap/v4-core/blob/main/src/interfaces/IPoolManager.sol
0x2170c741c41531aec20e7c107c24eecfdd15e69c9bb0a8dd37b1840b9e0b207b,"Swap(bytes32,address,address,uint256,uint256)",Balancer V2 Vault,https://github.com/balancer/balancer-v2-monorepo/blob/master/pkg/interfaces/contracts/vault/IVault.sol
0x0874b2d545cb271cdbda4e093020c452328b24af12382ed62c4d00f5c26709db,"Swap(address,address,address,uint256,uint256,uint256,uint256)",Balancer V3 Vault,https://github.com/balancer/balancer-v3-monorepo/blob/main/pkg/interfaces/contracts/vault/IVaultEvents.sol
0x8b3e96f2b889fa771c53c981b40daf005f63f637f1869f707052d15a3dd97140,"TokenExchange(address,int128,uint256,int128,uint256)",Curve StableSwap / StableSwap-NG (int128 indices),https://github.com/curvefi/stableswap-ng/blob/main/contracts/main/CurveStableSwapNG.vy
0xb2e76ae99761dc136e598d4a629bb347eccb9532a5f8bbd72e18467c3c34cc98,"TokenExchange(address,uint256,uint256,uint256,uint256)",Curve CryptoSwap v2 (uint256 indices),https://github.com/curvefi/curve-crypto-contract/blob/master/contracts/two/CurveCryptoSwap2ETH.vy
0x143f1f8e861fbdeddd5b46e844b7d3ac7b86a122f36e8c463859ee6811b1f29c,"TokenExchange(address,uint256,uint256,uint256,uint256,uint256,uint256)","Curve Tricrypto-NG / Twocrypto-NG (uint256 indices, fee, packed_price_scale)",https://github.com/curvefi/twocrypto-ng/blob/main/contracts/main/CurveTwocryptoOptimized.vy
0xd013ca23e77a65003c2c659c5442c00c805371b7fc1ebd4c206c41d1536bd90b,"TokenExchangeUnderlying(address,int128,uint256,int128,uint256)",Curve metapool / lending pool TokenExchangeUnderlying,https://github.com/curvefi/stableswap-ng/blob/main/contracts/main/CurveStableSwapMetaNG.vy
0x103ed084e94a44c8f5f6ba8e3011507c41063177e29949083c439777d8d63f60,"PoolSwap(address,address,(uint256,bool,bool,int32),uint256,uint256)",Maverick V2 pool,https://github.com/maverickprotocol/v2-common (IMaverickV2Pool.PoolSwap)
0x3b841dc9ab51e3104bda4f61b41e4271192d22cd19da5ee6e292dc8e2744f713,"Swap(address,address,bool,bool,uint256,uint256,int32)",Maverick V1 pool,https://docs.mav.xyz (Maverick V1 IPool.Swap)
0xad7d6f97abf51ce18e17a38f4d70e975be9c0708474987bb3e26ad21bd93ca70,"Swap(address,address,uint24,bytes32,bytes32,uint24,bytes32,bytes32)",Trader Joe Liquidity Book v2.1/v2.2 pair,https://github.com/traderjoe-xyz/joe-v2/blob/main/src/interfaces/ILBPair.sol
0xc2c0245e056d5fb095f04cd6373bc770802ebd1e6c918eb78fdef843cdb37b0f,"DODOSwap(address,address,uint256,uint256,address,address)",DODO V2 (DVM/DPP/DSP),https://github.com/DODOEX/contractV2/blob/main/contracts/DODOVendingMachine/impl/DVMTrader.sol
0x0e8e403c2d36126272b08c75823e988381d9dc47f2f0a9a080d95f891d95c469,"WooSwap(address,address,uint256,uint256,address,address,address,uint256,uint256)",WOOFi WooPPV2,https://github.com/woonetwork/WooPoolV2/blob/main/contracts/interfaces/IWooPPV2.sol
0xdc004dbca4ef9c966218431ee5d9133d337ad018dd5b5c5493722803f75c64f7,"Swap(bool,uint256,uint256,address)",Fluid DEX (T1 pool),https://github.com/Instadapp/fluid-contracts-public/blob/main/contracts/protocols/dex/poolT1/coreModule/core/main.sol
0x121cb44ee54098b1a04743c487e7460d8dd429b27f88b1f4d4767396e1a59f79,"Swap(address,address,int256,int256,uint160,uint128,int24,uint24,uint24)","Algebra Integral v1.2+ (overrideFee, pluginFee) forks",https://github.com/cryptoalgebra/Algebra/blob/master/src/core/contracts/interfaces/pool/IAlgebraPoolEvents.sol
0x0fe977d619f8172f7fdbe8bb8928ef80952817d96936509f67d66346bc4cd10f,"Swap(address,address,uint24,bool,uint256,uint256,int24)",iZiSwap pool,https://github.com/izumiFinance/iZiSwap-core/blob/main/contracts/iZiSwapPool.sol
0x95f3b01351225fea0e69a46f68b164c9dea10284f12cd4a907ce66510ab7af6a,"TokensTraded(address,address,address,uint256,uint256,uint128,bool)",Carbon DeFi (Bancor) CarbonController,https://github.com/bancorprotocol/carbon-contracts/blob/main/contracts/carbon/CarbonController.sol
0x365f10e9e7ce45d7acfd986c42e0b666f8af282e440e6dafc78c1f2b2f786760,"HookSwap(bytes32,address,int128,int128,uint128,uint128)",Uniswap V4 custom-accounting hooks (OpenZeppelin uniswap-hooks standard HookSwap event),https://github.com/OpenZeppelin/uniswap-hooks/blob/master/src/base/BaseCustomAccounting.sol
0x29872dc2e2809dc7d8459fd64fb6e18706672460bb269dfc6d855d6560d29bb6,"Swap(address,uint256,uint256,uint256,uint256,address,address)",UniV2-fork variant with extra address field,(candidate; searched on Base only)
0x04206ad2b7c0f463bff3dd4f33c5735b0f2957a351e4f79763a4fa9e775dd237,"Swap(bytes32,address,int128,int128,uint160,uint128,int24,uint24,uint16)",PancakeSwap Infinity CLPoolManager,https://github.com/pancakeswap/infinity-core/blob/main/src/pool-cl/interfaces/ICLPoolManager.sol
0xefce44603748d0427b3ebdff9018999a004811d9cfe45e6bbf7357b2547bae50,"Swap(bytes32,address,uint24,bytes32,uint24,uint16)",PancakeSwap Infinity BinPoolManager,https://github.com/pancakeswap/infinity-core/blob/main/src/pool-bin/interfaces/IBinPoolManager.sol
0x4be05c8d54f5e056ab2cfa033e9f582057001268c3e28561bb999d35d2c8f2c8,"Swapped(address,address,address,uint256,uint256,bytes)",Clipper exchange,https://github.com/shipyard-software/clipper-contracts (ClipperCommonExchange.Swapped)
0xa4228e1eb11eb9b31069d9ed20e7af9a010ca1a02d4855cee54e08e188fcc32c,"Swap(address,address,int256,int256)",SmarDex pair,https://github.com/SmarDex-Ecosystem/smardex-contracts (ISmardexPair.Swap)
