file,bytes,rows,min_block,max_block
blocks.csv.gz,1251161,21552,51995609,52017160
data/candidates-bf-0001.jsonl.gz,89975717,76441,51995609,51998168
data/candidates-bf-0002.jsonl.gz,13046151,10537,51998169,51998608
data/candidates-bf2-0001.jsonl.gz,89469113,73724,52000000,52003079
data/candidates-bf2-0002.jsonl.gz,89615211,66992,52003080,52005799
data/candidates-bf2-0003.jsonl.gz,14738382,10984,52005800,52006399
data/candidates-bf3-0001.jsonl.gz,36328805,30655,51998800,51999999
data/candidates-bf4-0001.jsonl.gz,6054063,4782,51998609,51998799
data/candidates-fw-0001.jsonl.gz,89487257,69820,52006400,52010049
data/candidates-fw-0002.jsonl.gz,89390492,73318,52010050,52014129
data/candidates-fw-0003.jsonl.gz,72296298,63910,52014130,52017160
data/candidates-gf1-0001.jsonl.gz,48166,20,51998605,51998605
data/provenance-bf-0001.csv.gz,10500,2039,51996569,51998608
data/provenance-bf2-0001.csv.gz,35866,6400,52000000,52006399
data/provenance-bf3-0001.csv.gz,6737,1200,51998800,51999999
data/provenance-bf4-0001.csv.gz,1125,191,51998609,51998799
data/provenance-fw-0001.csv.gz,206251,10479,52006682,52017160
data/provenance-gf1-0001.csv.gz,137,1,51998605,51998605
data/reverted-bf-0001.csv.gz,5586973,75416,51995609,51998608
data/reverted-bf2-0001.csv.gz,9526923,150436,52000000,52006399
data/reverted-bf3-0001.csv.gz,2414348,36117,51998800,51999999
data/reverted-bf4-0001.csv.gz,391189,5828,51998609,51998799
data/reverted-fw-0001.csv.gz,15844055,249815,52006400,52017160
data/reverted-gf1-0001.csv.gz,1246,16,51998605,51998605
data/txs-bf-0001.csv.gz,68710314,849509,51995609,51998608
data/txs-bf2-0001.csv.gz,89183753,1136687,52000000,52005559
data/txs-bf2-0002.csv.gz,11671888,152007,52005560,52006399
data/txs-bf3-0001.csv.gz,22944030,288165,51998800,51999999
data/txs-bf4-0001.csv.gz,3502280,43633,51998609,51998799
data/txs-fw-0001.csv.gz,89187758,1132643,52006400,52012719
data/txs-fw-0002.csv.gz,62363641,810133,52012720,52017160
data/txs-gf1-0001.csv.gz,15894,185,51998605,51998605
